key,0,1,2,3,4,5,6,7,8,9,10,11,12,13,14,15,16,17,18,19,20,21,22,23,24,25,26,27,28,29
#,,RequiredLevel,,Icon,,Name,Cutscene[0],Cutscene[1],Cutscene[2],Cutscene[3],Cutscene[4],Cutscene[5],Cutscene[6],Cutscene[7],Cutscene[8],Cutscene[9],Cutscene[10],Cutscene[11],Cutscene[12],Cutscene[13],Cutscene[14],Cutscene[15],Cutscene[16],Cutscene[17],Cutscene[18],Cutscene[19],Cutscene[20],Cutscene[21],Cutscene[22],Cutscene[23]
int32,uint32,uint16,byte,Image,uint32,str,Cutscene,Cutscene,Cutscene,Cutscene,Cutscene,Cutscene,Cutscene,Cutscene,Cutscene,Cutscene,Cutscene,Cutscene,Cutscene,Cutscene,Cutscene,Cutscene,Cutscene,Cutscene,Cutscene,Cutscene,Cutscene,Cutscene,Cutscene,Cutscene
0,0,0,0,0,0,"",0,0,0,0,0,0,0,0,0,0,0,0,0,0,0,0,0,0,0,0,0,0,0,0
1,0,0,0,0,0,"",0,0,0,0,0,0,0,0,0,0,0,0,0,0,0,0,0,0,0,0,0,0,0,0
2,0,0,0,0,0,"",0,0,0,0,0,0,0,0,0,0,0,0,0,0,0,0,0,0,0,0,0,0,0,0
3,0,0,0,0,0,"",0,0,0,0,0,0,0,0,0,0,0,0,0,0,0,0,0,0,0,0,0,0,0,0
4,0,0,0,0,0,"",0,0,0,0,0,0,0,0,0,0,0,0,0,0,0,0,0,0,0,0,0,0,0,0
5,0,0,0,0,0,"",0,0,0,0,0,0,0,0,0,0,0,0,0,0,0,0,0,0,0,0,0,0,0,0
6,0,0,0,0,0,"",0,0,0,0,0,0,0,0,0,0,0,0,0,0,0,0,0,0,0,0,0,0,0,0
7,0,0,0,0,0,"",0,0,0,0,0,0,0,0,0,0,0,0,0,0,0,0,0,0,0,0,0,0,0,0
8,0,0,0,0,0,"",0,0,0,0,0,0,0,0,0,0,0,0,0,0,0,0,0,0,0,0,0,0,0,0
9,0,0,0,0,0,"",0,0,0,0,0,0,0,0,0,0,0,0,0,0,0,0,0,0,0,0,0,0,0,0
10,0,0,0,0,0,"",0,0,0,0,0,0,0,0,0,0,0,0,0,0,0,0,0,0,0,0,0,0,0,0
11,0,0,0,0,0,"",0,0,0,0,0,0,0,0,0,0,0,0,0,0,0,0,0,0,0,0,0,0,0,0
12,662,0,0,0,0,"",0,0,0,0,0,0,0,0,0,0,0,0,0,0,0,0,0,0,0,0,0,0,0,0
13,663,0,0,0,0,"",0,0,0,0,0,0,0,0,0,0,0,0,0,0,0,0,0,0,0,0,0,0,0,0
14,664,0,0,0,0,"",0,0,0,0,0,0,0,0,0,0,0,0,0,0,0,0,0,0,0,0,0,0,0,0
15,665,0,0,0,0,"",0,0,0,0,0,0,0,0,0,0,0,0,0,0,0,0,0,0,0,0,0,0,0,0
16,666,0,0,0,0,"",0,0,0,0,0,0,0,0,0,0,0,0,0,0,0,0,0,0,0,0,0,0,0,0
17,667,0,0,0,0,"",0,0,0,0,0,0,0,0,0,0,0,0,0,0,0,0,0,0,0,0,0,0,0,0
18,668,0,0,0,0,"",0,0,0,0,0,0,0,0,0,0,0,0,0,0,0,0,0,0,0,0,0,0,0,0
19,669,0,0,0,0,"",0,0,0,0,0,0,0,0,0,0,0,0,0,0,0,0,0,0,0,0,0,0,0,0
20,670,0,0,0,0,"",0,0,0,0,0,0,0,0,0,0,0,0,0,0,0,0,0,0,0,0,0,0,0,0
21,671,0,0,0,0,"",0,0,0,0,0,0,0,0,0,0,0,0,0,0,0,0,0,0,0,0,0,0,0,0
22,672,0,0,0,0,"",0,0,0,0,0,0,0,0,0,0,0,0,0,0,0,0,0,0,0,0,0,0,0,0
23,673,0,0,0,0,"",0,0,0,0,0,0,0,0,0,0,0,0,0,0,0,0,0,0,0,0,0,0,0,0
24,836,0,0,0,0,"",0,0,0,0,0,0,0,0,0,0,0,0,0,0,0,0,0,0,0,0,0,0,0,0
25,837,0,0,0,0,"",0,0,0,0,0,0,0,0,0,0,0,0,0,0,0,0,0,0,0,0,0,0,0,0
26,841,0,0,0,0,"",0,0,0,0,0,0,0,0,0,0,0,0,0,0,0,0,0,0,0,0,0,0,0,0
27,842,0,0,0,0,"",0,0,0,0,0,0,0,0,0,0,0,0,0,0,0,0,0,0,0,0,0,0,0,0
28,846,0,0,0,0,"",0,0,0,0,0,0,0,0,0,0,0,0,0,0,0,0,0,0,0,0,0,0,0,0
29,847,0,0,0,0,"",0,0,0,0,0,0,0,0,0,0,0,0,0,0,0,0,0,0,0,0,0,0,0,0
30,851,0,0,0,0,"",0,0,0,0,0,0,0,0,0,0,0,0,0,0,0,0,0,0,0,0,0,0,0,0
31,852,0,0,0,0,"",0,0,0,0,0,0,0,0,0,0,0,0,0,0,0,0,0,0,0,0,0,0,0,0
32,856,0,0,0,0,"",0,0,0,0,0,0,0,0,0,0,0,0,0,0,0,0,0,0,0,0,0,0,0,0
33,857,0,0,0,0,"",0,0,0,0,0,0,0,0,0,0,0,0,0,0,0,0,0,0,0,0,0,0,0,0
34,861,0,0,0,0,"",0,0,0,0,0,0,0,0,0,0,0,0,0,0,0,0,0,0,0,0,0,0,0,0
35,862,0,0,0,0,"",0,0,0,0,0,0,0,0,0,0,0,0,0,0,0,0,0,0,0,0,0,0,0,0
36,866,0,0,0,0,"",0,0,0,0,0,0,0,0,0,0,0,0,0,0,0,0,0,0,0,0,0,0,0,0
37,867,0,0,0,0,"",0,0,0,0,0,0,0,0,0,0,0,0,0,0,0,0,0,0,0,0,0,0,0,0
38,876,0,0,0,0,"",0,0,0,0,0,0,0,0,0,0,0,0,0,0,0,0,0,0,0,0,0,0,0,0
39,0,0,0,0,0,"",0,0,0,0,0,0,0,0,0,0,0,0,0,0,0,0,0,0,0,0,0,0,0,0
40,0,0,0,0,0,"",0,0,0,0,0,0,0,0,0,0,0,0,0,0,0,0,0,0,0,0,0,0,0,0
41,101,1,0,62309,0,"So You Want to Be a Rogue",0,0,0,0,0,0,0,0,0,0,0,0,0,0,0,0,0,0,0,0,0,0,0,0
42,177,1,0,62301,0,"So You Want to Be a Gladiator",0,0,0,0,0,0,0,0,0,0,0,0,0,0,0,0,0,0,0,0,0,0,0,0
43,178,1,0,62302,0,"So You Want to Be a Pugilist",0,0,0,0,0,0,0,0,0,0,0,0,0,0,0,0,0,0,0,0,0,0,0,0
44,179,1,0,62303,0,"So You Want to Be a Marauder",0,0,0,0,0,0,0,0,0,0,0,0,0,0,0,0,0,0,0,0,0,0,0,0
45,180,1,0,62304,0,"So You Want to Be a Lancer",0,0,0,0,0,0,0,0,0,0,0,0,0,0,0,0,0,0,0,0,0,0,0,0
46,181,1,0,62305,0,"So You Want to Be an Archer",0,0,0,0,0,0,0,0,0,0,0,0,0,0,0,0,0,0,0,0,0,0,0,0
47,182,1,0,62306,0,"So You Want to Be a Conjurer",0,0,0,0,0,0,0,0,0,0,0,0,0,0,0,0,0,0,0,0,0,0,0,0
48,183,1,0,62307,0,"So You Want to Be a Thaumaturge",0,0,0,0,0,0,0,0,0,0,0,0,0,0,0,0,0,0,0,0,0,0,0,0
49,184,1,0,62310,0,"So You Want to Be a Carpenter",0,0,0,0,0,0,0,0,0,0,0,0,0,0,0,0,0,0,0,0,0,0,0,0
50,185,1,0,62311,0,"So You Want to Be a Blacksmith",0,0,0,0,0,0,0,0,0,0,0,0,0,0,0,0,0,0,0,0,0,0,0,0
51,186,1,0,62312,0,"So You Want to Be an Armorer",0,0,0,0,0,0,0,0,0,0,0,0,0,0,0,0,0,0,0,0,0,0,0,0
52,187,1,0,62313,0,"So You Want to Be a Goldsmith",0,0,0,0,0,0,0,0,0,0,0,0,0,0,0,0,0,0,0,0,0,0,0,0
53,188,1,0,62314,0,"So You Want to Be a Leatherworker",0,0,0,0,0,0,0,0,0,0,0,0,0,0,0,0,0,0,0,0,0,0,0,0
54,189,1,0,62315,0,"So You Want to Be a Weaver",0,0,0,0,0,0,0,0,0,0,0,0,0,0,0,0,0,0,0,0,0,0,0,0
55,190,1,0,62316,0,"So You Want to Be an Alchemist",0,0,0,0,0,0,0,0,0,0,0,0,0,0,0,0,0,0,0,0,0,0,0,0
56,191,1,0,62317,0,"So You Want to Be a Culinarian",0,0,0,0,0,0,0,0,0,0,0,0,0,0,0,0,0,0,0,0,0,0,0,0
57,192,1,0,62318,0,"So You Want to Be a Miner",0,0,0,0,0,0,0,0,0,0,0,0,0,0,0,0,0,0,0,0,0,0,0,0
58,193,1,0,62319,0,"So You Want to Be a Botanist",0,0,0,0,0,0,0,0,0,0,0,0,0,0,0,0,0,0,0,0,0,0,0,0
59,0,0,0,0,0,"",0,0,0,0,0,0,0,0,0,0,0,0,0,0,0,0,0,0,0,0,0,0,0,0
60,0,0,0,0,0,"",0,0,0,0,0,0,0,0,0,0,0,0,0,0,0,0,0,0,0,0,0,0,0,0
61,0,0,0,0,0,"",0,0,0,0,0,0,0,0,0,0,0,0,0,0,0,0,0,0,0,0,0,0,0,0
62,0,0,0,0,0,"",0,0,0,0,0,0,0,0,0,0,0,0,0,0,0,0,0,0,0,0,0,0,0,0
63,0,0,0,0,0,"",0,0,0,0,0,0,0,0,0,0,0,0,0,0,0,0,0,0,0,0,0,0,0,0
64,451,1,0,62308,0,"So You Want to Be an Arcanist",0,0,0,0,0,0,0,0,0,0,0,0,0,0,0,0,0,0,0,0,0,0,0,0
65,0,0,0,0,0,"",0,0,0,0,0,0,0,0,0,0,0,0,0,0,0,0,0,0,0,0,0,0,0,0
66,0,0,0,0,0,"",0,0,0,0,0,0,0,0,0,0,0,0,0,0,0,0,0,0,0,0,0,0,0,0
67,0,0,0,0,0,"",0,0,0,0,0,0,0,0,0,0,0,0,0,0,0,0,0,0,0,0,0,0,0,0
68,0,0,0,0,0,"",0,0,0,0,0,0,0,0,0,0,0,0,0,0,0,0,0,0,0,0,0,0,0,0
69,0,0,0,0,0,"",0,0,0,0,0,0,0,0,0,0,0,0,0,0,0,0,0,0,0,0,0,0,0,0
70,0,0,0,0,0,"",0,0,0,0,0,0,0,0,0,0,0,0,0,0,0,0,0,0,0,0,0,0,0,0
71,0,0,0,0,0,"",0,0,0,0,0,0,0,0,0,0,0,0,0,0,0,0,0,0,0,0,0,0,0,0
72,0,0,0,0,0,"",0,0,0,0,0,0,0,0,0,0,0,0,0,0,0,0,0,0,0,0,0,0,0,0
73,0,0,0,0,0,"",0,0,0,0,0,0,0,0,0,0,0,0,0,0,0,0,0,0,0,0,0,0,0,0
74,0,0,0,0,0,"",0,0,0,0,0,0,0,0,0,0,0,0,0,0,0,0,0,0,0,0,0,0,0,0
75,0,0,0,0,0,"",0,0,0,0,0,0,0,0,0,0,0,0,0,0,0,0,0,0,0,0,0,0,0,0
76,0,0,0,0,0,"",0,0,0,0,0,0,0,0,0,0,0,0,0,0,0,0,0,0,0,0,0,0,0,0
77,0,0,0,0,0,"",0,0,0,0,0,0,0,0,0,0,0,0,0,0,0,0,0,0,0,0,0,0,0,0
78,0,0,0,0,0,"",0,0,0,0,0,0,0,0,0,0,0,0,0,0,0,0,0,0,0,0,0,0,0,0
79,0,0,0,0,0,"",0,0,0,0,0,0,0,0,0,0,0,0,0,0,0,0,0,0,0,0,0,0,0,0
80,0,0,0,0,0,"",0,0,0,0,0,0,0,0,0,0,0,0,0,0,0,0,0,0,0,0,0,0,0,0
81,0,0,0,0,0,"",0,0,0,0,0,0,0,0,0,0,0,0,0,0,0,0,0,0,0,0,0,0,0,0
82,0,0,0,0,0,"",0,0,0,0,0,0,0,0,0,0,0,0,0,0,0,0,0,0,0,0,0,0,0,0
83,0,0,0,0,0,"",0,0,0,0,0,0,0,0,0,0,0,0,0,0,0,0,0,0,0,0,0,0,0,0
84,0,0,0,0,0,"",0,0,0,0,0,0,0,0,0,0,0,0,0,0,0,0,0,0,0,0,0,0,0,0
85,0,0,0,0,0,"",0,0,0,0,0,0,0,0,0,0,0,0,0,0,0,0,0,0,0,0,0,0,0,0
86,1134,1,0,62320,0,"So You Want to Be a Fisher",0,0,0,0,0,0,0,0,0,0,0,0,0,0,0,0,0,0,0,0,0,0,0,0
87,0,0,0,0,0,"",0,0,0,0,0,0,0,0,0,0,0,0,0,0,0,0,0,0,0,0,0,0,0,0
88,0,0,0,0,0,"",0,0,0,0,0,0,0,0,0,0,0,0,0,0,0,0,0,0,0,0,0,0,0,0
89,0,0,0,0,0,"",0,0,0,0,0,0,0,0,0,0,0,0,0,0,0,0,0,0,0,0,0,0,0,0
90,0,0,0,0,0,"",0,0,0,0,0,0,0,0,0,0,0,0,0,0,0,0,0,0,0,0,0,0,0,0
91,0,0,0,0,0,"",0,0,0,0,0,0,0,0,0,0,0,0,0,0,0,0,0,0,0,0,0,0,0,0
92,0,0,0,0,0,"",0,0,0,0,0,0,0,0,0,0,0,0,0,0,0,0,0,0,0,0,0,0,0,0
93,0,0,0,0,0,"",0,0,0,0,0,0,0,0,0,0,0,0,0,0,0,0,0,0,0,0,0,0,0,0
94,0,0,0,0,0,"",0,0,0,0,0,0,0,0,0,0,0,0,0,0,0,0,0,0,0,0,0,0,0,0
95,0,0,0,0,0,"",0,0,0,0,0,0,0,0,0,0,0,0,0,0,0,0,0,0,0,0,0,0,0,0
96,2943,1,0,61419,0,"Songs in the Key of Kugane",0,0,0,0,0,0,0,0,0,0,0,0,0,0,0,0,0,0,0,0,0,0,0,0
97,0,0,0,0,0,"",0,0,0,0,0,0,0,0,0,0,0,0,0,0,0,0,0,0,0,0,0,0,0,0
98,3662,1,0,61419,0,"Minstrel from Another Mother",0,0,0,0,0,0,0,0,0,0,0,0,0,0,0,0,0,0,0,0,0,0,0,0
99,3739,1,0,61411,0,"",0,0,0,0,0,0,0,0,0,0,0,0,0,0,0,0,0,0,0,0,0,0,0,0
100,3740,1,0,61411,0,"",0,0,0,0,0,0,0,0,0,0,0,0,0,0,0,0,0,0,0,0,0,0,0,0
101,3741,1,0,61411,0,"",0,0,0,0,0,0,0,0,0,0,0,0,0,0,0,0,0,0,0,0,0,0,0,0
102,3742,1,0,61411,0,"",0,0,0,0,0,0,0,0,0,0,0,0,0,0,0,0,0,0,0,0,0,0,0,0
103,3743,1,0,61411,0,"",0,0,0,0,0,0,0,0,0,0,0,0,0,0,0,0,0,0,0,0,0,0,0,0
104,3744,1,0,61411,0,"",0,0,0,0,0,0,0,0,0,0,0,0,0,0,0,0,0,0,0,0,0,0,0,0
105,3745,1,0,61411,0,"",0,0,0,0,0,0,0,0,0,0,0,0,0,0,0,0,0,0,0,0,0,0,0,0
106,3746,1,0,61411,0,"",0,0,0,0,0,0,0,0,0,0,0,0,0,0,0,0,0,0,0,0,0,0,0,0
107,3747,1,0,61411,0,"",0,0,0,0,0,0,0,0,0,0,0,0,0,0,0,0,0,0,0,0,0,0,0,0
108,3748,1,0,61411,0,"",0,0,0,0,0,0,0,0,0,0,0,0,0,0,0,0,0,0,0,0,0,0,0,0
109,3749,1,0,61411,0,"",0,0,0,0,0,0,0,0,0,0,0,0,0,0,0,0,0,0,0,0,0,0,0,0
110,3759,1,0,61419,0,"Memories Rekindled",0,0,0,0,0,0,0,0,0,0,0,0,0,0,0,0,0,0,0,0,0,0,0,0
111,3760,1,0,61411,0,"The Mendicant's Court",0,0,0,0,0,0,0,0,0,0,0,0,0,0,0,0,0,0,0,0,0,0,0,0
112,3841,1,0,61411,0,"The New Nest",0,0,0,0,0,0,0,0,0,0,0,0,0,0,0,0,0,0,0,0,0,0,0,0
113,3930,1,0,61411,0,"",0,0,0,0,0,0,0,0,0,0,0,0,0,0,0,0,0,0,0,0,0,0,0,0
114,3931,1,0,61411,0,"",0,0,0,0,0,0,0,0,0,0,0,0,0,0,0,0,0,0,0,0,0,0,0,0
115,3932,1,0,61411,0,"",0,0,0,0,0,0,0,0,0,0,0,0,0,0,0,0,0,0,0,0,0,0,0,0
116,3933,1,0,61411,0,"",0,0,0,0,0,0,0,0,0,0,0,0,0,0,0,0,0,0,0,0,0,0,0,0
117,3934,1,0,61411,0,"",0,0,0,0,0,0,0,0,0,0,0,0,0,0,0,0,0,0,0,0,0,0,0,0
118,3935,1,0,61411,0,"",0,0,0,0,0,0,0,0,0,0,0,0,0,0,0,0,0,0,0,0,0,0,0,0
119,3936,1,0,61411,0,"",0,0,0,0,0,0,0,0,0,0,0,0,0,0,0,0,0,0,0,0,0,0,0,0
120,3937,1,0,61411,0,"",0,0,0,0,0,0,0,0,0,0,0,0,0,0,0,0,0,0,0,0,0,0,0,0
121,3938,1,0,61411,0,"",0,0,0,0,0,0,0,0,0,0,0,0,0,0,0,0,0,0,0,0,0,0,0,0
122,3939,1,0,61411,0,"",0,0,0,0,0,0,0,0,0,0,0,0,0,0,0,0,0,0,0,0,0,0,0,0
123,3940,1,0,61411,0,"",0,0,0,0,0,0,0,0,0,0,0,0,0,0,0,0,0,0,0,0,0,0,0,0
124,3972,1,0,61411,0,"Featherfall",0,0,0,0,0,0,0,0,0,0,0,0,0,0,0,0,0,0,0,0,0,0,0,0
125,4030,1,0,61419,0,"Open and Inviting",0,0,0,0,0,0,0,0,0,0,0,0,0,0,0,0,0,0,0,0,0,0,0,0
126,4042,1,0,61411,0,"The Risensong Quarter",0,0,0,0,0,0,0,0,0,0,0,0,0,0,0,0,0,0,0,0,0,0,0,0
127,4044,1,0,61419,0,"A Message from Konogg",0,0,0,0,0,0,0,0,0,0,0,0,0,0,0,0,0,0,0,0,0,0,0,0
128,4045,1,0,61419,0,"Dwarves of a Beard",0,0,0,0,0,0,0,0,0,0,0,0,0,0,0,0,0,0,0,0,0,0,0,0
129,4046,1,0,61419,0,"Strange Glagg",0,0,0,0,0,0,0,0,0,0,0,0,0,0,0,0,0,0,0,0,0,0,0,0
130,4047,1,0,61419,0,"Dwarves of a Beard Freshened",0,0,0,0,0,0,0,0,0,0,0,0,0,0,0,0,0,0,0,0,0,0,0,0
131,4048,1,0,61419,0,"Stranger Glagg",0,0,0,0,0,0,0,0,0,0,0,0,0,0,0,0,0,0,0,0,0,0,0,0
132,4049,1,0,61419,0,"All's Well That Ends with Ale",2510,0,0,0,0,0,0,0,0,0,0,0,0,0,0,0,0,0,0,0,0,0,0,0
133,4171,1,0,61419,0,"I Wandered Sharlayan as a Minstrel",0,0,0,0,0,0,0,0,0,0,0,0,0,0,0,0,0,0,0,0,0,0,0,0
134,5004,1,0,61419,0,"How the West Was Sung",0,0,0,0,0,0,0,0,0,0,0,0,0,0,0,0,0,0,0,0,0,0,0,0
135,0,0,0,0,0,"",0,0,0,0,0,0,0,0,0,0,0,0,0,0,0,0,0,0,0,0,0,0,0,0
136,0,0,0,0,0,"",0,0,0,0,0,0,0,0,0,0,0,0,0,0,0,0,0,0,0,0,0,0,0,0
137,0,0,0,0,0,"",0,0,0,0,0,0,0,0,0,0,0,0,0,0,0,0,0,0,0,0,0,0,0,0
138,0,0,0,0,0,"",0,0,0,0,0,0,0,0,0,0,0,0,0,0,0,0,0,0,0,0,0,0,0,0
139,0,0,0,0,0,"",0,0,0,0,0,0,0,0,0,0,0,0,0,0,0,0,0,0,0,0,0,0,0,0
140,0,0,0,0,0,"",0,0,0,0,0,0,0,0,0,0,0,0,0,0,0,0,0,0,0,0,0,0,0,0
141,0,0,0,0,0,"",0,0,0,0,0,0,0,0,0,0,0,0,0,0,0,0,0,0,0,0,0,0,0,0
142,0,0,0,0,0,"",0,0,0,0,0,0,0,0,0,0,0,0,0,0,0,0,0,0,0,0,0,0,0,0
143,0,0,0,0,0,"",0,0,0,0,0,0,0,0,0,0,0,0,0,0,0,0,0,0,0,0,0,0,0,0
144,0,0,0,0,0,"",0,0,0,0,0,0,0,0,0,0,0,0,0,0,0,0,0,0,0,0,0,0,0,0
145,0,0,0,0,0,"",0,0,0,0,0,0,0,0,0,0,0,0,0,0,0,0,0,0,0,0,0,0,0,0
146,0,0,0,0,0,"",0,0,0,0,0,0,0,0,0,0,0,0,0,0,0,0,0,0,0,0,0,0,0,0
147,0,0,0,0,0,"",0,0,0,0,0,0,0,0,0,0,0,0,0,0,0,0,0,0,0,0,0,0,0,0
148,437,15,0,61419,0,"Triple Triad Trial",0,0,0,0,0,0,0,0,0,0,0,0,0,0,0,0,0,0,0,0,0,0,0,0
149,488,15,0,61419,0,"Scratch It Rich",0,0,0,0,0,0,0,0,0,0,0,0,0,0,0,0,0,0,0,0,0,0,0,0
150,489,15,0,61419,0,"Hitting the Cactpot",0,0,0,0,0,0,0,0,0,0,0,0,0,0,0,0,0,0,0,0,0,0,0,0
151,0,0,0,0,0,"",0,0,0,0,0,0,0,0,0,0,0,0,0,0,0,0,0,0,0,0,0,0,0,0
152,0,0,0,0,0,"",0,0,0,0,0,0,0,0,0,0,0,0,0,0,0,0,0,0,0,0,0,0,0,0
153,0,0,0,0,0,"",0,0,0,0,0,0,0,0,0,0,0,0,0,0,0,0,0,0,0,0,0,0,0,0
154,0,0,0,0,0,"",0,0,0,0,0,0,0,0,0,0,0,0,0,0,0,0,0,0,0,0,0,0,0,0
155,0,0,0,0,0,"",0,0,0,0,0,0,0,0,0,0,0,0,0,0,0,0,0,0,0,0,0,0,0,0
156,0,0,0,0,0,"",0,0,0,0,0,0,0,0,0,0,0,0,0,0,0,0,0,0,0,0,0,0,0,0
157,0,0,0,0,0,"",0,0,0,0,0,0,0,0,0,0,0,0,0,0,0,0,0,0,0,0,0,0,0,0
158,0,0,0,0,0,"",0,0,0,0,0,0,0,0,0,0,0,0,0,0,0,0,0,0,0,0,0,0,0,0
159,0,0,0,0,0,"",0,0,0,0,0,0,0,0,0,0,0,0,0,0,0,0,0,0,0,0,0,0,0,0
160,0,0,0,0,0,"",0,0,0,0,0,0,0,0,0,0,0,0,0,0,0,0,0,0,0,0,0,0,0,0
161,0,0,0,0,0,"",0,0,0,0,0,0,0,0,0,0,0,0,0,0,0,0,0,0,0,0,0,0,0,0
162,0,0,0,0,0,"",0,0,0,0,0,0,0,0,0,0,0,0,0,0,0,0,0,0,0,0,0,0,0,0
163,0,0,0,0,0,"",0,0,0,0,0,0,0,0,0,0,0,0,0,0,0,0,0,0,0,0,0,0,0,0
164,3019,30,0,61419,0,"Plucking the Heartstrings",0,0,0,0,0,0,0,0,0,0,0,0,0,0,0,0,0,0,0,0,0,0,0,0
165,2389,47,0,61419,0,"Squadron and Commander (Twin Adder)",0,0,0,0,0,0,0,0,0,0,0,0,0,0,0,0,0,0,0,0,0,0,0,0
166,2390,47,0,61419,0,"Squadron and Commander (Maelstrom)",0,0,0,0,0,0,0,0,0,0,0,0,0,0,0,0,0,0,0,0,0,0,0,0
167,2391,47,0,61419,0,"Squadron and Commander (Immortal Flames)",0,0,0,0,0,0,0,0,0,0,0,0,0,0,0,0,0,0,0,0,0,0,0,0
168,2106,50,0,61419,0,"Leves of Ishgard",0,0,0,0,0,0,0,0,0,0,0,0,0,0,0,0,0,0,0,0,0,0,0,0
169,2109,50,0,62411,0,"So You Want to Be a Machinist",0,0,0,0,0,0,0,0,0,0,0,0,0,0,0,0,0,0,0,0,0,0,0,0
170,2110,50,0,62412,0,"A Dark Spectacle",0,0,0,0,0,0,0,0,0,0,0,0,0,0,0,0,0,0,0,0,0,0,0,0
171,2123,50,0,62413,0,"What's Your Sign",0,0,0,0,0,0,0,0,0,0,0,0,0,0,0,0,0,0,0,0,0,0,0,0
172,0,0,0,0,0,"",0,0,0,0,0,0,0,0,0,0,0,0,0,0,0,0,0,0,0,0,0,0,0,0
173,0,0,0,0,0,"",0,0,0,0,0,0,0,0,0,0,0,0,0,0,0,0,0,0,0,0,0,0,0,0
174,0,0,0,0,0,"",0,0,0,0,0,0,0,0,0,0,0,0,0,0,0,0,0,0,0,0,0,0,0,0
175,0,0,0,0,0,"",0,0,0,0,0,0,0,0,0,0,0,0,0,0,0,0,0,0,0,0,0,0,0,0
176,2107,52,0,61419,0,"Sights of the North",0,0,0,0,0,0,0,0,0,0,0,0,0,0,0,0,0,0,0,0,0,0,0,0
177,0,0,0,0,0,"",0,0,0,0,0,0,0,0,0,0,0,0,0,0,0,0,0,0,0,0,0,0,0,0
178,2099,60,0,61419,0,"The Favors of the House",0,0,0,0,0,0,0,0,0,0,0,0,0,0,0,0,0,0,0,0,0,0,0,0
179,0,0,0,0,0,"",0,0,0,0,0,0,0,0,0,0,0,0,0,0,0,0,0,0,0,0,0,0,0,0
180,2216,60,0,61419,0,"The New Frontier",0,0,0,0,0,0,0,0,0,0,0,0,0,0,0,0,0,0,0,0,0,0,0,0
181,2334,60,0,0,0,"Recondition the Anima",0,0,0,0,0,0,0,0,0,0,0,0,0,0,0,0,0,0,0,0,0,0,0,0
182,2920,60,0,61419,0,"Sights of Crimson and Dawn",0,0,0,0,0,0,0,0,0,0,0,0,0,0,0,0,0,0,0,0,0,0,0,0
183,2921,60,0,61419,0,"Leves of Kugane",0,0,0,0,0,0,0,0,0,0,0,0,0,0,0,0,0,0,0,0,0,0,0,0
184,2941,60,0,61419,0,"Reach Long and Prosper",0,0,0,0,0,0,0,0,0,0,0,0,0,0,0,0,0,0,0,0,0,0,0,0
185,2612,70,0,61419,0,"And We Shall Call It Pyros",0,0,0,0,0,0,0,0,0,0,0,0,0,0,0,0,0,0,0,0,0,0,0,0
186,2613,70,0,61419,0,"And We Shall Call It Hydatos",0,0,0,0,0,0,0,0,0,0,0,0,0,0,0,0,0,0,0,0,0,0,0,0
187,2942,70,0,61419,0,"And We Shall Call It Pagos",0,0,0,0,0,0,0,0,0,0,0,0,0,0,0,0,0,0,0,0,0,0,0,0
188,3088,70,0,0,0,"Recall of Duty",0,0,0,0,0,0,0,0,0,0,0,0,0,0,0,0,0,0,0,0,0,0,0,0
189,3602,70,0,61419,0,"Leves of the Crystarium",0,0,0,0,0,0,0,0,0,0,0,0,0,0,0,0,0,0,0,0,0,0,0,0
190,3603,70,0,61419,0,"The Boutique Always Wins",0,0,0,0,0,0,0,0,0,0,0,0,0,0,0,0,0,0,0,0,0,0,0,0
191,3604,70,0,61419,0,"Sights of the First",0,0,0,0,0,0,0,0,0,0,0,0,0,0,0,0,0,0,0,0,0,0,0,0
192,0,0,0,0,0,"",0,0,0,0,0,0,0,0,0,0,0,0,0,0,0,0,0,0,0,0,0,0,0,0
193,3605,80,0,61419,0,"The Aspiring Skywatcher",0,0,0,0,0,0,0,0,0,0,0,0,0,0,0,0,0,0,0,0,0,0,0,0
194,3842,80,0,61419,0,"Weapon of Choice",0,0,0,0,0,0,0,0,0,0,0,0,0,0,0,0,0,0,0,0,0,0,0,0
195,4041,80,0,0,0,"Forged Anew",0,0,0,0,0,0,0,0,0,0,0,0,0,0,0,0,0,0,0,0,0,0,0,0
196,4170,80,0,61419,0,"Leves of Old Sharlayan",0,0,0,0,0,0,0,0,0,0,0,0,0,0,0,0,0,0,0,0,0,0,0,0
197,4174,80,0,61419,0,"Sights of the End",0,0,0,0,0,0,0,0,0,0,0,0,0,0,0,0,0,0,0,0,0,0,0,0
198,4175,80,0,61419,0,"Expanding House of Splendors",0,0,0,0,0,0,0,0,0,0,0,0,0,0,0,0,0,0,0,0,0,0,0,0
199,0,0,0,0,0,"",0,0,0,0,0,0,0,0,0,0,0,0,0,0,0,0,0,0,0,0,0,0,0,0
200,4784,90,0,0,0,"",0,0,0,0,0,0,0,0,0,0,0,0,0,0,0,0,0,0,0,0,0,0,0,0
201,5003,90,0,61419,0,"Leves of Tuliyollal",0,0,0,0,0,0,0,0,0,0,0,0,0,0,0,0,0,0,0,0,0,0,0,0
202,5006,90,0,61419,0,"Sights of the West",0,0,0,0,0,0,0,0,0,0,0,0,0,0,0,0,0,0,0,0,0,0,0,0
203,5007,90,0,61419,0,"Sights of the West and Beyond",0,0,0,0,0,0,0,0,0,0,0,0,0,0,0,0,0,0,0,0,0,0,0,0
204,5008,90,0,61419,0,"Dawn of a New Deal",0,0,0,0,0,0,0,0,0,0,0,0,0,0,0,0,0,0,0,0,0,0,0,0
205,0,0,0,0,0,"",0,0,0,0,0,0,0,0,0,0,0,0,0,0,0,0,0,0,0,0,0,0,0,0
206,0,0,0,0,0,"",0,0,0,0,0,0,0,0,0,0,0,0,0,0,0,0,0,0,0,0,0,0,0,0
207,0,0,0,0,0,"",0,0,0,0,0,0,0,0,0,0,0,0,0,0,0,0,0,0,0,0,0,0,0,0
208,5408,91,0,0,0,"The Pilgrim's Answer",0,0,0,0,0,0,0,0,0,0,0,0,0,0,0,0,0,0,0,0,0,0,0,0
209,0,0,0,0,0,"",0,0,0,0,0,0,0,0,0,0,0,0,0,0,0,0,0,0,0,0,0,0,0,0
210,0,0,0,0,0,"",0,0,0,0,0,0,0,0,0,0,0,0,0,0,0,0,0,0,0,0,0,0,0,0
211,0,0,0,0,0,"",0,0,0,0,0,0,0,0,0,0,0,0,0,0,0,0,0,0,0,0,0,0,0,0
212,0,0,0,0,0,"",0,0,0,0,0,0,0,0,0,0,0,0,0,0,0,0,0,0,0,0,0,0,0,0
213,0,0,0,0,0,"",0,0,0,0,0,0,0,0,0,0,0,0,0,0,0,0,0,0,0,0,0,0,0,0
214,5459,100,0,0,0,"Abridged Too Far",0,0,0,0,0,0,0,0,0,0,0,0,0,0,0,0,0,0,0,0,0,0,0,0
215,0,0,0,0,0,"",0,0,0,0,0,0,0,0,0,0,0,0,0,0,0,0,0,0,0,0,0,0,0,0
216,0,65535,0,0,0,"",0,0,0,0,0,0,0,0,0,0,0,0,0,0,0,0,0,0,0,0,0,0,0,0
217,0,0,0,0,0,"",0,0,0,0,0,0,0,0,0,0,0,0,0,0,0,0,0,0,0,0,0,0,0,0
218,0,0,0,0,0,"",0,0,0,0,0,0,0,0,0,0,0,0,0,0,0,0,0,0,0,0,0,0,0,0
219,0,0,0,0,0,"",0,0,0,0,0,0,0,0,0,0,0,0,0,0,0,0,0,0,0,0,0,0,0,0
220,1199,50,0,61419,0,"Legacy of Allag",459,0,0,0,0,0,0,0,0,0,0,0,0,0,0,0,0,0,0,0,0,0,0,0
221,4651,90,0,61419,0,"An Odd Job",0,0,0,0,0,0,0,0,0,0,0,0,0,0,0,0,0,0,0,0,0,0,0,0
222,1176,50,0,61412,0,"Moving On",0,0,0,0,0,0,0,0,0,0,0,0,0,0,0,0,0,0,0,0,0,0,0,0
223,1177,50,0,61412,0,"Flowers for One",0,0,0,0,0,0,0,0,0,0,0,0,0,0,0,0,0,0,0,0,0,0,0,0
224,1178,50,0,61412,0,"All Things in Time",0,0,0,0,0,0,0,0,0,0,0,0,0,0,0,0,0,0,0,0,0,0,0,0
225,1179,50,0,61412,0,"The Resolute",0,0,0,0,0,0,0,0,0,0,0,0,0,0,0,0,0,0,0,0,0,0,0,0
226,1180,50,0,61412,0,"Laying the Foundation",0,0,0,0,0,0,0,0,0,0,0,0,0,0,0,0,0,0,0,0,0,0,0,0
227,1182,50,0,61412,0,"Rock-solid Protection",0,0,0,0,0,0,0,0,0,0,0,0,0,0,0,0,0,0,0,0,0,0,0,0
228,1183,50,0,61412,0,"Crate Go Kaboom",0,0,0,0,0,0,0,0,0,0,0,0,0,0,0,0,0,0,0,0,0,0,0,0
229,1181,50,0,61412,0,"Better Late than Sever",0,0,0,0,0,0,0,0,0,0,0,0,0,0,0,0,0,0,0,0,0,0,0,0
230,4644,1,0,61419,0,"Seeing the Cieldalaes",0,0,0,0,0,0,0,0,0,0,0,0,0,0,0,0,0,0,0,0,0,0,0,0
231,1184,50,0,61412,0,"Hest of the Best",0,0,0,0,0,0,0,0,0,0,0,0,0,0,0,0,0,0,0,0,0,0,0,0
232,1561,50,0,61412,0,"Welcome to Morbol Country",0,0,0,0,0,0,0,0,0,0,0,0,0,0,0,0,0,0,0,0,0,0,0,0
233,0,0,0,0,0,"",0,0,0,0,0,0,0,0,0,0,0,0,0,0,0,0,0,0,0,0,0,0,0,0
234,0,0,0,0,0,"",0,0,0,0,0,0,0,0,0,0,0,0,0,0,0,0,0,0,0,0,0,0,0,0
235,1185,50,0,61412,0,"Pass the Smell Hest",0,0,0,0,0,0,0,0,0,0,0,0,0,0,0,0,0,0,0,0,0,0,0,0
236,1562,50,0,61412,0,"Answering the Call",0,0,0,0,0,0,0,0,0,0,0,0,0,0,0,0,0,0,0,0,0,0,0,0
237,1186,50,0,61412,0,"You're Gonna Carry That",0,0,0,0,0,0,0,0,0,0,0,0,0,0,0,0,0,0,0,0,0,0,0,0
238,1187,50,0,61412,0,"The Things We Do for Tea",0,0,0,0,0,0,0,0,0,0,0,0,0,0,0,0,0,0,0,0,0,0,0,0
239,0,0,0,0,0,"",0,0,0,0,0,0,0,0,0,0,0,0,0,0,0,0,0,0,0,0,0,0,0,0
240,1188,50,0,61412,0,"It's Possibly a Primal",0,0,0,0,0,0,0,0,0,0,0,0,0,0,0,0,0,0,0,0,0,0,0,0
241,0,0,0,0,0,"",0,0,0,0,0,0,0,0,0,0,0,0,0,0,0,0,0,0,0,0,0,0,0,0
242,1193,50,0,61412,0,"Build on the Stone",0,0,0,0,0,0,0,0,0,0,0,0,0,0,0,0,0,0,0,0,0,0,0,0
243,1345,50,0,61412,0,"Still Waters",0,0,0,0,0,0,0,0,0,0,0,0,0,0,0,0,0,0,0,0,0,0,0,0
244,0,0,0,0,0,"",0,0,0,0,0,0,0,0,0,0,0,0,0,0,0,0,0,0,0,0,0,0,0,0
245,0,0,0,0,0,"",0,0,0,0,0,0,0,0,0,0,0,0,0,0,0,0,0,0,0,0,0,0,0,0
246,196,4,2,61412,0,"An Eft for Effort",0,0,0,0,0,0,0,0,0,0,0,0,0,0,0,0,0,0,0,0,0,0,0,0
247,0,0,0,0,0,"",0,0,0,0,0,0,0,0,0,0,0,0,0,0,0,0,0,0,0,0,0,0,0,0
248,1348,50,0,61412,0,"Promises to Keep",0,0,0,0,0,0,0,0,0,0,0,0,0,0,0,0,0,0,0,0,0,0,0,0
249,128,4,3,61412,0,"Eggs over Queasy",0,0,0,0,0,0,0,0,0,0,0,0,0,0,0,0,0,0,0,0,0,0,0,0
250,1349,50,0,61412,0,"A Small-scale Operation",0,0,0,0,0,0,0,0,0,0,0,0,0,0,0,0,0,0,0,0,0,0,0,0
251,0,0,0,0,0,"",0,0,0,0,0,0,0,0,0,0,0,0,0,0,0,0,0,0,0,0,0,0,0,0
252,1350,50,0,61412,0,"Yugiri's Game",0,0,0,0,0,0,0,0,0,0,0,0,0,0,0,0,0,0,0,0,0,0,0,0
253,324,4,3,61412,0,"Disorderly Conduct",0,0,0,0,0,0,0,0,0,0,0,0,0,0,0,0,0,0,0,0,0,0,0,0
254,1351,50,0,61412,0,"If Wishes Were Horsebirds",0,0,0,0,0,0,0,0,0,0,0,0,0,0,0,0,0,0,0,0,0,0,0,0
255,464,5,1,61412,0,"Further Afield",0,0,0,0,0,0,0,0,0,0,0,0,0,0,0,0,0,0,0,0,0,0,0,0
256,1353,50,0,61412,0,"All Due Respect",0,0,0,0,0,0,0,0,0,0,0,0,0,0,0,0,0,0,0,0,0,0,0,0
257,305,4,4,61412,0,"Until a Quieter Time",0,0,0,0,0,0,0,0,0,0,0,0,0,0,0,0,0,0,0,0,0,0,0,0
258,1354,50,0,61412,0,"Full Belly, Happy Heart",0,0,0,0,0,0,0,0,0,0,0,0,0,0,0,0,0,0,0,0,0,0,0,0
259,306,4,4,61412,0,"Prudence at This Junction",0,0,0,0,0,0,0,0,0,0,0,0,0,0,0,0,0,0,0,0,0,0,0,0
260,1355,50,0,61412,0,"Writhing in the Dark",0,0,0,0,0,0,0,0,0,0,0,0,0,0,0,0,0,0,0,0,0,0,0,0
261,0,0,0,0,0,"",0,0,0,0,0,0,0,0,0,0,0,0,0,0,0,0,0,0,0,0,0,0,0,0
262,0,0,0,0,0,"",0,0,0,0,0,0,0,0,0,0,0,0,0,0,0,0,0,0,0,0,0,0,0,0
263,198,4,5,61412,0,"Butcher of Greentear",0,0,0,0,0,0,0,0,0,0,0,0,0,0,0,0,0,0,0,0,0,0,0,0
264,125,4,5,61412,0,"A Soldier's Breakfast",0,0,0,0,0,0,0,0,0,0,0,0,0,0,0,0,0,0,0,0,0,0,0,0
265,1357,50,0,61412,0,"Fireworks and Fish Don't Mix",0,0,0,0,0,0,0,0,0,0,0,0,0,0,0,0,0,0,0,0,0,0,0,0
266,0,0,0,0,0,"",0,0,0,0,0,0,0,0,0,0,0,0,0,0,0,0,0,0,0,0,0,0,0,0
267,0,0,0,0,0,"",0,0,0,0,0,0,0,0,0,0,0,0,0,0,0,0,0,0,0,0,0,0,0,0
268,0,0,0,0,0,"",0,0,0,0,0,0,0,0,0,0,0,0,0,0,0,0,0,0,0,0,0,0,0,0
269,327,4,5,61412,0,"Spriggan Cleaning",0,0,0,0,0,0,0,0,0,0,0,0,0,0,0,0,0,0,0,0,0,0,0,0
270,0,0,0,0,0,"",0,0,0,0,0,0,0,0,0,0,0,0,0,0,0,0,0,0,0,0,0,0,0,0
271,0,0,0,0,0,"",0,0,0,0,0,0,0,0,0,0,0,0,0,0,0,0,0,0,0,0,0,0,0,0
272,374,10,0,61412,0,"Feeding Time",0,0,0,0,0,0,0,0,0,0,0,0,0,0,0,0,0,0,0,0,0,0,0,0
273,1444,50,0,61412,0,"Shock and Awe",0,0,0,0,0,0,0,0,0,0,0,0,0,0,0,0,0,0,0,0,0,0,0,0
274,1445,50,0,61412,0,"Reap the Whirlwind",0,0,0,0,0,0,0,0,0,0,0,0,0,0,0,0,0,0,0,0,0,0,0,0
275,398,10,0,61412,0,"Courier for a Day",0,0,0,0,0,0,0,0,0,0,0,0,0,0,0,0,0,0,0,0,0,0,0,0
276,1449,50,0,61412,0,"A Sylphlands Sting",0,0,0,0,0,0,0,0,0,0,0,0,0,0,0,0,0,0,0,0,0,0,0,0
277,1450,50,0,61412,0,"Scattered Scions",0,0,0,0,0,0,0,0,0,0,0,0,0,0,0,0,0,0,0,0,0,0,0,0
278,1451,50,0,61412,0,"True to Form",0,0,0,0,0,0,0,0,0,0,0,0,0,0,0,0,0,0,0,0,0,0,0,0
279,1452,50,0,61412,0,"Levin an Impression",0,0,0,0,0,0,0,0,0,0,0,0,0,0,0,0,0,0,0,0,0,0,0,0
280,0,0,0,0,0,"",0,0,0,0,0,0,0,0,0,0,0,0,0,0,0,0,0,0,0,0,0,0,0,0
281,0,0,0,0,0,"",0,0,0,0,0,0,0,0,0,0,0,0,0,0,0,0,0,0,0,0,0,0,0,0
282,1454,50,0,61412,0,"A Hard Hapalit to Break",0,0,0,0,0,0,0,0,0,0,0,0,0,0,0,0,0,0,0,0,0,0,0,0
283,0,0,0,0,0,"",0,0,0,0,0,0,0,0,0,0,0,0,0,0,0,0,0,0,0,0,0,0,0,0
284,404,10,1,61412,0,"Farmer of Fortune",0,0,0,0,0,0,0,0,0,0,0,0,0,0,0,0,0,0,0,0,0,0,0,0
285,1455,50,0,61412,0,"Picking Up the Sledge",0,0,0,0,0,0,0,0,0,0,0,0,0,0,0,0,0,0,0,0,0,0,0,0
286,0,0,0,0,0,"",0,0,0,0,0,0,0,0,0,0,0,0,0,0,0,0,0,0,0,0,0,0,0,0
287,0,0,0,0,0,"",0,0,0,0,0,0,0,0,0,0,0,0,0,0,0,0,0,0,0,0,0,0,0,0
288,331,10,2,61412,0,"Heir Today, Gone Tomorrow",0,0,0,0,0,0,0,0,0,0,0,0,0,0,0,0,0,0,0,0,0,0,0,0
289,0,0,0,0,0,"",0,0,0,0,0,0,0,0,0,0,0,0,0,0,0,0,0,0,0,0,0,0,0,0
290,0,0,0,0,0,"",0,0,0,0,0,0,0,0,0,0,0,0,0,0,0,0,0,0,0,0,0,0,0,0
291,382,10,3,61412,0,"Skeletons in My Deepcroft",0,0,0,0,0,0,0,0,0,0,0,0,0,0,0,0,0,0,0,0,0,0,0,0
292,159,10,3,61412,0,"Lights Out",0,0,0,0,0,0,0,0,0,0,0,0,0,0,0,0,0,0,0,0,0,0,0,0
293,79,50,0,61412,0,"Chasing Ivy",0,0,0,0,0,0,0,0,0,0,0,0,0,0,0,0,0,0,0,0,0,0,0,0
294,335,10,3,61412,0,"Compulsory Catering",0,0,0,0,0,0,0,0,0,0,0,0,0,0,0,0,0,0,0,0,0,0,0,0
295,80,50,0,61412,0,"Doman Connection",0,0,0,0,0,0,0,0,0,0,0,0,0,0,0,0,0,0,0,0,0,0,0,0
296,156,10,2,61412,0,"Ruffled Feathers",0,0,0,0,0,0,0,0,0,0,0,0,0,0,0,0,0,0,0,0,0,0,0,0
297,81,50,0,61412,0,"In Flagrante Delicto",0,0,0,0,0,0,0,0,0,0,0,0,0,0,0,0,0,0,0,0,0,0,0,0
298,367,50,0,61412,0,"Aether on Demand",0,0,0,0,0,0,0,0,0,0,0,0,0,0,0,0,0,0,0,0,0,0,0,0
299,675,15,0,61412,0,"It's Probably Pirates",0,0,0,0,0,0,0,0,0,0,0,0,0,0,0,0,0,0,0,0,0,0,0,0
300,419,50,0,61412,0,"The Steps of Faith",0,0,0,0,0,0,0,0,0,0,0,0,0,0,0,0,0,0,0,0,0,0,0,0
301,3942,1,0,61419,0,"Memoirs from the Front",0,0,0,0,0,0,0,0,0,0,0,0,0,0,0,0,0,0,0,0,0,0,0,0
302,708,20,0,61412,0,"We Come in Peace",0,0,0,0,0,0,0,0,0,0,0,0,0,0,0,0,0,0,0,0,0,0,0,0
303,717,21,0,61412,0,"Dance Dance Diplomacy",0,0,0,0,0,0,0,0,0,0,0,0,0,0,0,0,0,0,0,0,0,0,0,0
304,718,21,0,61412,0,"Forest Friend",0,0,0,0,0,0,0,0,0,0,0,0,0,0,0,0,0,0,0,0,0,0,0,0
305,726,22,0,61412,0,"Druthers House Rules",0,0,0,0,0,0,0,0,0,0,0,0,0,0,0,0,0,0,0,0,0,0,0,0
306,733,23,0,61412,0,"Never Forget",0,0,0,0,0,0,0,0,0,0,0,0,0,0,0,0,0,0,0,0,0,0,0,0
307,734,23,0,61412,0,"Microbrewing",0,0,0,0,0,0,0,0,0,0,0,0,0,0,0,0,0,0,0,0,0,0,0,0
308,740,23,0,61412,0,"Nouveau Riche",0,0,0,0,0,0,0,0,0,0,0,0,0,0,0,0,0,0,0,0,0,0,0,0
309,752,24,0,61412,0,"Ratting It Out",0,0,0,0,0,0,0,0,0,0,0,0,0,0,0,0,0,0,0,0,0,0,0,0
310,784,27,0,61412,0,"Terror at Fallgourd",0,0,0,0,0,0,0,0,0,0,0,0,0,0,0,0,0,0,0,0,0,0,0,0
311,785,28,0,61412,0,"Ziz Is So Ridiculous",0,0,0,0,0,0,0,0,0,0,0,0,0,0,0,0,0,0,0,0,0,0,0,0
312,815,30,0,61412,0,"The Penitent Man",0,0,0,0,0,0,0,0,0,0,0,0,0,0,0,0,0,0,0,0,0,0,0,0
313,816,30,0,61412,0,"Changing of the Guard",0,0,0,0,0,0,0,0,0,0,0,0,0,0,0,0,0,0,0,0,0,0,0,0
314,819,30,0,61412,0,"Trial by Turtle",0,0,0,0,0,0,0,0,0,0,0,0,0,0,0,0,0,0,0,0,0,0,0,0
315,820,31,0,61412,0,"The Drake Exception",0,0,0,0,0,0,0,0,0,0,0,0,0,0,0,0,0,0,0,0,0,0,0,0
316,839,32,0,61412,0,"What Do You Mean You Forgot the Wine",0,0,0,0,0,0,0,0,0,0,0,0,0,0,0,0,0,0,0,0,0,0,0,0
317,847,33,0,61412,0,"Not My War",0,0,0,0,0,0,0,0,0,0,0,0,0,0,0,0,0,0,0,0,0,0,0,0
318,854,33,0,61412,0,"A Final Ignominy",0,0,0,0,0,0,0,0,0,0,0,0,0,0,0,0,0,0,0,0,0,0,0,0
319,871,35,0,61412,0,"With a Little Elbow Grease",0,0,0,0,0,0,0,0,0,0,0,0,0,0,0,0,0,0,0,0,0,0,0,0
320,872,35,0,61412,0,"You Can't Take It with You",0,0,0,0,0,0,0,0,0,0,0,0,0,0,0,0,0,0,0,0,0,0,0,0
321,881,35,0,61412,0,"A Tall Drink of Aqua del Sol",0,0,0,0,0,0,0,0,0,0,0,0,0,0,0,0,0,0,0,0,0,0,0,0
322,877,35,0,61412,0,"The Warden Works in Mysterious Ways",0,0,0,0,0,0,0,0,0,0,0,0,0,0,0,0,0,0,0,0,0,0,0,0
323,896,36,1,61412,0,"Feats of Strength",0,0,0,0,0,0,0,0,0,0,0,0,0,0,0,0,0,0,0,0,0,0,0,0
324,917,38,0,61412,0,"The Final Flight of the Enterprise",0,0,0,0,0,0,0,0,0,0,0,0,0,0,0,0,0,0,0,0,0,0,0,0
325,925,39,0,61412,0,"Opportunity Knocks",0,0,0,0,0,0,0,0,0,0,0,0,0,0,0,0,0,0,0,0,0,0,0,0
326,926,39,0,61412,0,"All by Ourselves",0,0,0,0,0,0,0,0,0,0,0,0,0,0,0,0,0,0,0,0,0,0,0,0
327,937,39,0,61412,0,"The Best Inventions",0,0,0,0,0,0,0,0,0,0,0,0,0,0,0,0,0,0,0,0,0,0,0,0
328,4027,1,0,61419,0,"A Seaside Story",0,0,0,0,0,0,0,0,0,0,0,0,0,0,0,0,0,0,0,0,0,0,0,0
329,954,41,0,61412,0,"All Due Precautions",0,0,0,0,0,0,0,0,0,0,0,0,0,0,0,0,0,0,0,0,0,0,0,0
330,968,43,0,61412,0,"The Curious Case of Giggity",0,0,0,0,0,0,0,0,0,0,0,0,0,0,0,0,0,0,0,0,0,0,0,0
331,971,43,0,61412,0,"Of Sylphs and Spriggans",0,0,0,0,0,0,0,0,0,0,0,0,0,0,0,0,0,0,0,0,0,0,0,0
332,974,43,0,61412,0,"Crazy Enough to Work",0,0,0,0,0,0,0,0,0,0,0,0,0,0,0,0,0,0,0,0,0,0,0,0
333,1003,45,1,61412,0,"Dressed for Conquest",0,0,0,0,0,0,0,0,0,0,0,0,0,0,0,0,0,0,0,0,0,0,0,0
334,1036,49,0,61412,0,"Operation Archon",0,0,0,0,0,0,0,0,0,0,0,0,0,0,0,0,0,0,0,0,0,0,0,0
335,1039,49,0,61412,0,"The Ladle in the Darkness",0,0,0,0,0,0,0,0,0,0,0,0,0,0,0,0,0,0,0,0,0,0,0,0
336,1042,49,0,61412,0,"All upon the Watchtowers",0,0,0,0,0,0,0,0,0,0,0,0,0,0,0,0,0,0,0,0,0,0,0,0
337,1043,49,0,61412,0,"Hearts on Fire",0,0,0,0,0,0,0,0,0,0,0,0,0,0,0,0,0,0,0,0,0,0,0,0
338,1046,49,0,61412,0,"Setting the Stage",0,0,0,0,0,0,0,0,0,0,0,0,0,0,0,0,0,0,0,0,0,0,0,0
339,1136,50,0,61412,0,"Rock the Castrum",0,0,0,0,0,0,0,0,0,0,0,0,0,0,0,0,0,0,0,0,0,0,0,0
340,524,50,0,61412,0,"The Ultimate Weapon",0,0,0,0,0,0,0,0,0,0,0,0,0,0,0,0,0,0,0,0,0,0,0,0
341,4094,1,0,61419,0,"An Honor to Serve",0,0,0,0,0,0,0,0,0,0,0,0,0,0,0,0,0,0,0,0,0,0,0,0
342,1016,47,0,61411,0,"Can't Do It without U",0,0,0,0,0,0,0,0,0,0,0,0,0,0,0,0,0,0,0,0,0,0,0,0
343,2387,17,0,61419,0,"What Lies Beneath",0,0,0,0,0,0,0,0,0,0,0,0,0,0,0,0,0,0,0,0,0,0,0,0
344,3217,80,0,62408,0,"To Be Second Best",0,0,0,0,0,0,0,0,0,0,0,0,0,0,0,0,0,0,0,0,0,0,0,0
345,2117,52,0,61419,0,"I Believe I Can Fly",0,0,0,0,0,0,0,0,0,0,0,0,0,0,0,0,0,0,0,0,0,0,0,0
346,85,1,0,61412,0,"Close to Home",0,0,0,0,0,0,0,0,0,0,0,0,0,0,0,0,0,0,0,0,0,0,0,0
347,123,1,0,61412,0,"Close to Home",0,0,0,0,0,0,0,0,0,0,0,0,0,0,0,0,0,0,0,0,0,0,0,0
348,124,1,0,61412,0,"Close to Home",0,0,0,0,0,0,0,0,0,0,0,0,0,0,0,0,0,0,0,0,0,0,0,0
349,108,1,0,61412,0,"Close to Home",0,0,0,0,0,0,0,0,0,0,0,0,0,0,0,0,0,0,0,0,0,0,0,0
350,109,1,0,61412,0,"Close to Home",0,0,0,0,0,0,0,0,0,0,0,0,0,0,0,0,0,0,0,0,0,0,0,0
351,568,1,0,61412,0,"Close to Home",0,0,0,0,0,0,0,0,0,0,0,0,0,0,0,0,0,0,0,0,0,0,0,0
352,569,1,0,61412,0,"Close to Home",0,0,0,0,0,0,0,0,0,0,0,0,0,0,0,0,0,0,0,0,0,0,0,0
353,570,1,0,61412,0,"Close to Home",0,0,0,0,0,0,0,0,0,0,0,0,0,0,0,0,0,0,0,0,0,0,0,0
354,28,4,0,61412,0,"To the Bannock",0,0,0,0,0,0,0,0,0,0,0,0,0,0,0,0,0,0,0,0,0,0,0,0
355,462,4,0,61412,0,"On to Summerford",0,0,0,0,0,0,0,0,0,0,0,0,0,0,0,0,0,0,0,0,0,0,0,0
356,595,4,0,61412,0,"We Must Rebuild",0,0,0,0,0,0,0,0,0,0,0,0,0,0,0,0,0,0,0,0,0,0,0,0
357,201,4,1,61412,0,"Passing Muster",0,0,0,0,0,0,0,0,0,0,0,0,0,0,0,0,0,0,0,0,0,0,0,0
358,445,5,0,61412,0,"Chasing Shadows",54,55,56,57,0,0,0,0,0,0,0,0,0,0,0,0,0,0,0,0,0,0,0,0
359,463,4,1,61412,0,"Dressed to Call",0,0,0,0,0,0,0,0,0,0,0,0,0,0,0,0,0,0,0,0,0,0,0,0
360,543,5,0,61412,0,"Lurkers in the Grotto",133,134,56,135,0,0,0,0,0,0,0,0,0,0,0,0,0,0,0,0,0,0,0,0
361,671,4,1,61412,0,"Nothing to See Here",0,0,0,0,0,0,0,0,0,0,0,0,0,0,0,0,0,0,0,0,0,0,0,0
362,550,4,1,61412,0,"Underneath the Sultantree",140,141,56,142,0,0,0,0,0,0,0,0,0,0,0,0,0,0,0,0,0,0,0,0
363,465,5,2,61412,0,"Washed Up",0,0,0,0,0,0,0,0,0,0,0,0,0,0,0,0,0,0,0,0,0,0,0,0
364,303,4,2,61412,0,"Step Nine",0,0,0,0,0,0,0,0,0,0,0,0,0,0,0,0,0,0,0,0,0,0,0,0
365,3854,4,3,61412,0,"Eggs over Queasy",0,0,0,0,0,0,0,0,0,0,0,0,0,0,0,0,0,0,0,0,0,0,0,0
366,466,5,3,61412,0,"Double Dealing",0,0,0,0,0,0,0,0,0,0,0,0,0,0,0,0,0,0,0,0,0,0,0,0
367,175,4,4,61412,0,"Surveying the Damage",0,0,0,0,0,0,0,0,0,0,0,0,0,0,0,0,0,0,0,0,0,0,0,0
368,3852,4,4,61412,0,"Prudence at This Junction",0,0,0,0,0,0,0,0,0,0,0,0,0,0,0,0,0,0,0,0,0,0,0,0
369,3855,4,5,61412,0,"A Soldier's Breakfast",0,0,0,0,0,0,0,0,0,0,0,0,0,0,0,0,0,0,0,0,0,0,0,0
370,129,9,0,61412,0,"Spirithold Broken",69,70,71,72,0,0,0,0,0,0,0,0,0,0,0,0,0,0,0,0,0,0,0,0
371,467,5,4,61412,0,"Loam Maintenance",0,0,0,0,0,0,0,0,0,0,0,0,0,0,0,0,0,0,0,0,0,0,0,0
372,468,5,4,61412,0,"Plowshares to Swords",0,0,0,0,0,0,0,0,0,0,0,0,0,0,0,0,0,0,0,0,0,0,0,0
373,469,9,0,61412,0,"Just Deserts",203,204,205,206,0,0,0,0,0,0,0,0,0,0,0,0,0,0,0,0,0,0,0,0
374,307,4,5,61412,0,"Out of House and Home",0,0,0,0,0,0,0,0,0,0,0,0,0,0,0,0,0,0,0,0,0,0,0,0
375,320,9,0,61412,0,"Way Down in the Hole",189,190,191,192,0,0,0,0,0,0,0,0,0,0,0,0,0,0,0,0,0,0,0,0
376,176,10,0,61412,0,"On to Bentbranch",0,0,0,0,0,0,0,0,0,0,0,0,0,0,0,0,0,0,0,0,0,0,0,0
377,376,10,0,61412,0,"You Shall Not Trespass",0,0,0,0,0,0,0,0,0,0,0,0,0,0,0,0,0,0,0,0,0,0,0,0
378,397,10,0,61412,0,"Sky-high",0,0,0,0,0,0,0,0,0,0,0,0,0,0,0,0,0,0,0,0,0,0,0,0
379,623,10,0,61412,0,"Takin' What They're Givin'",0,0,0,0,0,0,0,0,0,0,0,0,0,0,0,0,0,0,0,0,0,0,0,0
380,328,10,0,61412,0,"Supply and Demands",0,0,0,0,0,0,0,0,0,0,0,0,0,0,0,0,0,0,0,0,0,0,0,0
381,503,10,0,61412,0,"Give It to Me Raw",0,0,0,0,0,0,0,0,0,0,0,0,0,0,0,0,0,0,0,0,0,0,0,0
382,377,10,1,61412,0,"Don't Look Down",0,0,0,0,0,0,0,0,0,0,0,0,0,0,0,0,0,0,0,0,0,0,0,0
383,379,10,1,61412,0,"In the Grim Darkness of the Forest",0,0,0,0,0,0,0,0,0,0,0,0,0,0,0,0,0,0,0,0,0,0,0,0
384,380,10,1,61412,0,"Threat Level Elevated",0,0,0,0,0,0,0,0,0,0,0,0,0,0,0,0,0,0,0,0,0,0,0,0
385,402,10,1,61412,0,"Thanks a Million",0,0,0,0,0,0,0,0,0,0,0,0,0,0,0,0,0,0,0,0,0,0,0,0
386,403,10,1,61412,0,"Relighting the Torch",0,0,0,0,0,0,0,0,0,0,0,0,0,0,0,0,0,0,0,0,0,0,0,0
387,406,10,1,61412,0,"On to the Drydocks",0,0,0,0,0,0,0,0,0,0,0,0,0,0,0,0,0,0,0,0,0,0,0,0
388,329,10,1,61412,0,"The Perfect Swarm",0,0,0,0,0,0,0,0,0,0,0,0,0,0,0,0,0,0,0,0,0,0,0,0
389,330,10,1,61412,0,"Last Letter to Lost Hope",0,0,0,0,0,0,0,0,0,0,0,0,0,0,0,0,0,0,0,0,0,0,0,0
390,381,10,2,61412,0,"Migrant Marauders",0,0,0,0,0,0,0,0,0,0,0,0,0,0,0,0,0,0,0,0,0,0,0,0
391,412,10,2,61412,0,"Without a Doubt",0,0,0,0,0,0,0,0,0,0,0,0,0,0,0,0,0,0,0,0,0,0,0,0
392,415,10,2,61412,0,"Righting the Shipwright",0,0,0,0,0,0,0,0,0,0,0,0,0,0,0,0,0,0,0,0,0,0,0,0
393,3853,10,2,61412,0,"Heir Today, Gone Tomorrow",0,0,0,0,0,0,0,0,0,0,0,0,0,0,0,0,0,0,0,0,0,0,0,0
394,332,10,2,61412,0,"Passing the Blade",0,0,0,0,0,0,0,0,0,0,0,0,0,0,0,0,0,0,0,0,0,0,0,0
395,384,10,3,61412,0,"A Hearer Is Often Late",0,0,0,0,0,0,0,0,0,0,0,0,0,0,0,0,0,0,0,0,0,0,0,0
396,387,10,3,61412,0,"Salvaging the Scene",0,0,0,0,0,0,0,0,0,0,0,0,0,0,0,0,0,0,0,0,0,0,0,0
397,413,10,3,61412,0,"Do Angry Pirates Dream",0,0,0,0,0,0,0,0,0,0,0,0,0,0,0,0,0,0,0,0,0,0,0,0
398,333,10,3,61412,0,"Following Footfalls",0,0,0,0,0,0,0,0,0,0,0,0,0,0,0,0,0,0,0,0,0,0,0,0
399,334,10,3,61412,0,"Storms on the Horizon",0,0,0,0,0,0,0,0,0,0,0,0,0,0,0,0,0,0,0,0,0,0,0,0
400,161,14,0,61412,0,"Leia's Legacy",0,0,0,0,0,0,0,0,0,0,0,0,0,0,0,0,0,0,0,0,0,0,0,0
401,446,14,0,61412,0,"Dread Is in the Air",0,0,0,0,0,0,0,0,0,0,0,0,0,0,0,0,0,0,0,0,0,0,0,0
402,447,14,0,61412,0,"To Guard a Guardian",30,58,59,60,61,0,0,0,0,0,0,0,0,0,0,0,0,0,0,0,0,0,0,0
403,448,14,0,61412,0,"Festive Endeavors",0,0,0,0,0,0,0,0,0,0,0,0,0,0,0,0,0,0,0,0,0,0,0,0
404,449,14,0,61412,0,"Renewing the Covenant",62,63,68,0,0,0,0,0,0,0,0,0,0,0,0,0,0,0,0,0,0,0,0,0
405,414,14,0,61412,0,"Victory in Peril",0,0,0,0,0,0,0,0,0,0,0,0,0,0,0,0,0,0,0,0,0,0,0,0
406,689,14,0,61412,0,"Men of the Blue Tattoos",0,0,0,0,0,0,0,0,0,0,0,0,0,0,0,0,0,0,0,0,0,0,0,0
407,544,14,0,61412,0,"Feint and Strike",207,208,209,210,211,136,0,0,0,0,0,0,0,0,0,0,0,0,0,0,0,0,0,0
408,690,14,0,61412,0,"High Society",0,0,0,0,0,0,0,0,0,0,0,0,0,0,0,0,0,0,0,0,0,0,0,0
409,545,14,0,61412,0,"A Mizzenmast Repast",137,63,223,0,0,0,0,0,0,0,0,0,0,0,0,0,0,0,0,0,0,0,0,0
410,336,14,0,61412,0,"Oh Captain, My Captain",0,0,0,0,0,0,0,0,0,0,0,0,0,0,0,0,0,0,0,0,0,0,0,0
411,628,14,0,61412,0,"Secrets and Lies",0,0,0,0,0,0,0,0,0,0,0,0,0,0,0,0,0,0,0,0,0,0,0,0
412,551,14,0,61412,0,"Duty, Honor, Country",193,194,195,196,197,143,0,0,0,0,0,0,0,0,0,0,0,0,0,0,0,0,0,0
413,641,14,0,61412,0,"A Matter of Tradition",0,0,0,0,0,0,0,0,0,0,0,0,0,0,0,0,0,0,0,0,0,0,0,0
414,552,14,0,61412,0,"A Royal Reception",144,63,224,0,0,0,0,0,0,0,0,0,0,0,0,0,0,0,0,0,0,0,0,0
415,507,14,1,61412,0,"The Gridanian Envoy",64,65,66,154,67,74,155,75,158,0,0,0,0,0,0,0,0,0,0,0,0,0,0,0
416,546,14,1,61412,0,"The Lominsan Envoy",212,213,214,154,67,99,156,100,159,0,0,0,0,0,0,0,0,0,0,0,0,0,0,0
417,528,14,1,61412,0,"The Ul'dahn Envoy",198,225,199,154,67,101,157,102,160,0,0,0,0,0,0,0,0,0,0,0,0,0,0,0
418,673,14,1,61412,0,"Call of the Sea",0,0,0,0,0,0,0,0,0,0,0,0,0,0,0,0,0,0,0,0,0,0,0,0
419,674,14,1,61412,0,"Call of the Sea",0,0,0,0,0,0,0,0,0,0,0,0,0,0,0,0,0,0,0,0,0,0,0,0
420,245,15,0,61412,0,"It's Probably Pirates",0,0,0,0,0,0,0,0,0,0,0,0,0,0,0,0,0,0,0,0,0,0,0,0
421,676,15,0,61412,0,"Call of the Forest",0,0,0,0,0,0,0,0,0,0,0,0,0,0,0,0,0,0,0,0,0,0,0,0
422,677,16,0,61412,0,"Fire in the Gloom",0,0,0,0,0,0,0,0,0,0,0,0,0,0,0,0,0,0,0,0,0,0,0,0
423,678,16,0,61412,0,"Call of the Desert",0,0,0,0,0,0,0,0,0,0,0,0,0,0,0,0,0,0,0,0,0,0,0,0
424,660,17,0,61412,0,"Into a Copper Hell",76,77,78,79,215,216,0,0,0,0,0,0,0,0,0,0,0,0,0,0,0,0,0,0
425,509,17,0,61412,0,"The Scions of the Seventh Dawn",80,81,161,0,0,0,0,0,0,0,0,0,0,0,0,0,0,0,0,0,0,0,0,0
426,510,17,0,61412,0,"A Wild Rose by Any Other Name",82,0,0,0,0,0,0,0,0,0,0,0,0,0,0,0,0,0,0,0,0,0,0,0
427,618,17,0,61412,0,"Unsolved Mystery",0,0,0,0,0,0,0,0,0,0,0,0,0,0,0,0,0,0,0,0,0,0,0,0
428,619,18,0,61412,0,"What Poor People Think",0,0,0,0,0,0,0,0,0,0,0,0,0,0,0,0,0,0,0,0,0,0,0,0
429,620,18,0,61412,0,"A Proper Burial",0,0,0,0,0,0,0,0,0,0,0,0,0,0,0,0,0,0,0,0,0,0,0,0
430,621,19,0,61412,0,"For the Children",0,0,0,0,0,0,0,0,0,0,0,0,0,0,0,0,0,0,0,0,0,0,0,0
431,622,19,0,61412,0,"Amalj'aa Wrong Places",0,0,0,0,0,0,0,0,0,0,0,0,0,0,0,0,0,0,0,0,0,0,0,0
432,574,19,0,61412,0,"Dressed to Deceive",0,0,0,0,0,0,0,0,0,0,0,0,0,0,0,0,0,0,0,0,0,0,0,0
433,272,19,0,61412,0,"Life, Materia and Everything",83,0,0,0,0,0,0,0,0,0,0,0,0,0,0,0,0,0,0,0,0,0,0,0
434,343,20,0,61412,0,"Lord of the Inferno",84,85,86,87,88,0,0,0,0,0,0,0,0,0,0,0,0,0,0,0,0,0,0,0
435,511,20,0,61412,0,"A Hero in the Making",89,90,151,91,152,92,153,93,0,0,0,0,0,0,0,0,0,0,0,0,0,0,0,0
436,680,20,0,61412,0,"The Company You Keep (Twin Adder)",217,0,0,0,0,0,0,0,0,0,0,0,0,0,0,0,0,0,0,0,0,0,0,0
437,681,20,0,61412,0,"The Company You Keep (Maelstrom)",218,0,0,0,0,0,0,0,0,0,0,0,0,0,0,0,0,0,0,0,0,0,0,0
438,682,20,0,61412,0,"The Company You Keep (Immortal Flames)",219,0,0,0,0,0,0,0,0,0,0,0,0,0,0,0,0,0,0,0,0,0,0,0
439,683,20,0,61412,0,"Wood's Will Be Done",220,391,0,0,0,0,0,0,0,0,0,0,0,0,0,0,0,0,0,0,0,0,0,0
440,684,20,0,61412,0,"Till Sea Swallows All",221,391,0,0,0,0,0,0,0,0,0,0,0,0,0,0,0,0,0,0,0,0,0,0
441,685,20,0,61412,0,"For Coin and Country",222,391,0,0,0,0,0,0,0,0,0,0,0,0,0,0,0,0,0,0,0,0,0,0
442,513,20,0,61412,0,"Sylph-management",150,0,0,0,0,0,0,0,0,0,0,0,0,0,0,0,0,0,0,0,0,0,0,0
443,3856,20,0,61412,0,"We Come in Peace",0,0,0,0,0,0,0,0,0,0,0,0,0,0,0,0,0,0,0,0,0,0,0,0
444,709,20,0,61412,0,"Sylphic Studies",0,0,0,0,0,0,0,0,0,0,0,0,0,0,0,0,0,0,0,0,0,0,0,0
445,710,20,0,61412,0,"First Impressions",0,0,0,0,0,0,0,0,0,0,0,0,0,0,0,0,0,0,0,0,0,0,0,0
446,715,21,0,61412,0,"First Contact",0,0,0,0,0,0,0,0,0,0,0,0,0,0,0,0,0,0,0,0,0,0,0,0
447,3857,21,0,61412,0,"Dance Dance Diplomacy",0,0,0,0,0,0,0,0,0,0,0,0,0,0,0,0,0,0,0,0,0,0,0,0
448,3858,21,0,61412,0,"Forest Friend",0,0,0,0,0,0,0,0,0,0,0,0,0,0,0,0,0,0,0,0,0,0,0,0
449,719,21,0,61412,0,"Presence of the Enemy",0,0,0,0,0,0,0,0,0,0,0,0,0,0,0,0,0,0,0,0,0,0,0,0
450,724,22,0,61412,0,"Brotherly Love",0,0,0,0,0,0,0,0,0,0,0,0,0,0,0,0,0,0,0,0,0,0,0,0
451,725,22,0,61412,0,"Spirited Away",0,0,0,0,0,0,0,0,0,0,0,0,0,0,0,0,0,0,0,0,0,0,0,0
452,3859,22,0,61412,0,"Druthers House Rules",0,0,0,0,0,0,0,0,0,0,0,0,0,0,0,0,0,0,0,0,0,0,0,0
453,3860,23,0,61412,0,"Never Forget",0,0,0,0,0,0,0,0,0,0,0,0,0,0,0,0,0,0,0,0,0,0,0,0
454,3861,23,0,61412,0,"Microbrewing",0,0,0,0,0,0,0,0,0,0,0,0,0,0,0,0,0,0,0,0,0,0,0,0
455,737,23,0,61412,0,"Like Fine Wine",0,0,0,0,0,0,0,0,0,0,0,0,0,0,0,0,0,0,0,0,0,0,0,0
456,738,23,0,61412,0,"Sylphish Concerns",0,0,0,0,0,0,0,0,0,0,0,0,0,0,0,0,0,0,0,0,0,0,0,0
457,3862,23,0,61412,0,"Nouveau Riche",0,0,0,0,0,0,0,0,0,0,0,0,0,0,0,0,0,0,0,0,0,0,0,0
458,514,24,0,61412,0,"Into the Beast's Maw",95,240,241,373,0,0,0,0,0,0,0,0,0,0,0,0,0,0,0,0,0,0,0,0
459,743,24,0,61412,0,"A Simple Gift",0,0,0,0,0,0,0,0,0,0,0,0,0,0,0,0,0,0,0,0,0,0,0,0
460,744,24,0,61412,0,"Believe in Your Sylph",242,0,0,0,0,0,0,0,0,0,0,0,0,0,0,0,0,0,0,0,0,0,0,0
461,746,24,0,61412,0,"Back from the Wood",96,0,0,0,0,0,0,0,0,0,0,0,0,0,0,0,0,0,0,0,0,0,0,0
462,747,24,0,61412,0,"Shadow of Darkness",0,0,0,0,0,0,0,0,0,0,0,0,0,0,0,0,0,0,0,0,0,0,0,0
463,748,24,0,61412,0,"Highbridge Times",0,0,0,0,0,0,0,0,0,0,0,0,0,0,0,0,0,0,0,0,0,0,0,0
464,756,25,0,61412,0,"Where There Is Smoke",0,0,0,0,0,0,0,0,0,0,0,0,0,0,0,0,0,0,0,0,0,0,0,0
465,757,25,0,61412,0,"On to Little Ala Mhigo",0,0,0,0,0,0,0,0,0,0,0,0,0,0,0,0,0,0,0,0,0,0,0,0
466,761,25,0,61412,0,"Tea for Three",0,0,0,0,0,0,0,0,0,0,0,0,0,0,0,0,0,0,0,0,0,0,0,0
467,762,25,0,61412,0,"Foot in the Door",0,0,0,0,0,0,0,0,0,0,0,0,0,0,0,0,0,0,0,0,0,0,0,0
468,763,26,0,61412,0,"Meeting with the Resistance",0,0,0,0,0,0,0,0,0,0,0,0,0,0,0,0,0,0,0,0,0,0,0,0
469,765,26,0,61412,0,"Killing Him Softly",0,0,0,0,0,0,0,0,0,0,0,0,0,0,0,0,0,0,0,0,0,0,0,0
470,774,27,0,61412,0,"Helping Horn",0,0,0,0,0,0,0,0,0,0,0,0,0,0,0,0,0,0,0,0,0,0,0,0
471,775,27,0,61412,0,"He Ain't Heavy",0,0,0,0,0,0,0,0,0,0,0,0,0,0,0,0,0,0,0,0,0,0,0,0
472,776,27,0,61412,0,"Come Highly Recommended",0,0,0,0,0,0,0,0,0,0,0,0,0,0,0,0,0,0,0,0,0,0,0,0
473,777,27,0,61412,0,"The Bear and the Young'uns' Cares",0,0,0,0,0,0,0,0,0,0,0,0,0,0,0,0,0,0,0,0,0,0,0,0
474,778,27,0,61412,0,"Wilred Wants You",0,0,0,0,0,0,0,0,0,0,0,0,0,0,0,0,0,0,0,0,0,0,0,0
475,782,27,0,61412,0,"Big Trouble in Little Ala Mhigo",0,0,0,0,0,0,0,0,0,0,0,0,0,0,0,0,0,0,0,0,0,0,0,0
476,783,27,0,61412,0,"Back to Square One",0,0,0,0,0,0,0,0,0,0,0,0,0,0,0,0,0,0,0,0,0,0,0,0
477,3863,27,0,61412,0,"Terror at Fallgourd",0,0,0,0,0,0,0,0,0,0,0,0,0,0,0,0,0,0,0,0,0,0,0,0
478,3864,28,0,61412,0,"Ziz Is So Ridiculous",0,0,0,0,0,0,0,0,0,0,0,0,0,0,0,0,0,0,0,0,0,0,0,0
479,787,28,0,61412,0,"Rock of Rancor",0,0,0,0,0,0,0,0,0,0,0,0,0,0,0,0,0,0,0,0,0,0,0,0
480,786,28,0,61412,0,"Seeing Eye to Winged Eye",0,0,0,0,0,0,0,0,0,0,0,0,0,0,0,0,0,0,0,0,0,0,0,0
481,799,28,0,61412,0,"Power of Deduction",0,0,0,0,0,0,0,0,0,0,0,0,0,0,0,0,0,0,0,0,0,0,0,0
482,800,28,0,61412,0,"Secret of the White Lily",0,0,0,0,0,0,0,0,0,0,0,0,0,0,0,0,0,0,0,0,0,0,0,0
483,801,28,0,61412,0,"Skeletons in Her Closet",370,0,0,0,0,0,0,0,0,0,0,0,0,0,0,0,0,0,0,0,0,0,0,0
484,516,30,0,61412,0,"Wrath of the Titan",97,0,0,0,0,0,0,0,0,0,0,0,0,0,0,0,0,0,0,0,0,0,0,0
485,809,30,0,61412,0,"Tales from the Tidus Slayer",0,0,0,0,0,0,0,0,0,0,0,0,0,0,0,0,0,0,0,0,0,0,0,0
486,810,30,0,61412,0,"Hungry Hungry Goobbues",0,0,0,0,0,0,0,0,0,0,0,0,0,0,0,0,0,0,0,0,0,0,0,0
487,811,30,0,61412,0,"The Lominsan Way",0,0,0,0,0,0,0,0,0,0,0,0,0,0,0,0,0,0,0,0,0,0,0,0
488,812,30,0,61412,0,"Nix That",0,0,0,0,0,0,0,0,0,0,0,0,0,0,0,0,0,0,0,0,0,0,0,0
489,814,30,0,61412,0,"A Modest Proposal",0,0,0,0,0,0,0,0,0,0,0,0,0,0,0,0,0,0,0,0,0,0,0,0
490,3865,30,0,61412,0,"Trial by Turtle",0,0,0,0,0,0,0,0,0,0,0,0,0,0,0,0,0,0,0,0,0,0,0,0
491,821,31,0,61412,0,"The Perfect Prey",0,0,0,0,0,0,0,0,0,0,0,0,0,0,0,0,0,0,0,0,0,0,0,0
492,822,31,0,61412,0,"When the Worm Turns",0,0,0,0,0,0,0,0,0,0,0,0,0,0,0,0,0,0,0,0,0,0,0,0
493,831,31,0,61412,0,"There and Back Again",0,0,0,0,0,0,0,0,0,0,0,0,0,0,0,0,0,0,0,0,0,0,0,0
494,832,32,0,61412,0,"The Things We Do for Cheese",0,0,0,0,0,0,0,0,0,0,0,0,0,0,0,0,0,0,0,0,0,0,0,0
495,3866,32,0,61412,0,"What Do You Mean You Forgot the Wine",0,0,0,0,0,0,0,0,0,0,0,0,0,0,0,0,0,0,0,0,0,0,0,0
496,840,32,0,61412,0,"An Offer You Can Refuse",0,0,0,0,0,0,0,0,0,0,0,0,0,0,0,0,0,0,0,0,0,0,0,0
497,843,32,0,61412,0,"It Won't Work",0,0,0,0,0,0,0,0,0,0,0,0,0,0,0,0,0,0,0,0,0,0,0,0
498,845,33,0,61412,0,"Give a Man a Drink",0,0,0,0,0,0,0,0,0,0,0,0,0,0,0,0,0,0,0,0,0,0,0,0
499,846,33,0,61412,0,"That Weight",0,0,0,0,0,0,0,0,0,0,0,0,0,0,0,0,0,0,0,0,0,0,0,0
500,848,33,0,61412,0,"Battle Scars",0,0,0,0,0,0,0,0,0,0,0,0,0,0,0,0,0,0,0,0,0,0,0,0
501,850,33,0,61412,0,"It Was a Very Good Year",0,0,0,0,0,0,0,0,0,0,0,0,0,0,0,0,0,0,0,0,0,0,0,0
502,855,33,0,61412,0,"In the Company of Heroes",369,0,0,0,0,0,0,0,0,0,0,0,0,0,0,0,0,0,0,0,0,0,0,0
503,856,33,0,61412,0,"As You Wish",0,0,0,0,0,0,0,0,0,0,0,0,0,0,0,0,0,0,0,0,0,0,0,0
504,857,34,0,61412,0,"Lord of Crags",243,371,244,245,0,0,0,0,0,0,0,0,0,0,0,0,0,0,0,0,0,0,0,0
505,517,34,0,61412,0,"All Good Things",246,98,247,248,0,0,0,0,0,0,0,0,0,0,0,0,0,0,0,0,0,0,0,0
506,3867,35,0,61412,0,"You Can't Take It with You",0,0,0,0,0,0,0,0,0,0,0,0,0,0,0,0,0,0,0,0,0,0,0,0
507,876,35,0,61412,0,"Bringing out the Dead",0,0,0,0,0,0,0,0,0,0,0,0,0,0,0,0,0,0,0,0,0,0,0,0
508,878,35,0,61412,0,"Bury Me Not on the Lone Prairie",0,0,0,0,0,0,0,0,0,0,0,0,0,0,0,0,0,0,0,0,0,0,0,0
509,518,35,0,61412,0,"Eyes on Me",103,0,0,0,0,0,0,0,0,0,0,0,0,0,0,0,0,0,0,0,0,0,0,0
510,883,36,0,61412,0,"He Who Waited Behind",0,0,0,0,0,0,0,0,0,0,0,0,0,0,0,0,0,0,0,0,0,0,0,0
511,884,36,0,61412,0,"Cold Reception",0,0,0,0,0,0,0,0,0,0,0,0,0,0,0,0,0,0,0,0,0,0,0,0
512,886,36,0,61412,0,"The Unending War",0,0,0,0,0,0,0,0,0,0,0,0,0,0,0,0,0,0,0,0,0,0,0,0
513,887,36,0,61412,0,"Men of Honor",0,0,0,0,0,0,0,0,0,0,0,0,0,0,0,0,0,0,0,0,0,0,0,0
514,889,36,0,61412,0,"Three for Three",0,0,0,0,0,0,0,0,0,0,0,0,0,0,0,0,0,0,0,0,0,0,0,0
515,890,36,0,61412,0,"The Rose and the Unicorn",0,0,0,0,0,0,0,0,0,0,0,0,0,0,0,0,0,0,0,0,0,0,0,0
516,897,37,0,61412,0,"The Talk of Coerthas",0,0,0,0,0,0,0,0,0,0,0,0,0,0,0,0,0,0,0,0,0,0,0,0
517,910,38,0,61412,0,"Road to Redemption",0,0,0,0,0,0,0,0,0,0,0,0,0,0,0,0,0,0,0,0,0,0,0,0
518,911,38,0,61412,0,"Following the Evidence",0,0,0,0,0,0,0,0,0,0,0,0,0,0,0,0,0,0,0,0,0,0,0,0
519,912,38,0,61412,0,"In the Eyes of Gods and Men",0,0,0,0,0,0,0,0,0,0,0,0,0,0,0,0,0,0,0,0,0,0,0,0
520,3868,38,0,61412,0,"The Final Flight of the Enterprise",0,0,0,0,0,0,0,0,0,0,0,0,0,0,0,0,0,0,0,0,0,0,0,0
521,924,39,0,61412,0,"Ye of Little Faith",0,0,0,0,0,0,0,0,0,0,0,0,0,0,0,0,0,0,0,0,0,0,0,0
522,927,39,0,61412,0,"Factual Folklore",0,0,0,0,0,0,0,0,0,0,0,0,0,0,0,0,0,0,0,0,0,0,0,0
523,3869,39,0,61412,0,"The Best Inventions",0,0,0,0,0,0,0,0,0,0,0,0,0,0,0,0,0,0,0,0,0,0,0,0
524,938,40,0,61412,0,"Influencing Inquisitors",0,0,0,0,0,0,0,0,0,0,0,0,0,0,0,0,0,0,0,0,0,0,0,0
525,939,40,0,61412,0,"By the Lights of Ishgard",0,0,0,0,0,0,0,0,0,0,0,0,0,0,0,0,0,0,0,0,0,0,0,0
526,940,40,0,61412,0,"Blood for Blood",0,0,0,0,0,0,0,0,0,0,0,0,0,0,0,0,0,0,0,0,0,0,0,0
527,941,40,0,61412,0,"The Heretic among Us",0,0,0,0,0,0,0,0,0,0,0,0,0,0,0,0,0,0,0,0,0,0,0,0
528,952,41,0,61412,0,"In Pursuit of the Past",249,250,0,0,0,0,0,0,0,0,0,0,0,0,0,0,0,0,0,0,0,0,0,0
529,953,41,0,61412,0,"Into the Eye of the Storm",251,0,0,0,0,0,0,0,0,0,0,0,0,0,0,0,0,0,0,0,0,0,0,0
530,955,41,0,61412,0,"Sealed with Science",0,0,0,0,0,0,0,0,0,0,0,0,0,0,0,0,0,0,0,0,0,0,0,0
531,956,41,0,61412,0,"With the Utmost Care",0,0,0,0,0,0,0,0,0,0,0,0,0,0,0,0,0,0,0,0,0,0,0,0
532,959,41,0,61412,0,"A Promising Prospect",0,0,0,0,0,0,0,0,0,0,0,0,0,0,0,0,0,0,0,0,0,0,0,0
533,960,42,0,61412,0,"It's Probably Not Pirates",0,0,0,0,0,0,0,0,0,0,0,0,0,0,0,0,0,0,0,0,0,0,0,0
534,961,42,0,61412,0,"Representing the Representative",0,0,0,0,0,0,0,0,0,0,0,0,0,0,0,0,0,0,0,0,0,0,0,0
535,962,42,0,61412,0,"The Reluctant Researcher",0,0,0,0,0,0,0,0,0,0,0,0,0,0,0,0,0,0,0,0,0,0,0,0
536,963,42,0,61412,0,"Sweet Somethings",0,0,0,0,0,0,0,0,0,0,0,0,0,0,0,0,0,0,0,0,0,0,0,0
537,967,42,0,61412,0,"History Repeating",0,0,0,0,0,0,0,0,0,0,0,0,0,0,0,0,0,0,0,0,0,0,0,0
538,3870,43,0,61412,0,"The Curious Case of Giggity",0,0,0,0,0,0,0,0,0,0,0,0,0,0,0,0,0,0,0,0,0,0,0,0
539,975,43,0,61412,0,"Better Late than Never",0,0,0,0,0,0,0,0,0,0,0,0,0,0,0,0,0,0,0,0,0,0,0,0
540,519,44,0,61412,0,"Lady of the Vortex",104,105,106,107,372,252,253,108,286,0,0,0,0,0,0,0,0,0,0,0,0,0,0,0
541,520,44,0,61412,0,"Reclamation",109,110,111,112,0,0,0,0,0,0,0,0,0,0,0,0,0,0,0,0,0,0,0,0
542,978,44,0,61412,0,"Casing the Castrum",254,0,0,0,0,0,0,0,0,0,0,0,0,0,0,0,0,0,0,0,0,0,0,0
543,980,44,0,61412,0,"Eyes on the Empire",0,0,0,0,0,0,0,0,0,0,0,0,0,0,0,0,0,0,0,0,0,0,0,0
544,981,44,0,61412,0,"Footprints in the Snow",0,0,0,0,0,0,0,0,0,0,0,0,0,0,0,0,0,0,0,0,0,0,0,0
545,982,44,0,61412,0,"Monumental Hopes",0,0,0,0,0,0,0,0,0,0,0,0,0,0,0,0,0,0,0,0,0,0,0,0
546,983,44,0,61412,0,"Notorious Biggs",0,0,0,0,0,0,0,0,0,0,0,0,0,0,0,0,0,0,0,0,0,0,0,0
547,984,44,0,61412,0,"Come-Into-My-Castrum",0,0,0,0,0,0,0,0,0,0,0,0,0,0,0,0,0,0,0,0,0,0,0,0
548,986,44,0,61412,0,"Getting Even with Garlemald",0,0,0,0,0,0,0,0,0,0,0,0,0,0,0,0,0,0,0,0,0,0,0,0
549,1001,45,1,61412,0,"Drowning Out the Voices",0,0,0,0,0,0,0,0,0,0,0,0,0,0,0,0,0,0,0,0,0,0,0,0
550,1002,45,1,61412,0,"Acting the Part",0,0,0,0,0,0,0,0,0,0,0,0,0,0,0,0,0,0,0,0,0,0,0,0
551,3871,45,1,61412,0,"Dressed for Conquest",0,0,0,0,0,0,0,0,0,0,0,0,0,0,0,0,0,0,0,0,0,0,0,0
552,1004,46,0,61412,0,"Fool Me Twice",255,0,0,0,0,0,0,0,0,0,0,0,0,0,0,0,0,0,0,0,0,0,0,0
553,1005,46,0,61412,0,"Every Little Thing She Does Is Magitek",256,257,0,0,0,0,0,0,0,0,0,0,0,0,0,0,0,0,0,0,0,0,0,0
554,521,46,0,61412,0,"Escape from Castrum Centri",293,113,258,259,456,287,114,288,260,0,0,0,0,0,0,0,0,0,0,0,0,0,0,0
555,522,46,0,61412,0,"The Black Wolf's Ultimatum",115,116,0,0,0,0,0,0,0,0,0,0,0,0,0,0,0,0,0,0,0,0,0,0
556,4521,49,0,61412,0,"Operation Archon",117,261,262,2874,263,294,264,0,0,0,0,0,0,0,0,0,0,0,0,0,0,0,0,0
557,1037,49,0,61412,0,"A Hero in Need",0,0,0,0,0,0,0,0,0,0,0,0,0,0,0,0,0,0,0,0,0,0,0,0
558,3872,49,0,61412,0,"Hearts on Fire",0,0,0,0,0,0,0,0,0,0,0,0,0,0,0,0,0,0,0,0,0,0,0,0
559,3873,50,0,61412,0,"Rock the Castrum",265,275,277,0,0,0,0,0,0,0,0,0,0,0,0,0,0,0,0,0,0,0,0,0
560,4522,50,0,61412,0,"The Ultimate Weapon",279,280,392,283,284,118,374,119,127,120,121,122,2873,123,124,125,126,128,296,129,130,131,0,0
561,1175,50,0,61412,0,"The Price of Principles",433,434,0,0,0,0,0,0,0,0,0,0,0,0,0,0,0,0,0,0,0,0,0,0
562,3874,50,0,61412,0,"Moving On",0,0,0,0,0,0,0,0,0,0,0,0,0,0,0,0,0,0,0,0,0,0,0,0
563,3875,50,0,61412,0,"All Things in Time",435,0,0,0,0,0,0,0,0,0,0,0,0,0,0,0,0,0,0,0,0,0,0,0
564,3876,50,0,61412,0,"Laying the Foundation",436,0,0,0,0,0,0,0,0,0,0,0,0,0,0,0,0,0,0,0,0,0,0,0
565,3877,50,0,61412,0,"It's Possibly a Primal",0,0,0,0,0,0,0,0,0,0,0,0,0,0,0,0,0,0,0,0,0,0,0,0
566,1189,50,0,61412,0,"Hail to the King, Kupo",448,0,0,0,0,0,0,0,0,0,0,0,0,0,0,0,0,0,0,0,0,0,0,0
567,1190,50,0,61412,0,"You Have Selected Regicide",401,402,0,0,0,0,0,0,0,0,0,0,0,0,0,0,0,0,0,0,0,0,0,0
568,1191,50,0,61412,0,"On the Properties of Primals",0,0,0,0,0,0,0,0,0,0,0,0,0,0,0,0,0,0,0,0,0,0,0,0
569,1192,50,0,61412,0,"The Gifted",437,438,439,440,0,0,0,0,0,0,0,0,0,0,0,0,0,0,0,0,0,0,0,0
570,3878,50,0,61412,0,"Build on the Stone",450,451,0,0,0,0,0,0,0,0,0,0,0,0,0,0,0,0,0,0,0,0,0,0
571,3879,50,0,61412,0,"Still Waters",460,0,0,0,0,0,0,0,0,0,0,0,0,0,0,0,0,0,0,0,0,0,0,0
572,1346,50,0,61412,0,"A Final Temptation",0,0,0,0,0,0,0,0,0,0,0,0,0,0,0,0,0,0,0,0,0,0,0,0
573,1347,50,0,61412,0,"The Mother of Exiles",461,462,0,0,0,0,0,0,0,0,0,0,0,0,0,0,0,0,0,0,0,0,0,0
574,3880,50,0,61412,0,"Promises to Keep",0,0,0,0,0,0,0,0,0,0,0,0,0,0,0,0,0,0,0,0,0,0,0,0
575,3881,50,0,61412,0,"Yugiri's Game",0,0,0,0,0,0,0,0,0,0,0,0,0,0,0,0,0,0,0,0,0,0,0,0
576,1352,50,0,61412,0,"Why We Adventure",463,0,0,0,0,0,0,0,0,0,0,0,0,0,0,0,0,0,0,0,0,0,0,0
577,3882,50,0,61412,0,"All Due Respect",464,465,466,0,0,0,0,0,0,0,0,0,0,0,0,0,0,0,0,0,0,0,0,0
578,1356,50,0,61412,0,"The Sea Rises",0,0,0,0,0,0,0,0,0,0,0,0,0,0,0,0,0,0,0,0,0,0,0,0
579,1358,50,0,61412,0,"Scouts in Distress",0,0,0,0,0,0,0,0,0,0,0,0,0,0,0,0,0,0,0,0,0,0,0,0
580,1359,50,0,61412,0,"The Gift of Eternity",467,468,0,0,0,0,0,0,0,0,0,0,0,0,0,0,0,0,0,0,0,0,0,0
581,1360,50,0,61412,0,"Into the Heart of the Whorl",469,0,0,0,0,0,0,0,0,0,0,0,0,0,0,0,0,0,0,0,0,0,0,0
582,1361,50,0,61412,0,"Lord of the Whorl",470,525,471,472,0,0,0,0,0,0,0,0,0,0,0,0,0,0,0,0,0,0,0,0
583,1362,50,0,61412,0,"When Yugiri Met the Fraternity",0,0,0,0,0,0,0,0,0,0,0,0,0,0,0,0,0,0,0,0,0,0,0,0
584,1363,50,0,61412,0,"Through the Maelstrom",473,474,0,0,0,0,0,0,0,0,0,0,0,0,0,0,0,0,0,0,0,0,0,0
585,1442,50,0,61412,0,"The Great Divide",484,0,0,0,0,0,0,0,0,0,0,0,0,0,0,0,0,0,0,0,0,0,0,0
586,1443,50,0,61412,0,"Desperate Times",0,0,0,0,0,0,0,0,0,0,0,0,0,0,0,0,0,0,0,0,0,0,0,0
587,3883,50,0,61412,0,"Shock and Awe",0,0,0,0,0,0,0,0,0,0,0,0,0,0,0,0,0,0,0,0,0,0,0,0
588,3884,50,0,61412,0,"Reap the Whirlwind",572,0,0,0,0,0,0,0,0,0,0,0,0,0,0,0,0,0,0,0,0,0,0,0
589,1446,50,0,61412,0,"Revolution",488,528,529,0,0,0,0,0,0,0,0,0,0,0,0,0,0,0,0,0,0,0,0,0
590,1447,50,0,61412,0,"Stories We Tell",0,0,0,0,0,0,0,0,0,0,0,0,0,0,0,0,0,0,0,0,0,0,0,0
591,1448,50,0,61412,0,"Lord of Levin",533,0,0,0,0,0,0,0,0,0,0,0,0,0,0,0,0,0,0,0,0,0,0,0
592,3885,50,0,61412,0,"Levin an Impression",534,561,562,535,0,0,0,0,0,0,0,0,0,0,0,0,0,0,0,0,0,0,0,0
593,1453,50,0,61412,0,"What Little Gods Are Made Of",536,537,542,0,0,0,0,0,0,0,0,0,0,0,0,0,0,0,0,0,0,0,0,0
594,1456,50,0,61412,0,"Guardian of Eorzea",580,0,0,0,0,0,0,0,0,0,0,0,0,0,0,0,0,0,0,0,0,0,0,0
595,1457,50,0,61412,0,"Recruiting the Realm",538,0,0,0,0,0,0,0,0,0,0,0,0,0,0,0,0,0,0,0,0,0,0,0
596,1458,50,0,61412,0,"Heretical Harassment",0,0,0,0,0,0,0,0,0,0,0,0,0,0,0,0,0,0,0,0,0,0,0,0
597,1459,50,0,61412,0,"When the Cold Sets In",530,531,532,0,0,0,0,0,0,0,0,0,0,0,0,0,0,0,0,0,0,0,0,0
598,1460,50,0,61412,0,"Brave New Companions",539,540,543,544,0,0,0,0,0,0,0,0,0,0,0,0,0,0,0,0,0,0,0,0
599,52,50,0,61412,0,"Traitor in the Midst",606,607,0,0,0,0,0,0,0,0,0,0,0,0,0,0,0,0,0,0,0,0,0,0
600,53,50,0,61412,0,"Back and Fourth",0,0,0,0,0,0,0,0,0,0,0,0,0,0,0,0,0,0,0,0,0,0,0,0
601,54,50,0,61412,0,"Coming to Terms",608,609,0,0,0,0,0,0,0,0,0,0,0,0,0,0,0,0,0,0,0,0,0,0
602,57,50,0,61412,0,"The Intercession of Saints",0,0,0,0,0,0,0,0,0,0,0,0,0,0,0,0,0,0,0,0,0,0,0,0
603,62,50,0,61412,0,"Strength in Unity",610,0,0,0,0,0,0,0,0,0,0,0,0,0,0,0,0,0,0,0,0,0,0,0
604,69,50,0,61412,0,"Dark Words, Dark Deeds",0,0,0,0,0,0,0,0,0,0,0,0,0,0,0,0,0,0,0,0,0,0,0,0
605,74,50,0,61412,0,"First Blood",0,0,0,0,0,0,0,0,0,0,0,0,0,0,0,0,0,0,0,0,0,0,0,0
606,75,50,0,61412,0,"The Path of the Righteous",611,612,0,0,0,0,0,0,0,0,0,0,0,0,0,0,0,0,0,0,0,0,0,0
607,77,50,0,61412,0,"For the Greater Good",613,0,0,0,0,0,0,0,0,0,0,0,0,0,0,0,0,0,0,0,0,0,0,0
608,78,50,0,61412,0,"Tendrils of Intrigue",615,616,617,0,0,0,0,0,0,0,0,0,0,0,0,0,0,0,0,0,0,0,0,0
609,3886,50,0,61412,0,"Chasing Ivy",618,0,0,0,0,0,0,0,0,0,0,0,0,0,0,0,0,0,0,0,0,0,0,0
610,3887,50,0,61412,0,"In Flagrante Delicto",614,0,0,0,0,0,0,0,0,0,0,0,0,0,0,0,0,0,0,0,0,0,0,0
611,82,50,0,61412,0,"A Simple Plan",619,620,0,0,0,0,0,0,0,0,0,0,0,0,0,0,0,0,0,0,0,0,0,0
612,84,50,0,61412,0,"The Instruments of Our Deliverance",621,622,642,623,0,0,0,0,0,0,0,0,0,0,0,0,0,0,0,0,0,0,0,0
613,86,50,0,61412,0,"The Road Less Traveled",624,0,0,0,0,0,0,0,0,0,0,0,0,0,0,0,0,0,0,0,0,0,0,0
614,87,50,0,61412,0,"Eyes Unclouded",625,0,0,0,0,0,0,0,0,0,0,0,0,0,0,0,0,0,0,0,0,0,0,0
615,88,50,0,61412,0,"The Reason Roaille",626,0,0,0,0,0,0,0,0,0,0,0,0,0,0,0,0,0,0,0,0,0,0,0
616,89,50,0,61412,0,"Let Us Cling Together",627,628,629,0,0,0,0,0,0,0,0,0,0,0,0,0,0,0,0,0,0,0,0,0
617,363,50,0,61412,0,"Good Intentions",694,0,0,0,0,0,0,0,0,0,0,0,0,0,0,0,0,0,0,0,0,0,0,0
618,364,50,0,61412,0,"Bait and Switch",0,0,0,0,0,0,0,0,0,0,0,0,0,0,0,0,0,0,0,0,0,0,0,0
619,365,50,0,61412,0,"Best-laid Schemes",0,0,0,0,0,0,0,0,0,0,0,0,0,0,0,0,0,0,0,0,0,0,0,0
620,366,50,0,61412,0,"The Rising Chorus",695,696,697,698,699,0,0,0,0,0,0,0,0,0,0,0,0,0,0,0,0,0,0,0
621,3888,50,0,61412,0,"Aether on Demand",700,0,0,0,0,0,0,0,0,0,0,0,0,0,0,0,0,0,0,0,0,0,0,0
622,368,50,0,61412,0,"On the Counteroffensive",0,0,0,0,0,0,0,0,0,0,0,0,0,0,0,0,0,0,0,0,0,0,0,0
623,369,50,0,61412,0,"An Uninvited Ascian",701,702,777,778,703,704,0,0,0,0,0,0,0,0,0,0,0,0,0,0,0,0,0,0
624,429,50,0,61412,0,"In Memory of Moenbryda",734,0,0,0,0,0,0,0,0,0,0,0,0,0,0,0,0,0,0,0,0,0,0,0
625,370,50,0,61412,0,"Mask of Grief",705,0,0,0,0,0,0,0,0,0,0,0,0,0,0,0,0,0,0,0,0,0,0,0
626,371,50,0,61412,0,"Defenders for Ishgard",706,0,0,0,0,0,0,0,0,0,0,0,0,0,0,0,0,0,0,0,0,0,0,0
627,372,50,0,61412,0,"The Wyrm's Roar",707,0,0,0,0,0,0,0,0,0,0,0,0,0,0,0,0,0,0,0,0,0,0,0
628,373,50,0,61412,0,"Committed to the Cause",708,0,0,0,0,0,0,0,0,0,0,0,0,0,0,0,0,0,0,0,0,0,0,0
629,391,50,0,61412,0,"Volunteer Dragonslayers",0,0,0,0,0,0,0,0,0,0,0,0,0,0,0,0,0,0,0,0,0,0,0,0
630,418,50,0,61412,0,"An Allied Perspective",709,0,0,0,0,0,0,0,0,0,0,0,0,0,0,0,0,0,0,0,0,0,0,0
631,4591,50,0,61412,0,"The Steps of Faith",745,746,710,0,0,0,0,0,0,0,0,0,0,0,0,0,0,0,0,0,0,0,0,0
632,420,50,0,61412,0,"Administrative Decision",0,0,0,0,0,0,0,0,0,0,0,0,0,0,0,0,0,0,0,0,0,0,0,0
633,421,50,0,61412,0,"An Unexpected Ambition",0,0,0,0,0,0,0,0,0,0,0,0,0,0,0,0,0,0,0,0,0,0,0,0
634,422,50,0,61412,0,"Ancient Ways, Timeless Wants",0,0,0,0,0,0,0,0,0,0,0,0,0,0,0,0,0,0,0,0,0,0,0,0
635,423,50,0,61412,0,"Where We Are Needed",0,0,0,0,0,0,0,0,0,0,0,0,0,0,0,0,0,0,0,0,0,0,0,0
636,424,50,0,61412,0,"The Least among Us",0,0,0,0,0,0,0,0,0,0,0,0,0,0,0,0,0,0,0,0,0,0,0,0
637,425,50,0,61412,0,"A Time to Every Purpose",711,0,0,0,0,0,0,0,0,0,0,0,0,0,0,0,0,0,0,0,0,0,0,0
638,426,50,0,61412,0,"Come, but Not Gone",712,0,0,0,0,0,0,0,0,0,0,0,0,0,0,0,0,0,0,0,0,0,0,0
639,427,50,0,61412,0,"The Parting Glass",713,714,715,716,717,718,719,720,784,721,722,723,724,783,725,726,727,728,729,750,751,752,0,0
640,428,50,0,61412,0,"Before the Dawn",730,781,731,732,753,733,0,0,0,0,0,0,0,0,0,0,0,0,0,0,0,0,0,0
641,1580,50,0,61412,0,"Coming to Ishgard",785,786,787,788,0,0,0,0,0,0,0,0,0,0,0,0,0,0,0,0,0,0,0,0
642,1581,50,0,61412,0,"Taking in the Sights",789,0,0,0,0,0,0,0,0,0,0,0,0,0,0,0,0,0,0,0,0,0,0,0
643,1582,50,0,61412,0,"The Better Half",790,0,0,0,0,0,0,0,0,0,0,0,0,0,0,0,0,0,0,0,0,0,0,0
644,1583,50,0,61412,0,"Over the Wall",791,0,0,0,0,0,0,0,0,0,0,0,0,0,0,0,0,0,0,0,0,0,0,0
645,1584,50,0,61412,0,"Work in Progress",0,0,0,0,0,0,0,0,0,0,0,0,0,0,0,0,0,0,0,0,0,0,0,0
646,1585,50,0,61412,0,"The First and Foremost",0,0,0,0,0,0,0,0,0,0,0,0,0,0,0,0,0,0,0,0,0,0,0,0
647,1586,50,0,61412,0,"From on High",0,0,0,0,0,0,0,0,0,0,0,0,0,0,0,0,0,0,0,0,0,0,0,0
648,1587,50,0,61412,0,"Reconnaissance Lost",0,0,0,0,0,0,0,0,0,0,0,0,0,0,0,0,0,0,0,0,0,0,0,0
649,1588,50,0,61412,0,"At the End of Our Hope",792,0,0,0,0,0,0,0,0,0,0,0,0,0,0,0,0,0,0,0,0,0,0,0
650,1589,50,0,61412,0,"Knights Be Not Proud",0,0,0,0,0,0,0,0,0,0,0,0,0,0,0,0,0,0,0,0,0,0,0,0
651,1590,50,0,61412,0,"Onwards and Upwards",793,0,0,0,0,0,0,0,0,0,0,0,0,0,0,0,0,0,0,0,0,0,0,0
652,1591,50,0,61412,0,"An Indispensable Ally",0,0,0,0,0,0,0,0,0,0,0,0,0,0,0,0,0,0,0,0,0,0,0,0
653,1592,50,0,61412,0,"Meeting the Neighbors",0,0,0,0,0,0,0,0,0,0,0,0,0,0,0,0,0,0,0,0,0,0,0,0
654,1593,50,0,61412,0,"Sense of Urgency",0,0,0,0,0,0,0,0,0,0,0,0,0,0,0,0,0,0,0,0,0,0,0,0
655,1594,50,0,61412,0,"Hope Springs Eternal",0,0,0,0,0,0,0,0,0,0,0,0,0,0,0,0,0,0,0,0,0,0,0,0
656,1595,50,0,61412,0,"A Series of Unfortunate Events",794,0,0,0,0,0,0,0,0,0,0,0,0,0,0,0,0,0,0,0,0,0,0,0
657,1596,50,0,61412,0,"A Reward Long in Coming",0,0,0,0,0,0,0,0,0,0,0,0,0,0,0,0,0,0,0,0,0,0,0,0
658,1597,50,0,61412,0,"Divine Intervention",795,796,0,0,0,0,0,0,0,0,0,0,0,0,0,0,0,0,0,0,0,0,0,0
659,1598,50,0,61412,0,"Disclosure",797,798,0,0,0,0,0,0,0,0,0,0,0,0,0,0,0,0,0,0,0,0,0,0
660,1599,51,0,61412,0,"Flame General Affairs",799,0,0,0,0,0,0,0,0,0,0,0,0,0,0,0,0,0,0,0,0,0,0,0
661,1600,51,0,61412,0,"In Search of Raubahn",0,0,0,0,0,0,0,0,0,0,0,0,0,0,0,0,0,0,0,0,0,0,0,0
662,1601,51,0,61412,0,"Keeping the Flame Alive",800,801,802,803,0,0,0,0,0,0,0,0,0,0,0,0,0,0,0,0,0,0,0,0
663,1602,51,0,61412,0,"To Siege or Not to Siege",0,0,0,0,0,0,0,0,0,0,0,0,0,0,0,0,0,0,0,0,0,0,0,0
664,1603,51,0,61412,0,"Alphinaud's Way",804,805,806,0,0,0,0,0,0,0,0,0,0,0,0,0,0,0,0,0,0,0,0,0
665,1604,51,0,61412,0,"In Search of Iceheart",0,0,0,0,0,0,0,0,0,0,0,0,0,0,0,0,0,0,0,0,0,0,0,0
666,1605,51,0,61412,0,"From One Heretic to Another",0,0,0,0,0,0,0,0,0,0,0,0,0,0,0,0,0,0,0,0,0,0,0,0
667,1606,51,0,61412,0,"Sounding Out the Amphitheatre",0,0,0,0,0,0,0,0,0,0,0,0,0,0,0,0,0,0,0,0,0,0,0,0
668,1607,51,0,61412,0,"Camp of the Convictors",0,0,0,0,0,0,0,0,0,0,0,0,0,0,0,0,0,0,0,0,0,0,0,0
669,1608,51,0,61412,0,"Purple Flame, Purple Flame",807,808,809,810,811,0,0,0,0,0,0,0,0,0,0,0,0,0,0,0,0,0,0,0
670,1609,52,0,61412,0,"Where the Chocobos Roam",812,0,0,0,0,0,0,0,0,0,0,0,0,0,0,0,0,0,0,0,0,0,0,0
671,1610,52,0,61412,0,"Worse than Dragons",0,0,0,0,0,0,0,0,0,0,0,0,0,0,0,0,0,0,0,0,0,0,0,0
672,1611,52,0,61412,0,"The Trine Towers",813,0,0,0,0,0,0,0,0,0,0,0,0,0,0,0,0,0,0,0,0,0,0,0
673,1612,52,0,61412,0,"Gifts for the Outcasts",0,0,0,0,0,0,0,0,0,0,0,0,0,0,0,0,0,0,0,0,0,0,0,0
674,1613,52,0,61412,0,"The Nonmind",0,0,0,0,0,0,0,0,0,0,0,0,0,0,0,0,0,0,0,0,0,0,0,0
675,1614,53,0,61412,0,"A Gnathic Deity",0,0,0,0,0,0,0,0,0,0,0,0,0,0,0,0,0,0,0,0,0,0,0,0
676,1615,53,0,61412,0,"Breaking into Hives",0,0,0,0,0,0,0,0,0,0,0,0,0,0,0,0,0,0,0,0,0,0,0,0
677,1616,53,0,61412,0,"Lord of the Hive",814,815,1023,1016,816,0,0,0,0,0,0,0,0,0,0,0,0,0,0,0,0,0,0,0
678,1617,53,0,61412,0,"Mourn in Passing",817,916,818,819,820,0,0,0,0,0,0,0,0,0,0,0,0,0,0,0,0,0,0,0
679,1618,53,0,61412,0,"Beyond the Clouds",0,0,0,0,0,0,0,0,0,0,0,0,0,0,0,0,0,0,0,0,0,0,0,0
680,1619,54,0,61412,0,"Mountaintop Diplomacy",821,822,0,0,0,0,0,0,0,0,0,0,0,0,0,0,0,0,0,0,0,0,0,0
681,1620,54,0,61412,0,"Moghan's Trial",0,0,0,0,0,0,0,0,0,0,0,0,0,0,0,0,0,0,0,0,0,0,0,0
682,1621,54,0,61412,0,"Mogmug's Trial",0,0,0,0,0,0,0,0,0,0,0,0,0,0,0,0,0,0,0,0,0,0,0,0
683,1622,54,0,61412,0,"Mogwin's Trial",0,0,0,0,0,0,0,0,0,0,0,0,0,0,0,0,0,0,0,0,0,0,0,0
684,1623,54,0,61412,0,"Moglin's Judgment",823,0,0,0,0,0,0,0,0,0,0,0,0,0,0,0,0,0,0,0,0,0,0,0
685,1624,54,0,61412,0,"Leaving Moghome",0,0,0,0,0,0,0,0,0,0,0,0,0,0,0,0,0,0,0,0,0,0,0,0
686,1625,54,0,61412,0,"The Road to Zenith",0,0,0,0,0,0,0,0,0,0,0,0,0,0,0,0,0,0,0,0,0,0,0,0
687,1626,54,0,61412,0,"Waiting for the Wind to Change",824,996,0,0,0,0,0,0,0,0,0,0,0,0,0,0,0,0,0,0,0,0,0,0
688,1627,54,0,61412,0,"Heart of Ice",825,826,827,0,0,0,0,0,0,0,0,0,0,0,0,0,0,0,0,0,0,0,0,0
689,1628,54,0,61412,0,"The Wyrm's Lair",828,829,0,0,0,0,0,0,0,0,0,0,0,0,0,0,0,0,0,0,0,0,0,0
690,1629,54,0,61412,0,"New Winds, Old Friends",830,0,0,0,0,0,0,0,0,0,0,0,0,0,0,0,0,0,0,0,0,0,0,0
691,1630,54,0,61412,0,"A General Summons",831,832,0,0,0,0,0,0,0,0,0,0,0,0,0,0,0,0,0,0,0,0,0,0
692,1631,54,0,61412,0,"Awakening in Ul'dah",833,834,835,0,0,0,0,0,0,0,0,0,0,0,0,0,0,0,0,0,0,0,0,0
693,1632,54,0,61412,0,"A Brave Resolution",1038,0,0,0,0,0,0,0,0,0,0,0,0,0,0,0,0,0,0,0,0,0,0,0
694,1633,55,0,61412,0,"Ready to Fly",836,0,0,0,0,0,0,0,0,0,0,0,0,0,0,0,0,0,0,0,0,0,0,0
695,1634,55,0,61412,0,"Into the Aery",945,837,838,839,840,841,842,0,0,0,0,0,0,0,0,0,0,0,0,0,0,0,0,0
696,1635,55,0,61412,0,"The Song Begins",843,844,845,0,0,0,0,0,0,0,0,0,0,0,0,0,0,0,0,0,0,0,0,0
697,1636,56,0,61412,0,"Unrest in Ishgard",846,847,849,850,0,0,0,0,0,0,0,0,0,0,0,0,0,0,0,0,0,0,0,0
698,1637,56,0,61412,0,"He Who Would Not Be Denied",851,852,0,0,0,0,0,0,0,0,0,0,0,0,0,0,0,0,0,0,0,0,0,0
699,1638,56,0,61412,0,"Ill-weather Friends",0,0,0,0,0,0,0,0,0,0,0,0,0,0,0,0,0,0,0,0,0,0,0,0
700,1993,56,0,61412,0,"The Spice of Life",0,0,0,0,0,0,0,0,0,0,0,0,0,0,0,0,0,0,0,0,0,0,0,0
701,1994,56,0,61412,0,"Noble Indiscretions",0,0,0,0,0,0,0,0,0,0,0,0,0,0,0,0,0,0,0,0,0,0,0,0
702,1995,56,0,61412,0,"A Child Apart",0,0,0,0,0,0,0,0,0,0,0,0,0,0,0,0,0,0,0,0,0,0,0,0
703,1996,56,0,61412,0,"Bloodlines",0,0,0,0,0,0,0,0,0,0,0,0,0,0,0,0,0,0,0,0,0,0,0,0
704,1639,57,0,61412,0,"Fire and Blood",853,854,855,0,0,0,0,0,0,0,0,0,0,0,0,0,0,0,0,0,0,0,0,0
705,1640,57,0,61412,0,"A Knight's Calling",856,857,0,0,0,0,0,0,0,0,0,0,0,0,0,0,0,0,0,0,0,0,0,0
706,1641,57,0,61412,0,"The Sins of Antiquity",858,859,861,862,0,0,0,0,0,0,0,0,0,0,0,0,0,0,0,0,0,0,0,0
707,1642,57,0,61412,0,"In Search of the Soleil",863,0,0,0,0,0,0,0,0,0,0,0,0,0,0,0,0,0,0,0,0,0,0,0
708,1643,57,0,61412,0,"Into the Blue",864,0,0,0,0,0,0,0,0,0,0,0,0,0,0,0,0,0,0,0,0,0,0,0
709,1644,57,0,61412,0,"Familiar Faces",0,0,0,0,0,0,0,0,0,0,0,0,0,0,0,0,0,0,0,0,0,0,0,0
710,1645,57,0,61412,0,"Devourer of Worlds",865,866,0,0,0,0,0,0,0,0,0,0,0,0,0,0,0,0,0,0,0,0,0,0
711,1646,57,0,61412,0,"Black and the White",0,0,0,0,0,0,0,0,0,0,0,0,0,0,0,0,0,0,0,0,0,0,0,0
712,1647,57,0,61412,0,"Bolt, Chain, and Island",1014,1015,1022,867,868,869,870,0,0,0,0,0,0,0,0,0,0,0,0,0,0,0,0,0
713,1648,57,0,61412,0,"A Difference of Opinion",871,0,0,0,0,0,0,0,0,0,0,0,0,0,0,0,0,0,0,0,0,0,0,0
714,1649,57,0,61412,0,"One Good Turn",872,873,0,0,0,0,0,0,0,0,0,0,0,0,0,0,0,0,0,0,0,0,0,0
715,1650,57,0,61412,0,"An Engineering Enterprise",874,0,0,0,0,0,0,0,0,0,0,0,0,0,0,0,0,0,0,0,0,0,0,0
716,1651,57,0,61412,0,"Aetherial Trail",875,876,0,0,0,0,0,0,0,0,0,0,0,0,0,0,0,0,0,0,0,0,0,0
717,1652,57,0,61412,0,"Lost in the Lifestream",877,878,0,0,0,0,0,0,0,0,0,0,0,0,0,0,0,0,0,0,0,0,0,0
718,1653,57,0,61412,0,"Tataru's Surprise",879,969,0,0,0,0,0,0,0,0,0,0,0,0,0,0,0,0,0,0,0,0,0,0
719,1654,57,0,61412,0,"Onward to Sharlayan",0,0,0,0,0,0,0,0,0,0,0,0,0,0,0,0,0,0,0,0,0,0,0,0
720,1655,58,0,61412,0,"A Great New Nation",880,881,0,0,0,0,0,0,0,0,0,0,0,0,0,0,0,0,0,0,0,0,0,0
721,1656,58,0,61412,0,"Golems Begone",0,0,0,0,0,0,0,0,0,0,0,0,0,0,0,0,0,0,0,0,0,0,0,0
722,1657,58,0,61412,0,"An Illuminati Incident",0,0,0,0,0,0,0,0,0,0,0,0,0,0,0,0,0,0,0,0,0,0,0,0
723,1658,58,0,61412,0,"Leaving Idyllshire",1021,0,0,0,0,0,0,0,0,0,0,0,0,0,0,0,0,0,0,0,0,0,0,0
724,1659,59,0,61412,0,"Matoya's Cave",882,911,0,0,0,0,0,0,0,0,0,0,0,0,0,0,0,0,0,0,0,0,0,0
725,1660,59,0,61412,0,"Forbidden Knowledge",883,884,885,0,0,0,0,0,0,0,0,0,0,0,0,0,0,0,0,0,0,0,0,0
726,1661,59,0,61412,0,"An Eye for Aether",886,887,0,0,0,0,0,0,0,0,0,0,0,0,0,0,0,0,0,0,0,0,0,0
727,1662,59,0,61412,0,"Hour of Departure",1039,0,0,0,0,0,0,0,0,0,0,0,0,0,0,0,0,0,0,0,0,0,0,0
728,1663,59,0,61412,0,"The First Flight of the Excelsior",888,889,990,890,0,0,0,0,0,0,0,0,0,0,0,0,0,0,0,0,0,0,0,0
729,1664,59,0,61412,0,"Systematic Exploration",891,892,0,0,0,0,0,0,0,0,0,0,0,0,0,0,0,0,0,0,0,0,0,0
730,1665,59,0,61412,0,"In Node We Trust",1019,1037,0,0,0,0,0,0,0,0,0,0,0,0,0,0,0,0,0,0,0,0,0,0
731,1666,59,0,61412,0,"Chimerical Maintenance",1020,893,0,0,0,0,0,0,0,0,0,0,0,0,0,0,0,0,0,0,0,0,0,0
732,1667,59,0,61412,0,"Close Encounters of the VIth Kind",894,895,896,0,0,0,0,0,0,0,0,0,0,0,0,0,0,0,0,0,0,0,0,0
733,1668,59,0,61412,0,"Fetters of Lament",897,898,899,0,0,0,0,0,0,0,0,0,0,0,0,0,0,0,0,0,0,0,0,0
734,1669,60,0,61412,0,"Heavensward",900,901,902,977,903,978,904,905,906,907,860,910,908,909,0,0,0,0,0,0,0,0,0,0
735,2156,60,0,61412,0,"An Uncertain Future",1044,1045,1046,0,0,0,0,0,0,0,0,0,0,0,0,0,0,0,0,0,0,0,0,0
736,2157,60,0,61412,0,"Breaking the Cycle",0,0,0,0,0,0,0,0,0,0,0,0,0,0,0,0,0,0,0,0,0,0,0,0
737,2158,60,0,61412,0,"Another Time, Another Place",1047,0,0,0,0,0,0,0,0,0,0,0,0,0,0,0,0,0,0,0,0,0,0,0
738,2159,60,0,61412,0,"In the Eye of the Beholder",1048,0,0,0,0,0,0,0,0,0,0,0,0,0,0,0,0,0,0,0,0,0,0,0
739,2160,60,0,61412,0,"A Little Slow, a Little Late",1049,1050,1051,1098,1052,0,0,0,0,0,0,0,0,0,0,0,0,0,0,0,0,0,0,0
740,2161,60,0,61412,0,"Dreams of the Lost",1053,0,0,0,0,0,0,0,0,0,0,0,0,0,0,0,0,0,0,0,0,0,0,0
741,2162,60,0,61412,0,"Against the Dying of the Light",0,0,0,0,0,0,0,0,0,0,0,0,0,0,0,0,0,0,0,0,0,0,0,0
742,2163,60,0,61412,0,"As Goes Light, So Goes Darkness",1054,1055,1056,1057,1058,1059,1060,0,0,0,0,0,0,0,0,0,0,0,0,0,0,0,0,0
743,2231,60,0,61412,0,"As It Once Was",1140,0,0,0,0,0,0,0,0,0,0,0,0,0,0,0,0,0,0,0,0,0,0,0
744,2232,60,0,61412,0,"The Word of the Mother",1141,1142,3003,1143,0,0,0,0,0,0,0,0,0,0,0,0,0,0,0,0,0,0,0,0
745,2233,60,0,61412,0,"This War of Ours",1144,0,0,0,0,0,0,0,0,0,0,0,0,0,0,0,0,0,0,0,0,0,0,0
746,2234,60,0,61412,0,"Staunch Conviction",0,0,0,0,0,0,0,0,0,0,0,0,0,0,0,0,0,0,0,0,0,0,0,0
747,2235,60,0,61412,0,"Once More, a Favor",0,0,0,0,0,0,0,0,0,0,0,0,0,0,0,0,0,0,0,0,0,0,0,0
748,2236,60,0,61412,0,"For Those We Have Lost",1145,1146,1147,0,0,0,0,0,0,0,0,0,0,0,0,0,0,0,0,0,0,0,0,0
749,2237,60,0,61412,0,"Consequences",1148,0,0,0,0,0,0,0,0,0,0,0,0,0,0,0,0,0,0,0,0,0,0,0
750,2238,60,0,61412,0,"Choices",1149,0,0,0,0,0,0,0,0,0,0,0,0,0,0,0,0,0,0,0,0,0,0,0
751,2239,60,0,61412,0,"A Spectacle for the Ages",1150,1157,1151,1169,0,0,0,0,0,0,0,0,0,0,0,0,0,0,0,0,0,0,0,0
752,2240,60,0,61412,0,"For Those We Can Yet Save",1152,1170,1153,0,0,0,0,0,0,0,0,0,0,0,0,0,0,0,0,0,0,0,0,0
753,2241,60,0,61412,0,"Causes and Costs",1154,1155,1156,1198,0,0,0,0,0,0,0,0,0,0,0,0,0,0,0,0,0,0,0,0
754,2242,60,0,61412,0,"The Man Within",1171,1172,0,0,0,0,0,0,0,0,0,0,0,0,0,0,0,0,0,0,0,0,0,0
755,2243,60,0,61412,0,"An Ally for Ishgard",1173,0,0,0,0,0,0,0,0,0,0,0,0,0,0,0,0,0,0,0,0,0,0,0
756,2244,60,0,61412,0,"Winning Over the Wyrm",1174,1175,1176,0,0,0,0,0,0,0,0,0,0,0,0,0,0,0,0,0,0,0,0,0
757,2245,60,0,61412,0,"An End to the Song",1199,1177,1178,1200,1201,1225,1226,1179,1180,0,0,0,0,0,0,0,0,0,0,0,0,0,0,0
758,2246,60,0,61412,0,"Heroes of the Hour",1181,0,0,0,0,0,0,0,0,0,0,0,0,0,0,0,0,0,0,0,0,0,0,0
759,2247,60,0,61412,0,"Litany of Peace",1182,1183,1184,1185,1186,1187,1188,0,0,0,0,0,0,0,0,0,0,0,0,0,0,0,0,0
760,2341,60,0,61412,0,"Promises Kept",1253,1254,1255,0,0,0,0,0,0,0,0,0,0,0,0,0,0,0,0,0,0,0,0,0
761,2342,60,0,61412,0,"Shadows of the First",1256,0,0,0,0,0,0,0,0,0,0,0,0,0,0,0,0,0,0,0,0,0,0,0
762,2343,60,0,61412,0,"Two Sides of a Coin",1257,0,0,0,0,0,0,0,0,0,0,0,0,0,0,0,0,0,0,0,0,0,0,0
763,2344,60,0,61412,0,"Unlikely Allies",0,0,0,0,0,0,0,0,0,0,0,0,0,0,0,0,0,0,0,0,0,0,0,0
764,2345,60,0,61412,0,"The Beast That Mourned at the Heart of the Mountain",1258,0,0,0,0,0,0,0,0,0,0,0,0,0,0,0,0,0,0,0,0,0,0,0
765,2346,60,0,61412,0,"Beneath a Star-filled Sky",1259,1260,0,0,0,0,0,0,0,0,0,0,0,0,0,0,0,0,0,0,0,0,0,0
766,2347,60,0,61412,0,"When We Were Free",1261,0,0,0,0,0,0,0,0,0,0,0,0,0,0,0,0,0,0,0,0,0,0,0
767,2348,60,0,61412,0,"Honorable Heroes",1262,0,0,0,0,0,0,0,0,0,0,0,0,0,0,0,0,0,0,0,0,0,0,0
768,2349,60,0,61412,0,"One Life for One World",1263,1264,1265,1266,1267,1328,0,0,0,0,0,0,0,0,0,0,0,0,0,0,0,0,0,0
769,2350,60,0,61412,0,"An Ending to Mark a New Beginning",1268,1269,1270,1271,0,0,0,0,0,0,0,0,0,0,0,0,0,0,0,0,0,0,0,0
770,2351,60,0,61412,0,"Tidings from Gyr Abania",1297,0,0,0,0,0,0,0,0,0,0,0,0,0,0,0,0,0,0,0,0,0,0,0
771,2352,60,0,61412,0,"An Envoy for Ishgard",0,0,0,0,0,0,0,0,0,0,0,0,0,0,0,0,0,0,0,0,0,0,0,0
772,2353,60,0,61412,0,"An Allied Decision",1299,0,0,0,0,0,0,0,0,0,0,0,0,0,0,0,0,0,0,0,0,0,0,0
773,2354,60,0,61412,0,"Griffin, Griffin on the Wall",1300,1301,1302,1303,1304,0,0,0,0,0,0,0,0,0,0,0,0,0,0,0,0,0,0,0
774,2355,60,0,61412,0,"Louisoix's Finest Student",0,0,0,0,0,0,0,0,0,0,0,0,0,0,0,0,0,0,0,0,0,0,0,0
775,2356,60,0,61412,0,"The Obvious Solution",1305,1306,0,0,0,0,0,0,0,0,0,0,0,0,0,0,0,0,0,0,0,0,0,0
776,2357,60,0,61412,0,"The Greater Obeisance",1307,0,0,0,0,0,0,0,0,0,0,0,0,0,0,0,0,0,0,0,0,0,0,0
777,2358,60,0,61412,0,"Fly Free, My Pretty",1308,1309,1310,1311,1298,0,0,0,0,0,0,0,0,0,0,0,0,0,0,0,0,0,0,0
778,2359,60,0,61412,0,"The Far Edge of Fate",1312,1378,1313,1314,0,0,0,0,0,0,0,0,0,0,0,0,0,0,0,0,0,0,0,0
779,2446,60,0,61412,0,"Beyond the Great Wall",1379,1380,1381,0,0,0,0,0,0,0,0,0,0,0,0,0,0,0,0,0,0,0,0,0
780,2447,60,0,61412,0,"Lyse Takes the Lead",1382,0,0,0,0,0,0,0,0,0,0,0,0,0,0,0,0,0,0,0,0,0,0,0
781,2448,60,0,61412,0,"The Promise of a New Beginning",1383,0,0,0,0,0,0,0,0,0,0,0,0,0,0,0,0,0,0,0,0,0,0,0
782,2449,60,0,61412,0,"A Haven for the Bold",0,0,0,0,0,0,0,0,0,0,0,0,0,0,0,0,0,0,0,0,0,0,0,0
783,2450,60,0,61412,0,"A Bargain Struck",1384,0,0,0,0,0,0,0,0,0,0,0,0,0,0,0,0,0,0,0,0,0,0,0
784,2451,60,0,61412,0,"A Friend of a Friend in Need",0,0,0,0,0,0,0,0,0,0,0,0,0,0,0,0,0,0,0,0,0,0,0,0
785,2452,60,0,61412,0,"Signed, Sealed, to Be Delivered",1385,0,0,0,0,0,0,0,0,0,0,0,0,0,0,0,0,0,0,0,0,0,0,0
786,2453,60,0,61412,0,"Best Served with Cold Steel",1386,1387,0,0,0,0,0,0,0,0,0,0,0,0,0,0,0,0,0,0,0,0,0,0
787,2454,60,0,61412,0,"Let Fill Your Hearts with Pride",0,0,0,0,0,0,0,0,0,0,0,0,0,0,0,0,0,0,0,0,0,0,0,0
788,2455,60,0,61412,0,"A Familiar Face Forgotten",1388,0,0,0,0,0,0,0,0,0,0,0,0,0,0,0,0,0,0,0,0,0,0,0
789,2456,60,0,61412,0,"The Prodigal Daughter",0,0,0,0,0,0,0,0,0,0,0,0,0,0,0,0,0,0,0,0,0,0,0,0
790,2954,60,0,61412,0,"Hard Country",0,0,0,0,0,0,0,0,0,0,0,0,0,0,0,0,0,0,0,0,0,0,0,0
791,2955,60,0,61412,0,"Death by a Thousand Rocks",0,0,0,0,0,0,0,0,0,0,0,0,0,0,0,0,0,0,0,0,0,0,0,0
792,2457,60,0,61412,0,"A Life More Ordinary",0,0,0,0,0,0,0,0,0,0,0,0,0,0,0,0,0,0,0,0,0,0,0,0
793,2458,60,0,61412,0,"The Color of Angry Qiqirn",0,0,0,0,0,0,0,0,0,0,0,0,0,0,0,0,0,0,0,0,0,0,0,0
794,2459,60,0,61412,0,"The Black Wolf's Pups",1389,0,0,0,0,0,0,0,0,0,0,0,0,0,0,0,0,0,0,0,0,0,0,0
795,2460,60,0,61412,0,"Homeward Bound",0,0,0,0,0,0,0,0,0,0,0,0,0,0,0,0,0,0,0,0,0,0,0,0
796,2461,60,0,61412,0,"Where Men Go as One",1610,1390,0,0,0,0,0,0,0,0,0,0,0,0,0,0,0,0,0,0,0,0,0,0
797,2635,60,0,61412,0,"Future Rust, Future Dust",0,0,0,0,0,0,0,0,0,0,0,0,0,0,0,0,0,0,0,0,0,0,0,0
798,2636,60,0,61412,0,"A Dash of Green",0,0,0,0,0,0,0,0,0,0,0,0,0,0,0,0,0,0,0,0,0,0,0,0
799,2637,60,0,61412,0,"Ye Wayward Brothers",0,0,0,0,0,0,0,0,0,0,0,0,0,0,0,0,0,0,0,0,0,0,0,0
800,2638,60,0,61412,0,"Token of Faith",0,0,0,0,0,0,0,0,0,0,0,0,0,0,0,0,0,0,0,0,0,0,0,0
801,2462,61,0,61412,0,"Crossing the Velodyna",0,0,0,0,0,0,0,0,0,0,0,0,0,0,0,0,0,0,0,0,0,0,0,0
802,2463,61,0,61412,0,"In Crimson It Began",1391,1392,1393,1394,1395,1396,0,0,0,0,0,0,0,0,0,0,0,0,0,0,0,0,0,0
803,2464,61,0,61412,0,"The Fires Fade",0,0,0,0,0,0,0,0,0,0,0,0,0,0,0,0,0,0,0,0,0,0,0,0
804,2465,61,0,61412,0,"Bereft of Hearth and Home",0,0,0,0,0,0,0,0,0,0,0,0,0,0,0,0,0,0,0,0,0,0,0,0
805,2466,61,0,61412,0,"Divide and Conquer",1397,0,0,0,0,0,0,0,0,0,0,0,0,0,0,0,0,0,0,0,0,0,0,0
806,2467,61,0,61412,0,"Lies, Damn Lies, and Pirates",0,0,0,0,0,0,0,0,0,0,0,0,0,0,0,0,0,0,0,0,0,0,0,0
807,2468,61,0,61412,0,"Tales from the Far East",0,0,0,0,0,0,0,0,0,0,0,0,0,0,0,0,0,0,0,0,0,0,0,0
808,2469,61,0,61412,0,"Not without Incident",1398,1399,1400,1401,0,0,0,0,0,0,0,0,0,0,0,0,0,0,0,0,0,0,0,0
809,2470,61,0,61412,0,"The Man from Ul'dah",1402,0,0,0,0,0,0,0,0,0,0,0,0,0,0,0,0,0,0,0,0,0,0,0
810,2471,61,0,61412,0,"Where the Streets Are Paved with Koban",0,0,0,0,0,0,0,0,0,0,0,0,0,0,0,0,0,0,0,0,0,0,0,0
811,2472,61,0,61412,0,"By the Grace of Lord Lolorito",1403,0,0,0,0,0,0,0,0,0,0,0,0,0,0,0,0,0,0,0,0,0,0,0
812,2473,61,0,61412,0,"A Good Samurai Is Hard to Find",0,0,0,0,0,0,0,0,0,0,0,0,0,0,0,0,0,0,0,0,0,0,0,0
813,2474,61,0,61412,0,"It's Probably a Trap",1404,1608,1405,1406,0,0,0,0,0,0,0,0,0,0,0,0,0,0,0,0,0,0,0,0
814,2475,61,0,61412,0,"Making the Catfish Sing",1407,0,0,0,0,0,0,0,0,0,0,0,0,0,0,0,0,0,0,0,0,0,0,0
815,2476,62,0,61412,0,"Once More, to the Ruby Sea",1408,0,0,0,0,0,0,0,0,0,0,0,0,0,0,0,0,0,0,0,0,0,0,0
816,2477,62,0,61412,0,"Open Water",0,0,0,0,0,0,0,0,0,0,0,0,0,0,0,0,0,0,0,0,0,0,0,0
817,2478,62,0,61412,0,"Boys with Boats",1409,0,0,0,0,0,0,0,0,0,0,0,0,0,0,0,0,0,0,0,0,0,0,0
818,2479,62,0,61412,0,"To Bend with the Wind",1611,1410,0,0,0,0,0,0,0,0,0,0,0,0,0,0,0,0,0,0,0,0,0,0
819,2480,62,0,61412,0,"Confederate Consternation",0,0,0,0,0,0,0,0,0,0,0,0,0,0,0,0,0,0,0,0,0,0,0,0
820,2681,62,0,61412,0,"The Solace of the Sea",0,0,0,0,0,0,0,0,0,0,0,0,0,0,0,0,0,0,0,0,0,0,0,0
821,2953,62,0,61412,0,"The Arrows of Misfortune",0,0,0,0,0,0,0,0,0,0,0,0,0,0,0,0,0,0,0,0,0,0,0,0
822,2679,62,0,61412,0,"The Last Voyage",0,0,0,0,0,0,0,0,0,0,0,0,0,0,0,0,0,0,0,0,0,0,0,0
823,2481,62,0,61412,0,"Alisaie's Stones",1411,0,0,0,0,0,0,0,0,0,0,0,0,0,0,0,0,0,0,0,0,0,0,0
824,2482,62,0,61412,0,"Under the Sea",1412,0,0,0,0,0,0,0,0,0,0,0,0,0,0,0,0,0,0,0,0,0,0,0
825,2483,62,0,61412,0,"Of Kojin and Kami",1413,0,0,0,0,0,0,0,0,0,0,0,0,0,0,0,0,0,0,0,0,0,0,0
826,2484,63,0,61412,0,"In Soroban We Trust",1414,0,0,0,0,0,0,0,0,0,0,0,0,0,0,0,0,0,0,0,0,0,0,0
827,2485,63,0,61412,0,"Forever and Ever Apart",1416,0,0,0,0,0,0,0,0,0,0,0,0,0,0,0,0,0,0,0,0,0,0,0
828,2486,63,0,61412,0,"In Darkness the Magatama Dreams",0,0,0,0,0,0,0,0,0,0,0,0,0,0,0,0,0,0,0,0,0,0,0,0
829,2487,63,0,61412,0,"The Whims of the Divine",0,0,0,0,0,0,0,0,0,0,0,0,0,0,0,0,0,0,0,0,0,0,0,0
830,2488,63,0,61412,0,"Breaking and Delivering",1417,0,0,0,0,0,0,0,0,0,0,0,0,0,0,0,0,0,0,0,0,0,0,0
831,2489,63,0,61412,0,"The Lord of the Revel",1569,1570,1418,1419,1420,0,0,0,0,0,0,0,0,0,0,0,0,0,0,0,0,0,0,0
832,2490,63,0,61412,0,"Tide Goes in, Imperials Go Out",1421,0,0,0,0,0,0,0,0,0,0,0,0,0,0,0,0,0,0,0,0,0,0,0
833,2491,63,0,61412,0,"A Silence in Three Parts",1422,1423,0,0,0,0,0,0,0,0,0,0,0,0,0,0,0,0,0,0,0,0,0,0
834,2492,64,0,61412,0,"Life after Doma",1424,0,0,0,0,0,0,0,0,0,0,0,0,0,0,0,0,0,0,0,0,0,0,0
835,2934,64,0,61412,0,"A Glimpse of Madness",1425,0,0,0,0,0,0,0,0,0,0,0,0,0,0,0,0,0,0,0,0,0,0,0
836,2493,64,0,61412,0,"The Stubborn Remainder",0,0,0,0,0,0,0,0,0,0,0,0,0,0,0,0,0,0,0,0,0,0,0,0
837,2494,64,0,61412,0,"The Ones We Leave Behind",0,0,0,0,0,0,0,0,0,0,0,0,0,0,0,0,0,0,0,0,0,0,0,0
838,2495,64,0,61412,0,"A New Ruby Tithe",1426,0,0,0,0,0,0,0,0,0,0,0,0,0,0,0,0,0,0,0,0,0,0,0
839,2496,64,0,61412,0,"The Will to Live",1427,0,0,0,0,0,0,0,0,0,0,0,0,0,0,0,0,0,0,0,0,0,0,0
840,2497,64,0,61412,0,"Daughter of the Deep",1428,1429,0,0,0,0,0,0,0,0,0,0,0,0,0,0,0,0,0,0,0,0,0,0
841,2935,64,0,61412,0,"Path of No Return",0,0,0,0,0,0,0,0,0,0,0,0,0,0,0,0,0,0,0,0,0,0,0,0
842,2498,64,0,61412,0,"The Time between the Seconds",1430,1431,0,0,0,0,0,0,0,0,0,0,0,0,0,0,0,0,0,0,0,0,0,0
843,2499,64,0,61412,0,"All the Little Angels",1432,1433,1434,0,0,0,0,0,0,0,0,0,0,0,0,0,0,0,0,0,0,0,0,0
844,2630,65,0,61412,0,"Here There Be Xaela",1435,0,0,0,0,0,0,0,0,0,0,0,0,0,0,0,0,0,0,0,0,0,0,0
845,2500,65,0,61412,0,"The Search for Lord Hien",0,0,0,0,0,0,0,0,0,0,0,0,0,0,0,0,0,0,0,0,0,0,0,0
846,2501,65,0,61412,0,"A Season for War",1436,0,0,0,0,0,0,0,0,0,0,0,0,0,0,0,0,0,0,0,0,0,0,0
847,2502,65,0,61412,0,"An Impossible Dream",1437,0,0,0,0,0,0,0,0,0,0,0,0,0,0,0,0,0,0,0,0,0,0,0
848,2503,65,0,61412,0,"Stars in the Dark",1438,0,0,0,0,0,0,0,0,0,0,0,0,0,0,0,0,0,0,0,0,0,0,0
849,2504,65,0,61412,0,"A Warrior's Welcome",0,0,0,0,0,0,0,0,0,0,0,0,0,0,0,0,0,0,0,0,0,0,0,0
850,2505,65,0,61412,0,"The Heart of Nations",1439,0,0,0,0,0,0,0,0,0,0,0,0,0,0,0,0,0,0,0,0,0,0,0
851,2506,65,0,61412,0,"A Trial Before the Trial",0,0,0,0,0,0,0,0,0,0,0,0,0,0,0,0,0,0,0,0,0,0,0,0
852,2507,65,0,61412,0,"In the Footsteps of Bardam the Brave",0,0,0,0,0,0,0,0,0,0,0,0,0,0,0,0,0,0,0,0,0,0,0,0
853,2508,65,0,61412,0,"The Children of Azim",1440,1441,0,0,0,0,0,0,0,0,0,0,0,0,0,0,0,0,0,0,0,0,0,0
854,2509,66,0,61412,0,"The Labors of Magnai",0,0,0,0,0,0,0,0,0,0,0,0,0,0,0,0,0,0,0,0,0,0,0,0
855,2510,66,0,61412,0,"For Love of the Moon",0,0,0,0,0,0,0,0,0,0,0,0,0,0,0,0,0,0,0,0,0,0,0,0
856,2511,66,0,61412,0,"Sworn Enemies of the Sun",0,0,0,0,0,0,0,0,0,0,0,0,0,0,0,0,0,0,0,0,0,0,0,0
857,2512,66,0,61412,0,"The Undying Ones",1442,0,0,0,0,0,0,0,0,0,0,0,0,0,0,0,0,0,0,0,0,0,0,0
858,2513,66,0,61412,0,"A Final Peace",1443,1444,0,0,0,0,0,0,0,0,0,0,0,0,0,0,0,0,0,0,0,0,0,0
859,2514,66,0,61412,0,"As the Gods Will",0,0,0,0,0,0,0,0,0,0,0,0,0,0,0,0,0,0,0,0,0,0,0,0
860,2515,66,0,61412,0,"Naadam",1445,1609,1446,1447,0,0,0,0,0,0,0,0,0,0,0,0,0,0,0,0,0,0,0,0
861,2516,66,0,61412,0,"Glory to the Khagan",0,0,0,0,0,0,0,0,0,0,0,0,0,0,0,0,0,0,0,0,0,0,0,0
862,2517,66,0,61412,0,"In Crimson They Walked",0,0,0,0,0,0,0,0,0,0,0,0,0,0,0,0,0,0,0,0,0,0,0,0
863,2518,66,0,61412,0,"The Hour of Reckoning",1448,0,0,0,0,0,0,0,0,0,0,0,0,0,0,0,0,0,0,0,0,0,0,0
864,2519,67,0,61412,0,"The Room Where It Happened",1449,0,0,0,0,0,0,0,0,0,0,0,0,0,0,0,0,0,0,0,0,0,0,0
865,2946,67,0,61412,0,"How Tataru Got Her Groove Back",0,0,0,0,0,0,0,0,0,0,0,0,0,0,0,0,0,0,0,0,0,0,0,0
866,2520,67,0,61412,0,"Seeds of Despair",1493,0,0,0,0,0,0,0,0,0,0,0,0,0,0,0,0,0,0,0,0,0,0,0
867,2521,67,0,61412,0,"The Limits of Our Endurance",0,0,0,0,0,0,0,0,0,0,0,0,0,0,0,0,0,0,0,0,0,0,0,0
868,2947,67,0,61412,0,"Broken Steel, Broken Men",0,0,0,0,0,0,0,0,0,0,0,0,0,0,0,0,0,0,0,0,0,0,0,0
869,2522,67,0,61412,0,"The Doma Within",0,0,0,0,0,0,0,0,0,0,0,0,0,0,0,0,0,0,0,0,0,0,0,0
870,2523,67,0,61412,0,"On the Eve of Destiny",1450,1451,0,0,0,0,0,0,0,0,0,0,0,0,0,0,0,0,0,0,0,0,0,0
871,2524,67,0,61412,0,"The Die Is Cast",1452,1453,1454,1455,1456,1457,0,0,0,0,0,0,0,0,0,0,0,0,0,0,0,0,0,0
872,2525,67,0,61412,0,"The World Turned Upside Down",1458,0,0,0,0,0,0,0,0,0,0,0,0,0,0,0,0,0,0,0,0,0,0,0
873,2526,67,0,61412,0,"A Swift and Secret Departure",1459,1460,0,0,0,0,0,0,0,0,0,0,0,0,0,0,0,0,0,0,0,0,0,0
874,2527,67,0,61412,0,"While You Were Away",0,0,0,0,0,0,0,0,0,0,0,0,0,0,0,0,0,0,0,0,0,0,0,0
875,2528,67,0,61412,0,"Rhalgr's Beacon",1461,1462,1463,0,0,0,0,0,0,0,0,0,0,0,0,0,0,0,0,0,0,0,0,0
876,2529,67,0,61412,0,"The Fortunes of War",0,0,0,0,0,0,0,0,0,0,0,0,0,0,0,0,0,0,0,0,0,0,0,0
877,2530,67,0,61412,0,"Rising Fortunes, Rising Spirits",1464,0,0,0,0,0,0,0,0,0,0,0,0,0,0,0,0,0,0,0,0,0,0,0
878,2531,67,0,61412,0,"The Lure of the Dream",0,0,0,0,0,0,0,0,0,0,0,0,0,0,0,0,0,0,0,0,0,0,0,0
879,2532,67,0,61412,0,"The Lady of Bliss",1465,1565,1566,1466,1467,0,0,0,0,0,0,0,0,0,0,0,0,0,0,0,0,0,0,0
880,2533,67,0,61412,0,"The Silence of the Gods",0,0,0,0,0,0,0,0,0,0,0,0,0,0,0,0,0,0,0,0,0,0,0,0
881,2534,68,0,61412,0,"The First of Many",1468,0,0,0,0,0,0,0,0,0,0,0,0,0,0,0,0,0,0,0,0,0,0,0
882,2535,68,0,61412,0,"Strong and Unified",1469,0,0,0,0,0,0,0,0,0,0,0,0,0,0,0,0,0,0,0,0,0,0,0
883,2536,68,0,61412,0,"Hells Open",1470,1471,1472,0,0,0,0,0,0,0,0,0,0,0,0,0,0,0,0,0,0,0,0,0
884,2537,68,0,61412,0,"Heavens Weep",1473,1474,0,0,0,0,0,0,0,0,0,0,0,0,0,0,0,0,0,0,0,0,0,0
885,2538,68,0,61412,0,"The Road Home",0,0,0,0,0,0,0,0,0,0,0,0,0,0,0,0,0,0,0,0,0,0,0,0
886,2539,68,0,61412,0,"For the Living and the Dead",0,0,0,0,0,0,0,0,0,0,0,0,0,0,0,0,0,0,0,0,0,0,0,0
887,2540,68,0,61412,0,"Above the Churning Waters",1612,0,0,0,0,0,0,0,0,0,0,0,0,0,0,0,0,0,0,0,0,0,0,0
888,2541,68,0,61412,0,"The Path Forward",0,0,0,0,0,0,0,0,0,0,0,0,0,0,0,0,0,0,0,0,0,0,0,0
889,2542,68,0,61412,0,"With Tired Hands We Toil",0,0,0,0,0,0,0,0,0,0,0,0,0,0,0,0,0,0,0,0,0,0,0,0
890,2543,68,0,61412,0,"Where Courage Endures",0,0,0,0,0,0,0,0,0,0,0,0,0,0,0,0,0,0,0,0,0,0,0,0
891,2544,69,0,61412,0,"The Price of Freedom",1475,1476,0,0,0,0,0,0,0,0,0,0,0,0,0,0,0,0,0,0,0,0,0,0
892,2545,69,0,61412,0,"Raubahn's Invitation",0,0,0,0,0,0,0,0,0,0,0,0,0,0,0,0,0,0,0,0,0,0,0,0
893,2546,69,0,61412,0,"Liberty or Death",1477,0,0,0,0,0,0,0,0,0,0,0,0,0,0,0,0,0,0,0,0,0,0,0
894,2547,69,0,61412,0,"The Lady in Red",1478,1613,0,0,0,0,0,0,0,0,0,0,0,0,0,0,0,0,0,0,0,0,0,0
895,2548,69,0,61412,0,"Upon the Great Loch's Shore",1479,0,0,0,0,0,0,0,0,0,0,0,0,0,0,0,0,0,0,0,0,0,0,0
896,2549,69,0,61412,0,"The Key to Victory",0,0,0,0,0,0,0,0,0,0,0,0,0,0,0,0,0,0,0,0,0,0,0,0
897,2550,69,0,61412,0,"The Resonant",1415,1480,0,0,0,0,0,0,0,0,0,0,0,0,0,0,0,0,0,0,0,0,0,0
898,2551,69,0,61412,0,"The Legacy of Our Fathers",1481,0,0,0,0,0,0,0,0,0,0,0,0,0,0,0,0,0,0,0,0,0,0,0
899,2552,70,0,61412,0,"The Measure of His Reach",1614,1482,0,0,0,0,0,0,0,0,0,0,0,0,0,0,0,0,0,0,0,0,0,0
900,2553,70,0,61412,0,"Stormblood",1483,1484,1605,1606,1485,1486,1488,1489,1490,1491,1492,0,0,0,0,0,0,0,0,0,0,0,0,0
901,2962,70,0,61412,0,"Arenvald's Adventure",1618,0,0,0,0,0,0,0,0,0,0,0,0,0,0,0,0,0,0,0,0,0,0,0
902,2963,70,0,61412,0,"The Darkness Below",0,0,0,0,0,0,0,0,0,0,0,0,0,0,0,0,0,0,0,0,0,0,0,0
903,2964,70,0,61412,0,"The Mad King's Trove",1619,0,0,0,0,0,0,0,0,0,0,0,0,0,0,0,0,0,0,0,0,0,0,0
904,2965,70,0,61412,0,"The Butcher's Blood",1620,1621,1622,1623,0,0,0,0,0,0,0,0,0,0,0,0,0,0,0,0,0,0,0,0
905,2966,70,0,61412,0,"Echoes of an Echo",0,0,0,0,0,0,0,0,0,0,0,0,0,0,0,0,0,0,0,0,0,0,0,0
906,2967,70,0,61412,0,"A Sultana's Strings",1624,1625,0,0,0,0,0,0,0,0,0,0,0,0,0,0,0,0,0,0,0,0,0,0
907,2968,70,0,61412,0,"A Sultana's Duty",0,0,0,0,0,0,0,0,0,0,0,0,0,0,0,0,0,0,0,0,0,0,0,0
908,2969,70,0,61412,0,"A Sultana's Resolve",1626,0,0,0,0,0,0,0,0,0,0,0,0,0,0,0,0,0,0,0,0,0,0,0
909,2970,70,0,61412,0,"Securing the Saltery",0,0,0,0,0,0,0,0,0,0,0,0,0,0,0,0,0,0,0,0,0,0,0,0
910,2971,70,0,61412,0,"A Blissful Arrival",1627,0,0,0,0,0,0,0,0,0,0,0,0,0,0,0,0,0,0,0,0,0,0,0
911,2972,70,0,61412,0,"Return of the Bull",1628,1629,1630,1631,1632,1633,1634,1635,1636,0,0,0,0,0,0,0,0,0,0,0,0,0,0,0
912,3022,70,0,61412,0,"Tidings from the East",1675,0,0,0,0,0,0,0,0,0,0,0,0,0,0,0,0,0,0,0,0,0,0,0
913,3023,70,0,61412,0,"The Sword in the Store",0,0,0,0,0,0,0,0,0,0,0,0,0,0,0,0,0,0,0,0,0,0,0,0
914,3024,70,0,61412,0,"Hope on the Waves",1676,1677,1678,0,0,0,0,0,0,0,0,0,0,0,0,0,0,0,0,0,0,0,0,0
915,3025,70,0,61412,0,"Elation and Trepidation",1679,1680,0,0,0,0,0,0,0,0,0,0,0,0,0,0,0,0,0,0,0,0,0,0
916,3026,70,0,61412,0,"Storm on the Horizon",1681,1682,0,0,0,0,0,0,0,0,0,0,0,0,0,0,0,0,0,0,0,0,0,0
917,3027,70,0,61412,0,"His Forgotten Home",1683,1684,0,0,0,0,0,0,0,0,0,0,0,0,0,0,0,0,0,0,0,0,0,0
918,3028,70,0,61412,0,"A Guilty Conscience",1685,0,0,0,0,0,0,0,0,0,0,0,0,0,0,0,0,0,0,0,0,0,0,0
919,3029,70,0,61412,0,"Rise of a New Sun",1686,1687,1688,1689,1690,1753,1691,1692,0,0,0,0,0,0,0,0,0,0,0,0,0,0,0,0
920,3070,70,0,61412,0,"Gosetsu and Tsuyu",1693,0,0,0,0,0,0,0,0,0,0,0,0,0,0,0,0,0,0,0,0,0,0,0
921,3071,70,0,61412,0,"Gone Like the Morning Dew",1694,0,0,0,0,0,0,0,0,0,0,0,0,0,0,0,0,0,0,0,0,0,0,0
922,3072,70,0,61412,0,"Fruits of Her Labor",1695,1696,1697,1698,1699,0,0,0,0,0,0,0,0,0,0,0,0,0,0,0,0,0,0,0
923,3073,70,0,61412,0,"Conscripts and Contingencies",0,0,0,0,0,0,0,0,0,0,0,0,0,0,0,0,0,0,0,0,0,0,0,0
924,3074,70,0,61412,0,"The Primary Agreement",1700,1785,1786,1701,1702,1703,1704,0,0,0,0,0,0,0,0,0,0,0,0,0,0,0,0,0
925,3075,70,0,61412,0,"Under the Moonlight",1705,1707,1706,0,0,0,0,0,0,0,0,0,0,0,0,0,0,0,0,0,0,0,0,0
926,3076,70,0,61412,0,"Emissary of the Dawn",1708,1709,1710,0,0,0,0,0,0,0,0,0,0,0,0,0,0,0,0,0,0,0,0,0
927,3143,70,0,61412,0,"Sisterly Act",1807,0,0,0,0,0,0,0,0,0,0,0,0,0,0,0,0,0,0,0,0,0,0,0
928,3144,70,0,61412,0,"Feel the Burn",1808,0,0,0,0,0,0,0,0,0,0,0,0,0,0,0,0,0,0,0,0,0,0,0
929,3145,70,0,61412,0,"Shadows in the Empire",1809,1810,0,0,0,0,0,0,0,0,0,0,0,0,0,0,0,0,0,0,0,0,0,0
930,3146,70,0,61412,0,"A Power in Slumber",1811,0,0,0,0,0,0,0,0,0,0,0,0,0,0,0,0,0,0,0,0,0,0,0
931,3147,70,0,61412,0,"The Will of the Moon",1812,1813,1814,1815,0,0,0,0,0,0,0,0,0,0,0,0,0,0,0,0,0,0,0,0
932,3148,70,0,61412,0,"The Call",1816,1817,1818,0,0,0,0,0,0,0,0,0,0,0,0,0,0,0,0,0,0,0,0,0
933,3149,70,0,61412,0,"Prelude in Violet",1819,1820,1821,1822,0,0,0,0,0,0,0,0,0,0,0,0,0,0,0,0,0,0,0,0
934,3179,70,0,61412,0,"Soul Searching",1878,1879,0,0,0,0,0,0,0,0,0,0,0,0,0,0,0,0,0,0,0,0,0,0
935,3180,70,0,61412,0,"A Defector's Tidings",1880,0,0,0,0,0,0,0,0,0,0,0,0,0,0,0,0,0,0,0,0,0,0,0
936,3181,70,0,61412,0,"Seiryu's Wall",1881,1882,0,0,0,0,0,0,0,0,0,0,0,0,0,0,0,0,0,0,0,0,0,0
937,3182,70,0,61412,0,"Parley on the Front Lines",1883,1884,1913,0,0,0,0,0,0,0,0,0,0,0,0,0,0,0,0,0,0,0,0,0
938,3183,70,0,61412,0,"The Face of War",1885,1886,2122,0,0,0,0,0,0,0,0,0,0,0,0,0,0,0,0,0,0,0,0,0
939,3184,70,0,61412,0,"A Brief Reprieve",0,0,0,0,0,0,0,0,0,0,0,0,0,0,0,0,0,0,0,0,0,0,0,0
940,3185,70,0,61412,0,"A Requiem for Heroes",1887,2123,1888,1889,1890,1891,1892,1893,1894,1895,0,0,0,0,0,0,0,0,0,0,0,0,0,0
941,3279,70,0,61412,0,"The Syrcus Trench",1943,1954,1956,1957,0,0,0,0,0,0,0,0,0,0,0,0,0,0,0,0,0,0,0,0
942,3280,70,0,61412,0,"City of the First",0,0,0,0,0,0,0,0,0,0,0,0,0,0,0,0,0,0,0,0,0,0,0,0
943,3281,70,0,61412,0,"Travelers of Norvrandt",1958,1959,1960,1961,0,0,0,0,0,0,0,0,0,0,0,0,0,0,0,0,0,0,0,0
944,3282,70,0,61412,0,"In Search of Alphinaud",1962,0,0,0,0,0,0,0,0,0,0,0,0,0,0,0,0,0,0,0,0,0,0,0
945,3283,70,0,61412,0,"A Still Tide",1963,0,0,0,0,0,0,0,0,0,0,0,0,0,0,0,0,0,0,0,0,0,0,0
946,3284,70,0,61412,0,"Open Arms, Closed Gate",1964,0,0,0,0,0,0,0,0,0,0,0,0,0,0,0,0,0,0,0,0,0,0,0
947,3285,70,0,61412,0,"A Fickle Existence",1965,0,0,0,0,0,0,0,0,0,0,0,0,0,0,0,0,0,0,0,0,0,0,0
948,3286,70,0,61412,0,"City of Final Pleasures",1966,1967,0,0,0,0,0,0,0,0,0,0,0,0,0,0,0,0,0,0,0,0,0,0
949,3287,70,0,61412,0,"Free to Sightsee",0,0,0,0,0,0,0,0,0,0,0,0,0,0,0,0,0,0,0,0,0,0,0,0
950,3288,70,0,61412,0,"A Taste of Honey",0,0,0,0,0,0,0,0,0,0,0,0,0,0,0,0,0,0,0,0,0,0,0,0
951,3289,70,0,61412,0,"A Blessed Instrument",0,0,0,0,0,0,0,0,0,0,0,0,0,0,0,0,0,0,0,0,0,0,0,0
952,3290,70,0,61412,0,"Emergent Splendor",1968,0,0,0,0,0,0,0,0,0,0,0,0,0,0,0,0,0,0,0,0,0,0,0
953,3291,70,0,61412,0,"In Search of Alisaie",1969,0,0,0,0,0,0,0,0,0,0,0,0,0,0,0,0,0,0,0,0,0,0,0
954,3292,70,0,61412,0,"City of the Mord",1970,0,0,0,0,0,0,0,0,0,0,0,0,0,0,0,0,0,0,0,0,0,0,0
955,3293,70,0,61412,0,"Working Off the Meal",0,0,0,0,0,0,0,0,0,0,0,0,0,0,0,0,0,0,0,0,0,0,0,0
956,3294,70,0,61412,0,"A Desert Crossing",0,0,0,0,0,0,0,0,0,0,0,0,0,0,0,0,0,0,0,0,0,0,0,0
957,3295,70,0,61412,0,"Following in Her Footprints",1971,0,0,0,0,0,0,0,0,0,0,0,0,0,0,0,0,0,0,0,0,0,0,0
958,3296,70,0,61412,0,"Culling Their Ranks",0,0,0,0,0,0,0,0,0,0,0,0,0,0,0,0,0,0,0,0,0,0,0,0
959,3297,70,0,61412,0,"A Purchase of Fruit",1972,0,0,0,0,0,0,0,0,0,0,0,0,0,0,0,0,0,0,0,0,0,0,0
960,3298,70,0,61412,0,"The Time Left to Us",1973,1974,0,0,0,0,0,0,0,0,0,0,0,0,0,0,0,0,0,0,0,0,0,0
961,3299,70,0,61412,0,"Tears on the Sand",0,0,0,0,0,0,0,0,0,0,0,0,0,0,0,0,0,0,0,0,0,0,0,0
962,3300,71,0,61412,0,"The Lightwardens",1975,1976,1977,1978,0,0,0,0,0,0,0,0,0,0,0,0,0,0,0,0,0,0,0,0
963,3301,71,0,61412,0,"Warrior of Darkness",1979,1980,1981,0,0,0,0,0,0,0,0,0,0,0,0,0,0,0,0,0,0,0,0,0
964,3302,72,0,61412,0,"An Unwelcome Guest",1982,0,0,0,0,0,0,0,0,0,0,0,0,0,0,0,0,0,0,0,0,0,0,0
965,3303,72,0,61412,0,"The Crystarium's Resolve",1983,0,0,0,0,0,0,0,0,0,0,0,0,0,0,0,0,0,0,0,0,0,0,0
966,3304,72,0,61412,0,"Logistics of War",0,0,0,0,0,0,0,0,0,0,0,0,0,0,0,0,0,0,0,0,0,0,0,0
967,3305,72,0,61412,0,"The Oracle of Light",1984,1985,1986,0,0,0,0,0,0,0,0,0,0,0,0,0,0,0,0,0,0,0,0,0
968,3306,72,0,61412,0,"Il Mheg, the Faerie Kingdom",1987,0,0,0,0,0,0,0,0,0,0,0,0,0,0,0,0,0,0,0,0,0,0,0
969,3307,72,0,61412,0,"Sul Uin's Request",0,0,0,0,0,0,0,0,0,0,0,0,0,0,0,0,0,0,0,0,0,0,0,0
970,3308,72,0,61412,0,"Ys Iala's Errand",0,0,0,0,0,0,0,0,0,0,0,0,0,0,0,0,0,0,0,0,0,0,0,0
971,3309,72,0,61412,0,"Oul Sigun's Plea",0,0,0,0,0,0,0,0,0,0,0,0,0,0,0,0,0,0,0,0,0,0,0,0
972,3310,72,0,61412,0,"Unto the Truth",1988,1989,0,0,0,0,0,0,0,0,0,0,0,0,0,0,0,0,0,0,0,0,0,0
973,3311,72,0,61412,0,"Courting Cooperation",1990,1991,1992,0,0,0,0,0,0,0,0,0,0,0,0,0,0,0,0,0,0,0,0,0
974,3312,73,0,61412,0,"The Key to the Castle",1993,1994,0,0,0,0,0,0,0,0,0,0,0,0,0,0,0,0,0,0,0,0,0,0
975,3313,73,0,61412,0,"A Visit to the Nu Mou",0,0,0,0,0,0,0,0,0,0,0,0,0,0,0,0,0,0,0,0,0,0,0,0
976,3314,73,0,61412,0,"A Fitting Payment",0,0,0,0,0,0,0,0,0,0,0,0,0,0,0,0,0,0,0,0,0,0,0,0
977,3315,73,0,61412,0,"Spore Sweeper",0,0,0,0,0,0,0,0,0,0,0,0,0,0,0,0,0,0,0,0,0,0,0,0
978,3316,73,0,61412,0,"The Lawless Ones",1995,0,0,0,0,0,0,0,0,0,0,0,0,0,0,0,0,0,0,0,0,0,0,0
979,3317,73,0,61412,0,"The Elder's Answer",0,0,0,0,0,0,0,0,0,0,0,0,0,0,0,0,0,0,0,0,0,0,0,0
980,3318,73,0,61412,0,"A Resounding Roar",0,0,0,0,0,0,0,0,0,0,0,0,0,0,0,0,0,0,0,0,0,0,0,0
981,3319,73,0,61412,0,"Memento of a Friend",1996,0,0,0,0,0,0,0,0,0,0,0,0,0,0,0,0,0,0,0,0,0,0,0
982,3320,73,0,61412,0,"Acht-la Ormh Inn",2150,2151,1997,1998,0,0,0,0,0,0,0,0,0,0,0,0,0,0,0,0,0,0,0,0
983,3321,73,0,61412,0,"The Wheel Turns",1999,2000,0,0,0,0,0,0,0,0,0,0,0,0,0,0,0,0,0,0,0,0,0,0
984,3322,74,0,61412,0,"A Party Soon Divided",2001,0,0,0,0,0,0,0,0,0,0,0,0,0,0,0,0,0,0,0,0,0,0,0
985,3323,74,0,61412,0,"A Little Faith",0,0,0,0,0,0,0,0,0,0,0,0,0,0,0,0,0,0,0,0,0,0,0,0
986,3324,74,0,61412,0,"Into the Dark",2002,2003,2004,0,0,0,0,0,0,0,0,0,0,0,0,0,0,0,0,0,0,0,0,0
987,3325,74,0,61412,0,"A Day in the Neighborhood",0,0,0,0,0,0,0,0,0,0,0,0,0,0,0,0,0,0,0,0,0,0,0,0
988,3326,74,0,61412,0,"A Helping Hand",0,0,0,0,0,0,0,0,0,0,0,0,0,0,0,0,0,0,0,0,0,0,0,0
989,3327,74,0,61412,0,"Lost but Not Forgotten",0,0,0,0,0,0,0,0,0,0,0,0,0,0,0,0,0,0,0,0,0,0,0,0
990,3328,74,0,61412,0,"Saying Good-bye",2005,0,0,0,0,0,0,0,0,0,0,0,0,0,0,0,0,0,0,0,0,0,0,0
991,3329,74,0,61412,0,"Stirring Up Trouble",0,0,0,0,0,0,0,0,0,0,0,0,0,0,0,0,0,0,0,0,0,0,0,0
992,3330,74,0,61412,0,"A Beeautiful Plan",2006,0,0,0,0,0,0,0,0,0,0,0,0,0,0,0,0,0,0,0,0,0,0,0
993,3331,74,0,61412,0,"An Unwanted Proposal",2007,2008,2009,0,0,0,0,0,0,0,0,0,0,0,0,0,0,0,0,0,0,0,0,0
994,3332,74,0,61412,0,"Put to the Proof",0,0,0,0,0,0,0,0,0,0,0,0,0,0,0,0,0,0,0,0,0,0,0,0
995,3333,75,0,61412,0,"Into the Wood",2010,0,0,0,0,0,0,0,0,0,0,0,0,0,0,0,0,0,0,0,0,0,0,0
996,3334,75,0,61412,0,"Top of the Tree",0,0,0,0,0,0,0,0,0,0,0,0,0,0,0,0,0,0,0,0,0,0,0,0
997,3335,75,0,61412,0,"Look to the Stars",0,0,0,0,0,0,0,0,0,0,0,0,0,0,0,0,0,0,0,0,0,0,0,0
998,3336,75,0,61412,0,"Mi Casa, Toupasa",0,0,0,0,0,0,0,0,0,0,0,0,0,0,0,0,0,0,0,0,0,0,0,0
999,3337,75,0,61412,0,"Legend of the Not-so-hidden Temple",2011,0,0,0,0,0,0,0,0,0,0,0,0,0,0,0,0,0,0,0,0,0,0,0
1000,3338,75,0,61412,0,"The Aftermath",0,0,0,0,0,0,0,0,0,0,0,0,0,0,0,0,0,0,0,0,0,0,0,0
1001,3339,75,0,61412,0,"In Good Faith",2012,2013,0,0,0,0,0,0,0,0,0,0,0,0,0,0,0,0,0,0,0,0,0,0
1002,3340,75,0,61412,0,"The Burden of Knowledge",2014,0,0,0,0,0,0,0,0,0,0,0,0,0,0,0,0,0,0,0,0,0,0,0
1003,3341,75,0,61412,0,"Bearing with It",2015,0,0,0,0,0,0,0,0,0,0,0,0,0,0,0,0,0,0,0,0,0,0,0
1004,3342,76,0,61412,0,"Out of the Wood",2016,2017,2018,0,0,0,0,0,0,0,0,0,0,0,0,0,0,0,0,0,0,0,0,0
1005,3606,76,0,61412,0,"When It Rains",2019,2020,2021,0,0,0,0,0,0,0,0,0,0,0,0,0,0,0,0,0,0,0,0,0
1006,3607,76,0,61412,0,"Word from On High",2022,0,0,0,0,0,0,0,0,0,0,0,0,0,0,0,0,0,0,0,0,0,0,0
1007,3608,76,0,61412,0,"Small Favors",0,0,0,0,0,0,0,0,0,0,0,0,0,0,0,0,0,0,0,0,0,0,0,0
1008,3609,76,0,61412,0,"The Best Way Out",2023,2024,0,0,0,0,0,0,0,0,0,0,0,0,0,0,0,0,0,0,0,0,0,0
1009,3610,76,0,61412,0,"Free Trade",0,0,0,0,0,0,0,0,0,0,0,0,0,0,0,0,0,0,0,0,0,0,0,0
1010,3611,76,0,61412,0,"The Trolley Problem",0,0,0,0,0,0,0,0,0,0,0,0,0,0,0,0,0,0,0,0,0,0,0,0
1011,3612,76,0,61412,0,"Rust and Ruin",0,0,0,0,0,0,0,0,0,0,0,0,0,0,0,0,0,0,0,0,0,0,0,0
1012,3613,76,0,61412,0,"On Track",0,0,0,0,0,0,0,0,0,0,0,0,0,0,0,0,0,0,0,0,0,0,0,0
1013,3614,76,0,61412,0,"Down for Maintenance",0,0,0,0,0,0,0,0,0,0,0,0,0,0,0,0,0,0,0,0,0,0,0,0
1014,3615,76,0,61412,0,"The Truth Hurts",2025,0,0,0,0,0,0,0,0,0,0,0,0,0,0,0,0,0,0,0,0,0,0,0
1015,3616,77,0,61412,0,"A Convenient Distraction",0,0,0,0,0,0,0,0,0,0,0,0,0,0,0,0,0,0,0,0,0,0,0,0
1016,3617,77,0,61412,0,"A Dirty Job",2026,0,0,0,0,0,0,0,0,0,0,0,0,0,0,0,0,0,0,0,0,0,0,0
1017,3618,77,0,61412,0,"Have a Heart",2027,2028,0,0,0,0,0,0,0,0,0,0,0,0,0,0,0,0,0,0,0,0,0,0
1018,3619,77,0,61412,0,"Full Steam Ahead",2029,2030,0,0,0,0,0,0,0,0,0,0,0,0,0,0,0,0,0,0,0,0,0,0
1019,3620,77,0,61412,0,"Crossing Paths",2031,2032,2033,0,0,0,0,0,0,0,0,0,0,0,0,0,0,0,0,0,0,0,0,0
1020,3621,77,0,61412,0,"A Fresh Start",2034,0,0,0,0,0,0,0,0,0,0,0,0,0,0,0,0,0,0,0,0,0,0,0
1021,3622,77,0,61412,0,"More than a Hunch",2035,2036,2037,0,0,0,0,0,0,0,0,0,0,0,0,0,0,0,0,0,0,0,0,0
1022,3630,77,0,61412,0,"Return to Eulmore",2038,0,0,0,0,0,0,0,0,0,0,0,0,0,0,0,0,0,0,0,0,0,0,0
1023,3631,77,0,61412,0,"A Feast of Lies",2039,2040,2041,2042,0,0,0,0,0,0,0,0,0,0,0,0,0,0,0,0,0,0,0,0
1024,3632,77,0,61412,0,"Paradise Fallen",2043,0,0,0,0,0,0,0,0,0,0,0,0,0,0,0,0,0,0,0,0,0,0,0
1025,3633,78,0,61412,0,"The Ladder",0,0,0,0,0,0,0,0,0,0,0,0,0,0,0,0,0,0,0,0,0,0,0,0
1026,3634,78,0,61412,0,"The View from Above",2044,0,0,0,0,0,0,0,0,0,0,0,0,0,0,0,0,0,0,0,0,0,0,0
1027,3635,78,0,61412,0,"In Mt. Gulg's Shadow",2045,0,0,0,0,0,0,0,0,0,0,0,0,0,0,0,0,0,0,0,0,0,0,0
1028,3636,78,0,61412,0,"A Gigantic Undertaking",2046,0,0,0,0,0,0,0,0,0,0,0,0,0,0,0,0,0,0,0,0,0,0,0
1029,3637,78,0,61412,0,"Meet the Tholls",0,0,0,0,0,0,0,0,0,0,0,0,0,0,0,0,0,0,0,0,0,0,0,0
1030,3638,78,0,61412,0,"A-Digging We Will Go",0,0,0,0,0,0,0,0,0,0,0,0,0,0,0,0,0,0,0,0,0,0,0,0
1031,3639,78,0,61412,0,"The Duergar's Tewel",0,0,0,0,0,0,0,0,0,0,0,0,0,0,0,0,0,0,0,0,0,0,0,0
1032,3640,78,0,61412,0,"Rich Veins of Hope",0,0,0,0,0,0,0,0,0,0,0,0,0,0,0,0,0,0,0,0,0,0,0,0
1033,3641,78,0,61412,0,"That None Shall Ever Again",0,0,0,0,0,0,0,0,0,0,0,0,0,0,0,0,0,0,0,0,0,0,0,0
1034,3642,78,0,61412,0,"A Breath of Respite",2047,2048,0,0,0,0,0,0,0,0,0,0,0,0,0,0,0,0,0,0,0,0,0,0
1035,3643,79,0,61412,0,"Extinguishing the Last Light",2049,2050,2154,2155,2051,2052,2053,2054,0,0,0,0,0,0,0,0,0,0,0,0,0,0,0,0
1036,3644,79,0,61412,0,"Reassuring the Masses",0,0,0,0,0,0,0,0,0,0,0,0,0,0,0,0,0,0,0,0,0,0,0,0
1037,3645,79,0,61412,0,"In His Garden",2055,0,0,0,0,0,0,0,0,0,0,0,0,0,0,0,0,0,0,0,0,0,0,0
1038,3646,79,0,61412,0,"The Unbroken Thread",2056,2057,0,0,0,0,0,0,0,0,0,0,0,0,0,0,0,0,0,0,0,0,0,0
1039,3647,79,0,61412,0,"To Storm-tossed Seas",2058,2059,2060,0,0,0,0,0,0,0,0,0,0,0,0,0,0,0,0,0,0,0,0,0
1040,3648,79,0,61412,0,"Waiting in the Depths",0,0,0,0,0,0,0,0,0,0,0,0,0,0,0,0,0,0,0,0,0,0,0,0
1041,3649,79,0,61412,0,"City of the Ancients",0,0,0,0,0,0,0,0,0,0,0,0,0,0,0,0,0,0,0,0,0,0,0,0
1042,3650,79,0,61412,0,"The Light of Inspiration",0,0,0,0,0,0,0,0,0,0,0,0,0,0,0,0,0,0,0,0,0,0,0,0
1043,3651,80,0,61412,0,"The Illuminated Land",2061,2062,0,0,0,0,0,0,0,0,0,0,0,0,0,0,0,0,0,0,0,0,0,0
1044,3652,80,0,61412,0,"The End of a World",0,0,0,0,0,0,0,0,0,0,0,0,0,0,0,0,0,0,0,0,0,0,0,0
1045,3653,80,0,61412,0,"A Greater Purpose",2063,0,0,0,0,0,0,0,0,0,0,0,0,0,0,0,0,0,0,0,0,0,0,0
1046,3654,80,0,61412,0,"Shadowbringers",2064,2065,2148,2149,2066,2067,2068,2069,2070,2071,2072,0,0,0,0,0,0,0,0,0,0,0,0,0
1047,3673,80,0,61412,0,"Shaken Resolve",2185,2186,0,0,0,0,0,0,0,0,0,0,0,0,0,0,0,0,0,0,0,0,0,0
1048,3674,80,0,61412,0,"A Grand Adventure",2187,0,0,0,0,0,0,0,0,0,0,0,0,0,0,0,0,0,0,0,0,0,0,0
1049,3675,80,0,61412,0,"A Welcome Guest",2188,0,0,0,0,0,0,0,0,0,0,0,0,0,0,0,0,0,0,0,0,0,0,0
1050,3676,80,0,61412,0,"Good for the Soul",2189,0,0,0,0,0,0,0,0,0,0,0,0,0,0,0,0,0,0,0,0,0,0,0
1051,3677,80,0,61412,0,"Nowhere to Turn",2190,0,0,0,0,0,0,0,0,0,0,0,0,0,0,0,0,0,0,0,0,0,0,0
1052,3678,80,0,61412,0,"A Notable Absence",0,0,0,0,0,0,0,0,0,0,0,0,0,0,0,0,0,0,0,0,0,0,0,0
1053,3679,80,0,61412,0,"For the People",2191,0,0,0,0,0,0,0,0,0,0,0,0,0,0,0,0,0,0,0,0,0,0,0
1054,3680,80,0,61412,0,"Finding Good Help",2192,0,0,0,0,0,0,0,0,0,0,0,0,0,0,0,0,0,0,0,0,0,0,0
1055,3681,80,0,61412,0,"Moving Forward",2193,0,0,0,0,0,0,0,0,0,0,0,0,0,0,0,0,0,0,0,0,0,0,0
1056,3682,80,0,61412,0,"Vows of Virtue, Deeds of Cruelty",2194,2195,2196,2230,2197,2198,2199,0,0,0,0,0,0,0,0,0,0,0,0,0,0,0,0,0
1057,3761,80,0,61412,0,"Old Enemies, New Threats",2232,0,0,0,0,0,0,0,0,0,0,0,0,0,0,0,0,0,0,0,0,0,0,0
1058,3762,80,0,61412,0,"The Way Home",2233,0,0,0,0,0,0,0,0,0,0,0,0,0,0,0,0,0,0,0,0,0,0,0
1059,3763,80,0,61412,0,"Seeking Counsel",2234,2235,0,0,0,0,0,0,0,0,0,0,0,0,0,0,0,0,0,0,0,0,0,0
1060,3764,80,0,61412,0,"Facing the Truth",2236,2237,0,0,0,0,0,0,0,0,0,0,0,0,0,0,0,0,0,0,0,0,0,0
1061,3765,80,0,61412,0,"A Sleep Disturbed",2238,2239,2240,0,0,0,0,0,0,0,0,0,0,0,0,0,0,0,0,0,0,0,0,0
1062,3766,80,0,61412,0,"An Old Friend",2241,2242,0,0,0,0,0,0,0,0,0,0,0,0,0,0,0,0,0,0,0,0,0,0
1063,3767,80,0,61412,0,"Deep Designs",0,0,0,0,0,0,0,0,0,0,0,0,0,0,0,0,0,0,0,0,0,0,0,0
1064,3768,80,0,61412,0,"A Whale's Tale",2243,0,0,0,0,0,0,0,0,0,0,0,0,0,0,0,0,0,0,0,0,0,0,0
1065,3769,80,0,61412,0,"Beneath the Surface",2244,2245,0,0,0,0,0,0,0,0,0,0,0,0,0,0,0,0,0,0,0,0,0,0
1066,3770,80,0,61412,0,"Echoes of a Fallen Star",2246,2228,2247,2248,2249,0,0,0,0,0,0,0,0,0,0,0,0,0,0,0,0,0,0,0
1067,3771,80,0,61412,0,"In the Name of the Light",2316,0,0,0,0,0,0,0,0,0,0,0,0,0,0,0,0,0,0,0,0,0,0,0
1068,3772,80,0,61412,0,"Heroic Dreams",2317,0,0,0,0,0,0,0,0,0,0,0,0,0,0,0,0,0,0,0,0,0,0,0
1069,3773,80,0,61412,0,"Fraying Threads",2318,0,0,0,0,0,0,0,0,0,0,0,0,0,0,0,0,0,0,0,0,0,0,0
1070,3774,80,0,61412,0,"Food for the Soul",2319,0,0,0,0,0,0,0,0,0,0,0,0,0,0,0,0,0,0,0,0,0,0,0
1071,3775,80,0,61412,0,"Faded Memories",2320,2349,2350,2321,0,0,0,0,0,0,0,0,0,0,0,0,0,0,0,0,0,0,0,0
1072,3776,80,0,61412,0,"Etched in the Stars",2322,0,0,0,0,0,0,0,0,0,0,0,0,0,0,0,0,0,0,0,0,0,0,0
1073,3777,80,0,61412,0,"The Converging Light",2323,2324,2325,2326,2385,0,0,0,0,0,0,0,0,0,0,0,0,0,0,0,0,0,0,0
1074,3778,80,0,61412,0,"Hope's Confluence",2327,2328,2339,2340,2329,0,0,0,0,0,0,0,0,0,0,0,0,0,0,0,0,0,0,0
1075,3779,80,0,61412,0,"Nothing Unsaid",2386,2330,0,0,0,0,0,0,0,0,0,0,0,0,0,0,0,0,0,0,0,0,0,0
1076,3780,80,0,61412,0,"The Journey Continues",2331,0,0,0,0,0,0,0,0,0,0,0,0,0,0,0,0,0,0,0,0,0,0,0
1077,3781,80,0,61412,0,"Unto the Morrow",2332,2333,0,0,0,0,0,0,0,0,0,0,0,0,0,0,0,0,0,0,0,0,0,0
1078,3782,80,0,61412,0,"Reflections in Crystal",2334,2335,2336,2337,2338,0,0,0,0,0,0,0,0,0,0,0,0,0,0,0,0,0,0,0
1079,4007,80,0,61412,0,"Alisaie's Quest",2425,0,0,0,0,0,0,0,0,0,0,0,0,0,0,0,0,0,0,0,0,0,0,0
1080,4008,80,0,61412,0,"The Wisdom of Allag",2426,0,0,0,0,0,0,0,0,0,0,0,0,0,0,0,0,0,0,0,0,0,0,0
1081,4009,80,0,61412,0,"Reviving the Legacy",2427,2428,2429,0,0,0,0,0,0,0,0,0,0,0,0,0,0,0,0,0,0,0,0,0
1082,4010,80,0,61412,0,"Forget Us Not",2430,2431,0,0,0,0,0,0,0,0,0,0,0,0,0,0,0,0,0,0,0,0,0,0
1083,4011,80,0,61412,0,"Like Master, Like Pupil",2432,2433,0,0,0,0,0,0,0,0,0,0,0,0,0,0,0,0,0,0,0,0,0,0
1084,4012,80,0,61412,0,"The Admiral's Resolve",2434,0,0,0,0,0,0,0,0,0,0,0,0,0,0,0,0,0,0,0,0,0,0,0
1085,4013,80,0,61412,0,"The Search for Sicard",2435,0,0,0,0,0,0,0,0,0,0,0,0,0,0,0,0,0,0,0,0,0,0,0
1086,4014,80,0,61412,0,"On Rough Seas",2436,0,0,0,0,0,0,0,0,0,0,0,0,0,0,0,0,0,0,0,0,0,0,0
1087,4015,80,0,61412,0,"The Great Ship Vylbrand",2437,2438,0,0,0,0,0,0,0,0,0,0,0,0,0,0,0,0,0,0,0,0,0,0
1088,4016,80,0,61412,0,"Futures Rewritten",2439,2440,2441,2442,2443,2444,0,0,0,0,0,0,0,0,0,0,0,0,0,0,0,0,0,0
1089,4058,80,0,61412,0,"Unto the Breach",2477,2478,0,0,0,0,0,0,0,0,0,0,0,0,0,0,0,0,0,0,0,0,0,0
1090,4059,80,0,61412,0,"Here Be Dragons",2479,0,0,0,0,0,0,0,0,0,0,0,0,0,0,0,0,0,0,0,0,0,0,0
1091,4060,80,0,61412,0,"Righteous Indignation",2480,0,0,0,0,0,0,0,0,0,0,0,0,0,0,0,0,0,0,0,0,0,0,0
1092,4061,80,0,61412,0,"For Vengeance",2481,0,0,0,0,0,0,0,0,0,0,0,0,0,0,0,0,0,0,0,0,0,0,0
1093,4062,80,0,61412,0,"The Flames of War",2482,2483,0,0,0,0,0,0,0,0,0,0,0,0,0,0,0,0,0,0,0,0,0,0
1094,4063,80,0,61412,0,"When the Dust Settles",2484,2485,2486,2487,0,0,0,0,0,0,0,0,0,0,0,0,0,0,0,0,0,0,0,0
1095,4064,80,0,61412,0,"The Company We Keep",2488,0,0,0,0,0,0,0,0,0,0,0,0,0,0,0,0,0,0,0,0,0,0,0
1096,4065,80,0,61412,0,"On Official Business",2489,0,0,0,0,0,0,0,0,0,0,0,0,0,0,0,0,0,0,0,0,0,0,0
1097,4066,80,0,61412,0,"Death Unto Dawn",2490,2491,2529,2492,2545,2552,2493,2494,2495,0,0,0,0,0,0,0,0,0,0,0,0,0,0,0
1098,4357,80,0,61412,0,"The Next Ship to Sail",2593,2594,2595,0,0,0,0,0,0,0,0,0,0,0,0,0,0,0,0,0,0,0,0,0
1099,4358,80,0,61412,0,"Old Sharlayan, New to You",2596,0,0,0,0,0,0,0,0,0,0,0,0,0,0,0,0,0,0,0,0,0,0,0
1100,4359,80,0,61412,0,"Hitting the Books",0,0,0,0,0,0,0,0,0,0,0,0,0,0,0,0,0,0,0,0,0,0,0,0
1101,4360,80,0,61412,0,"A Seat at the Last Stand",2597,0,0,0,0,0,0,0,0,0,0,0,0,0,0,0,0,0,0,0,0,0,0,0
1102,4361,80,0,61412,0,"A Labyrinthine Descent",2598,0,0,0,0,0,0,0,0,0,0,0,0,0,0,0,0,0,0,0,0,0,0,0
1103,4362,80,0,61412,0,"Glorified Ratcatcher",0,0,0,0,0,0,0,0,0,0,0,0,0,0,0,0,0,0,0,0,0,0,0,0
1104,4363,80,0,61412,0,"Deeper into the Maze",2599,0,0,0,0,0,0,0,0,0,0,0,0,0,0,0,0,0,0,0,0,0,0,0
1105,4364,80,0,61412,0,"The Medial Circuit",2600,0,0,0,0,0,0,0,0,0,0,0,0,0,0,0,0,0,0,0,0,0,0,0
1106,4365,80,0,61412,0,"The Full Report, Warts and All",2601,0,0,0,0,0,0,0,0,0,0,0,0,0,0,0,0,0,0,0,0,0,0,0
1107,4366,80,0,61412,0,"A Guide of Sorts",2602,2603,0,0,0,0,0,0,0,0,0,0,0,0,0,0,0,0,0,0,0,0,0,0
1108,4367,80,0,61412,0,"Estate Visitor",2604,0,0,0,0,0,0,0,0,0,0,0,0,0,0,0,0,0,0,0,0,0,0,0
1109,4368,80,0,61412,0,"For Thavnair Bound",2605,2606,0,0,0,0,0,0,0,0,0,0,0,0,0,0,0,0,0,0,0,0,0,0
1110,4369,80,0,61412,0,"On Low Tide",0,0,0,0,0,0,0,0,0,0,0,0,0,0,0,0,0,0,0,0,0,0,0,0
1111,4370,80,0,61412,0,"A Fisherman's Friend",0,0,0,0,0,0,0,0,0,0,0,0,0,0,0,0,0,0,0,0,0,0,0,0
1112,4371,80,0,61412,0,"House of Divinities",0,0,0,0,0,0,0,0,0,0,0,0,0,0,0,0,0,0,0,0,0,0,0,0
1113,4372,80,0,61412,0,"The Great Work",2607,0,0,0,0,0,0,0,0,0,0,0,0,0,0,0,0,0,0,0,0,0,0,0
1114,4373,80,0,61412,0,"Shadowed Footsteps",2608,0,0,0,0,0,0,0,0,0,0,0,0,0,0,0,0,0,0,0,0,0,0,0
1115,4374,80,0,61412,0,"A Boy's Errand",0,0,0,0,0,0,0,0,0,0,0,0,0,0,0,0,0,0,0,0,0,0,0,0
1116,4375,80,0,61412,0,"Tipping the Scale",2609,2610,2611,2612,2613,0,0,0,0,0,0,0,0,0,0,0,0,0,0,0,0,0,0,0
1117,4376,80,0,61412,0,"The Satrap of Radz-at-Han",2614,2615,0,0,0,0,0,0,0,0,0,0,0,0,0,0,0,0,0,0,0,0,0,0
1118,4377,81,0,61412,0,"In the Dark of the Tower",2616,2617,2618,0,0,0,0,0,0,0,0,0,0,0,0,0,0,0,0,0,0,0,0,0
1119,4378,81,0,61412,0,"The Jewel of Thavnair",2619,0,0,0,0,0,0,0,0,0,0,0,0,0,0,0,0,0,0,0,0,0,0,0
1120,4379,81,0,61412,0,"The Color of Joy",2620,2621,2622,0,0,0,0,0,0,0,0,0,0,0,0,0,0,0,0,0,0,0,0,0
1121,4380,82,0,61412,0,"Sound the Bell, School's In",2623,0,0,0,0,0,0,0,0,0,0,0,0,0,0,0,0,0,0,0,0,0,0,0
1122,4381,82,0,61412,0,"A Capital Idea",0,0,0,0,0,0,0,0,0,0,0,0,0,0,0,0,0,0,0,0,0,0,0,0
1123,4382,82,0,61412,0,"Best of the Best",2624,0,0,0,0,0,0,0,0,0,0,0,0,0,0,0,0,0,0,0,0,0,0,0
1124,4383,82,0,61412,0,"A Frosty Reception",2625,2794,2804,2626,2627,2628,0,0,0,0,0,0,0,0,0,0,0,0,0,0,0,0,0,0
1125,4384,82,0,61412,0,"Tracks in the Snow",0,0,0,0,0,0,0,0,0,0,0,0,0,0,0,0,0,0,0,0,0,0,0,0
1126,4385,82,0,61412,0,"How the Mighty Are Fallen",0,0,0,0,0,0,0,0,0,0,0,0,0,0,0,0,0,0,0,0,0,0,0,0
1127,4386,82,0,61412,0,"At the End of the Trail",2629,0,0,0,0,0,0,0,0,0,0,0,0,0,0,0,0,0,0,0,0,0,0,0
1128,4387,82,0,61412,0,"A Way Forward",2630,0,0,0,0,0,0,0,0,0,0,0,0,0,0,0,0,0,0,0,0,0,0,0
1129,4388,82,0,61412,0,"The Last Bastion",2631,0,0,0,0,0,0,0,0,0,0,0,0,0,0,0,0,0,0,0,0,0,0,0
1130,4389,82,0,61412,0,"Personae non Gratae",0,0,0,0,0,0,0,0,0,0,0,0,0,0,0,0,0,0,0,0,0,0,0,0
1131,4390,83,0,61412,0,"His Park Materials",0,0,0,0,0,0,0,0,0,0,0,0,0,0,0,0,0,0,0,0,0,0,0,0
1132,4391,83,0,61412,0,"No Good Deed",2632,0,0,0,0,0,0,0,0,0,0,0,0,0,0,0,0,0,0,0,0,0,0,0
1133,4392,83,0,61412,0,"Alea Iacta Est",2633,0,0,0,0,0,0,0,0,0,0,0,0,0,0,0,0,0,0,0,0,0,0,0
1134,4393,83,0,61412,0,"Strange Bedfellows",0,0,0,0,0,0,0,0,0,0,0,0,0,0,0,0,0,0,0,0,0,0,0,0
1135,4394,83,0,61412,0,"In from the Cold",2634,2635,2636,2637,0,0,0,0,0,0,0,0,0,0,0,0,0,0,0,0,0,0,0,0
1136,4395,83,0,61412,0,"Gateway of the Gods",2638,0,0,0,0,0,0,0,0,0,0,0,0,0,0,0,0,0,0,0,0,0,0,0
1137,4396,83,0,61412,0,"A Trip to the Moon",2639,2640,0,0,0,0,0,0,0,0,0,0,0,0,0,0,0,0,0,0,0,0,0,0
1138,4397,83,0,61412,0,"Sea of Sorrow",2641,0,0,0,0,0,0,0,0,0,0,0,0,0,0,0,0,0,0,0,0,0,0,0
1139,4398,83,0,61412,0,"The Martyr",2642,2643,2756,2757,2644,2645,0,0,0,0,0,0,0,0,0,0,0,0,0,0,0,0,0,0
1140,4399,84,0,61412,0,"In Shadow's Wake",2646,0,0,0,0,0,0,0,0,0,0,0,0,0,0,0,0,0,0,0,0,0,0,0
1141,4400,84,0,61412,0,"Helping Hands",2647,0,0,0,0,0,0,0,0,0,0,0,0,0,0,0,0,0,0,0,0,0,0,0
1142,4401,84,0,61412,0,"A Harey Situation",2648,0,0,0,0,0,0,0,0,0,0,0,0,0,0,0,0,0,0,0,0,0,0,0
1143,4402,84,0,61412,0,"A Taste of the Moon",0,0,0,0,0,0,0,0,0,0,0,0,0,0,0,0,0,0,0,0,0,0,0,0
1144,4403,84,0,61412,0,"Styled a Hero",2649,0,0,0,0,0,0,0,0,0,0,0,0,0,0,0,0,0,0,0,0,0,0,0
1145,4404,84,0,61412,0,"All's Vale That Endsvale",0,0,0,0,0,0,0,0,0,0,0,0,0,0,0,0,0,0,0,0,0,0,0,0
1146,4405,84,0,61412,0,"Back to Old Tricks",2650,0,0,0,0,0,0,0,0,0,0,0,0,0,0,0,0,0,0,0,0,0,0,0
1147,4406,84,0,61412,0,"Setting Things Straight",0,0,0,0,0,0,0,0,0,0,0,0,0,0,0,0,0,0,0,0,0,0,0,0
1148,4407,84,0,61412,0,"Heart of the Matter",2651,0,0,0,0,0,0,0,0,0,0,0,0,0,0,0,0,0,0,0,0,0,0,0
1149,4408,84,0,61412,0,"Returning Home",2652,2653,2654,2655,0,0,0,0,0,0,0,0,0,0,0,0,0,0,0,0,0,0,0,0
1150,4409,85,0,61412,0,"Skies Aflame",2656,2657,0,0,0,0,0,0,0,0,0,0,0,0,0,0,0,0,0,0,0,0,0,0
1151,4410,85,0,61412,0,"The Blasphemy Unmasked",0,0,0,0,0,0,0,0,0,0,0,0,0,0,0,0,0,0,0,0,0,0,0,0
1152,4411,85,0,61412,0,"Amidst the Apocalypse",0,0,0,0,0,0,0,0,0,0,0,0,0,0,0,0,0,0,0,0,0,0,0,0
1153,4412,85,0,61412,0,"Beyond the Depths of Despair",2658,0,0,0,0,0,0,0,0,0,0,0,0,0,0,0,0,0,0,0,0,0,0,0
1154,4413,85,0,61412,0,"That We Might Live",2659,0,0,0,0,0,0,0,0,0,0,0,0,0,0,0,0,0,0,0,0,0,0,0
1155,4414,85,0,61412,0,"When All Hope Seems Lost",2660,0,0,0,0,0,0,0,0,0,0,0,0,0,0,0,0,0,0,0,0,0,0,0
1156,4415,85,0,61412,0,"Warm Hearts, Rekindled Hopes",2661,2662,0,0,0,0,0,0,0,0,0,0,0,0,0,0,0,0,0,0,0,0,0,0
1157,4416,85,0,61412,0,"Simple Pleasures",0,0,0,0,0,0,0,0,0,0,0,0,0,0,0,0,0,0,0,0,0,0,0,0
1158,4417,85,0,61412,0,"Under His Wing",2663,0,0,0,0,0,0,0,0,0,0,0,0,0,0,0,0,0,0,0,0,0,0,0
1159,4418,85,0,61412,0,"At World's End",2664,0,0,0,0,0,0,0,0,0,0,0,0,0,0,0,0,0,0,0,0,0,0,0
1160,4419,86,0,61412,0,"Return to the Crystarium",0,0,0,0,0,0,0,0,0,0,0,0,0,0,0,0,0,0,0,0,0,0,0,0
1161,4420,86,0,61412,0,"Hope Upon a Flower",2665,2666,2667,2668,0,0,0,0,0,0,0,0,0,0,0,0,0,0,0,0,0,0,0,0
1162,4421,86,0,61412,0,"Petalouda Hunt",0,0,0,0,0,0,0,0,0,0,0,0,0,0,0,0,0,0,0,0,0,0,0,0
1163,4422,86,0,61412,0,"In Search of Hermes",2669,0,0,0,0,0,0,0,0,0,0,0,0,0,0,0,0,0,0,0,0,0,0,0
1164,4423,86,0,61412,0,"Ponder, Warrant, Cherish, Welcome",2670,0,0,0,0,0,0,0,0,0,0,0,0,0,0,0,0,0,0,0,0,0,0,0
1165,4424,86,0,61412,0,"Lives Apart",2671,0,0,0,0,0,0,0,0,0,0,0,0,0,0,0,0,0,0,0,0,0,0,0
1166,4425,86,0,61412,0,"Their Greatest Contribution",2672,0,0,0,0,0,0,0,0,0,0,0,0,0,0,0,0,0,0,0,0,0,0,0
1167,4426,86,0,61412,0,"Aether to Aether",0,0,0,0,0,0,0,0,0,0,0,0,0,0,0,0,0,0,0,0,0,0,0,0
1168,4427,86,0,61412,0,"A Sentimental Gift",2673,0,0,0,0,0,0,0,0,0,0,0,0,0,0,0,0,0,0,0,0,0,0,0
1169,4428,86,0,61412,0,"Verdict and Execution",2674,0,0,0,0,0,0,0,0,0,0,0,0,0,0,0,0,0,0,0,0,0,0,0
1170,4429,87,0,61412,0,"Travelers at the Crossroads",2675,0,0,0,0,0,0,0,0,0,0,0,0,0,0,0,0,0,0,0,0,0,0,0
1171,4430,87,0,61412,0,"A Past, Not Yet Come to Pass",2676,0,0,0,0,0,0,0,0,0,0,0,0,0,0,0,0,0,0,0,0,0,0,0
1172,4431,87,0,61412,0,"Witness to the Spectacle",2677,0,0,0,0,0,0,0,0,0,0,0,0,0,0,0,0,0,0,0,0,0,0,0
1173,4432,87,0,61412,0,"Worthy of His Back",2678,0,0,0,0,0,0,0,0,0,0,0,0,0,0,0,0,0,0,0,0,0,0,0
1174,4433,87,0,61412,0,"A Flower upon Your Return",2679,0,0,0,0,0,0,0,0,0,0,0,0,0,0,0,0,0,0,0,0,0,0,0
1175,4434,87,0,61412,0,"Hunger in the Garden",0,0,0,0,0,0,0,0,0,0,0,0,0,0,0,0,0,0,0,0,0,0,0,0
1176,4435,87,0,61412,0,"Words without Sound",2680,0,0,0,0,0,0,0,0,0,0,0,0,0,0,0,0,0,0,0,0,0,0,0
1177,4436,87,0,61412,0,"Follow, Wander, Stumble, Listen",2681,0,0,0,0,0,0,0,0,0,0,0,0,0,0,0,0,0,0,0,0,0,0,0
1178,4437,87,0,61412,0,"Caging the Messenger",2682,2683,0,0,0,0,0,0,0,0,0,0,0,0,0,0,0,0,0,0,0,0,0,0
1179,4438,87,0,61412,0,"Thou Must Live, Die, and Know",2684,2685,2686,0,0,0,0,0,0,0,0,0,0,0,0,0,0,0,0,0,0,0,0,0
1180,4439,88,0,61412,0,"As the Heavens Burn",2687,2688,2689,2690,0,0,0,0,0,0,0,0,0,0,0,0,0,0,0,0,0,0,0,0
1181,4440,88,0,61412,0,"Outside Help",2691,2692,0,0,0,0,0,0,0,0,0,0,0,0,0,0,0,0,0,0,0,0,0,0
1182,4441,88,0,61412,0,"Going Underground",2693,2694,2695,2696,2697,0,0,0,0,0,0,0,0,0,0,0,0,0,0,0,0,0,0,0
1183,4442,88,0,61412,0,"No Job Too Small",0,0,0,0,0,0,0,0,0,0,0,0,0,0,0,0,0,0,0,0,0,0,0,0
1184,4443,88,0,61412,0,"Wise Guides",0,0,0,0,0,0,0,0,0,0,0,0,0,0,0,0,0,0,0,0,0,0,0,0
1185,4444,88,0,61412,0,"Agriculture Shock",0,0,0,0,0,0,0,0,0,0,0,0,0,0,0,0,0,0,0,0,0,0,0,0
1186,4445,88,0,61412,0,"Sage Council",2698,0,0,0,0,0,0,0,0,0,0,0,0,0,0,0,0,0,0,0,0,0,0,0
1187,4446,88,0,61412,0,"Hither and Yarns",0,0,0,0,0,0,0,0,0,0,0,0,0,0,0,0,0,0,0,0,0,0,0,0
1188,4447,88,0,61412,0,"Once Forged",0,0,0,0,0,0,0,0,0,0,0,0,0,0,0,0,0,0,0,0,0,0,0,0
1189,4448,88,0,61412,0,"Bonds of Adamant(ite)",2699,2700,0,0,0,0,0,0,0,0,0,0,0,0,0,0,0,0,0,0,0,0,0,0
1190,4449,89,0,61412,0,"Her Children, One and All",2701,2702,2758,2759,2703,2704,0,0,0,0,0,0,0,0,0,0,0,0,0,0,0,0,0,0
1191,4450,89,0,61412,0,"A Bold Decision",0,0,0,0,0,0,0,0,0,0,0,0,0,0,0,0,0,0,0,0,0,0,0,0
1192,4451,89,0,61412,0,"Friends Gathered",2705,2706,2707,2708,2709,0,0,0,0,0,0,0,0,0,0,0,0,0,0,0,0,0,0,0
1193,4452,89,0,61412,0,"Unto the Heavens",2710,2711,2712,2713,2714,0,0,0,0,0,0,0,0,0,0,0,0,0,0,0,0,0,0,0
1194,4453,89,0,61412,0,"A §trαnge New World",2715,0,0,0,0,0,0,0,0,0,0,0,0,0,0,0,0,0,0,0,0,0,0,0
1195,4454,89,0,61412,0,"On Burdεned ωings",0,0,0,0,0,0,0,0,0,0,0,0,0,0,0,0,0,0,0,0,0,0,0,0
1196,4455,89,0,61412,0,"Α Test of Wιll",2716,0,0,0,0,0,0,0,0,0,0,0,0,0,0,0,0,0,0,0,0,0,0,0
1197,4456,89,0,61412,0,"Roads Pαved││Sacri┣ice",0,0,0,0,0,0,0,0,0,0,0,0,0,0,0,0,0,0,0,0,0,0,0,0
1198,4457,89,0,61412,0,"F//εsh AbanΔon┨Δ",0,0,0,0,0,0,0,0,0,0,0,0,0,0,0,0,0,0,0,0,0,0,0,0
1199,4458,89,0,61412,0,"Where Kn∞wledge Leads",2717,0,0,0,0,0,0,0,0,0,0,0,0,0,0,0,0,0,0,0,0,0,0,0
1200,4459,90,0,61412,0,"Vic┨οry  ̈ ̈ ̈╳, │̆││ε Lost",0,0,0,0,0,0,0,0,0,0,0,0,0,0,0,0,0,0,0,0,0,0,0,0
1201,4460,90,0,61412,0,"┣┨̈//̈ No┨ΦounΔ•••",2718,0,0,0,0,0,0,0,0,0,0,0,0,0,0,0,0,0,0,0,0,0,0,0
1202,4461,90,0,61412,0,"Hello, World",2719,0,0,0,0,0,0,0,0,0,0,0,0,0,0,0,0,0,0,0,0,0,0,0
1203,4462,90,0,61412,0,"Forge Ahead",0,0,0,0,0,0,0,0,0,0,0,0,0,0,0,0,0,0,0,0,0,0,0,0
1204,4463,90,0,61412,0,"You're Not Alone",2720,2721,2722,2723,0,0,0,0,0,0,0,0,0,0,0,0,0,0,0,0,0,0,0,0
1205,4464,90,0,61412,0,"Endwalker",2724,2760,2761,2725,2802,2726,2727,2728,2729,2730,2731,0,0,0,0,0,0,0,0,0,0,0,0,0
1206,4526,90,0,61412,0,"Newfound Adventure",2810,2811,2812,0,0,0,0,0,0,0,0,0,0,0,0,0,0,0,0,0,0,0,0,0
1207,4527,90,0,61412,0,"Bountiful Ruins",2813,0,0,0,0,0,0,0,0,0,0,0,0,0,0,0,0,0,0,0,0,0,0,0
1208,4528,90,0,61412,0,"Friends for the Road",2827,2814,2828,0,0,0,0,0,0,0,0,0,0,0,0,0,0,0,0,0,0,0,0,0
1209,4529,90,0,61412,0,"Alzadaal's Legacy",2815,0,0,0,0,0,0,0,0,0,0,0,0,0,0,0,0,0,0,0,0,0,0,0
1210,4530,90,0,61412,0,"A Brother's Grief",2816,2817,0,0,0,0,0,0,0,0,0,0,0,0,0,0,0,0,0,0,0,0,0,0
1211,4531,90,0,61412,0,"Sharing the Wealth",2818,0,0,0,0,0,0,0,0,0,0,0,0,0,0,0,0,0,0,0,0,0,0,0
1212,4532,90,0,61412,0,"Bridging the Rift",2868,2819,2869,0,0,0,0,0,0,0,0,0,0,0,0,0,0,0,0,0,0,0,0,0
1213,4533,90,0,61412,0,"Restricted Reading",2820,2821,0,0,0,0,0,0,0,0,0,0,0,0,0,0,0,0,0,0,0,0,0,0
1214,4534,90,0,61412,0,"Void Theory",2822,2823,0,0,0,0,0,0,0,0,0,0,0,0,0,0,0,0,0,0,0,0,0,0
1215,4535,90,0,61412,0,"A Satrap's Duty",2824,2825,0,0,0,0,0,0,0,0,0,0,0,0,0,0,0,0,0,0,0,0,0,0
1216,4592,90,0,61412,0,"In Search of Azdaja",2885,2886,2950,2951,2952,2887,0,0,0,0,0,0,0,0,0,0,0,0,0,0,0,0,0,0
1217,4593,90,0,61412,0,"Shadowed Remnants",2888,0,0,0,0,0,0,0,0,0,0,0,0,0,0,0,0,0,0,0,0,0,0,0
1218,4594,90,0,61412,0,"Where Everything Begins",2889,2890,2891,2892,2893,2894,0,0,0,0,0,0,0,0,0,0,0,0,0,0,0,0,0,0
1219,4595,90,0,61412,0,"Groping in the Dark",2895,2958,0,0,0,0,0,0,0,0,0,0,0,0,0,0,0,0,0,0,0,0,0,0
1220,4596,90,0,61412,0,"Nowhere to Run",2896,2897,0,0,0,0,0,0,0,0,0,0,0,0,0,0,0,0,0,0,0,0,0,0
1221,4597,90,0,61412,0,"The Wind Rises",2898,2905,2906,2899,0,0,0,0,0,0,0,0,0,0,0,0,0,0,0,0,0,0,0,0
1222,4598,90,0,61412,0,"Return from the Void",2900,2901,0,0,0,0,0,0,0,0,0,0,0,0,0,0,0,0,0,0,0,0,0,0
1223,4599,90,0,61412,0,"A World with Light and Life",2902,0,0,0,0,0,0,0,0,0,0,0,0,0,0,0,0,0,0,0,0,0,0,0
1224,4600,90,0,61412,0,"Buried Memory",2903,2904,0,0,0,0,0,0,0,0,0,0,0,0,0,0,0,0,0,0,0,0,0,0
1225,4670,90,0,61412,0,"Once More unto the Void",2967,2968,0,0,0,0,0,0,0,0,0,0,0,0,0,0,0,0,0,0,0,0,0,0
1226,4671,90,0,61412,0,"A Cold Reunion",2969,3044,2970,0,0,0,0,0,0,0,0,0,0,0,0,0,0,0,0,0,0,0,0,0
1227,4672,90,0,61412,0,"Kindled Spirit",2971,2972,0,0,0,0,0,0,0,0,0,0,0,0,0,0,0,0,0,0,0,0,0,0
1228,4673,90,0,61412,0,"An Unforeseen Bargain",2973,2974,2975,2976,2977,0,0,0,0,0,0,0,0,0,0,0,0,0,0,0,0,0,0,0
1229,4674,90,0,61412,0,"King of the Mountain",2989,2990,2991,2978,0,0,0,0,0,0,0,0,0,0,0,0,0,0,0,0,0,0,0,0
1230,4675,90,0,61412,0,"A Dragon's Resolve",2979,0,0,0,0,0,0,0,0,0,0,0,0,0,0,0,0,0,0,0,0,0,0,0
1231,4676,90,0,61412,0,"Paths Barred",2980,2981,0,0,0,0,0,0,0,0,0,0,0,0,0,0,0,0,0,0,0,0,0,0
1232,4677,90,0,61412,0,"Desires Untold",2982,2992,2993,2983,2984,2985,0,0,0,0,0,0,0,0,0,0,0,0,0,0,0,0,0,0
1233,4678,90,0,61412,0,"Gods Revel, Lands Tremble",2986,3048,0,0,0,0,0,0,0,0,0,0,0,0,0,0,0,0,0,0,0,0,0,0
1234,4735,90,0,61412,0,"Currying Flavor",3049,3050,0,0,0,0,0,0,0,0,0,0,0,0,0,0,0,0,0,0,0,0,0,0
1235,4736,90,0,61412,0,"Going Haam",3051,3052,3053,0,0,0,0,0,0,0,0,0,0,0,0,0,0,0,0,0,0,0,0,0
1236,4737,90,0,61412,0,"Like Fear to Flame",0,0,0,0,0,0,0,0,0,0,0,0,0,0,0,0,0,0,0,0,0,0,0,0
1237,4738,90,0,61412,0,"The Fallen Empire",3054,0,0,0,0,0,0,0,0,0,0,0,0,0,0,0,0,0,0,0,0,0,0,0
1238,4739,90,0,61412,0,"Bonds of Trust",3055,3056,3057,3058,0,0,0,0,0,0,0,0,0,0,0,0,0,0,0,0,0,0,0,0
1239,4740,90,0,61412,0,"Lunar Rendezvous",3059,3060,3061,3062,0,0,0,0,0,0,0,0,0,0,0,0,0,0,0,0,0,0,0,0
1240,4741,90,0,61412,0,"The Red Side of the Moon",3063,3064,3065,3066,3067,0,0,0,0,0,0,0,0,0,0,0,0,0,0,0,0,0,0,0
1241,4742,90,0,61412,0,"Abyssal Dark",3068,3069,3070,3137,3138,3071,0,0,0,0,0,0,0,0,0,0,0,0,0,0,0,0,0,0
1242,4743,90,0,61412,0,"The Dark Throne",3072,3073,0,0,0,0,0,0,0,0,0,0,0,0,0,0,0,0,0,0,0,0,0,0
1243,4744,90,0,61412,0,"Seeking the Light",3158,3159,0,0,0,0,0,0,0,0,0,0,0,0,0,0,0,0,0,0,0,0,0,0
1244,4745,90,0,61412,0,"Appealing to the Masses",3160,0,0,0,0,0,0,0,0,0,0,0,0,0,0,0,0,0,0,0,0,0,0,0
1245,4746,90,0,61412,0,"In Defiance of Fate",3161,3162,3163,0,0,0,0,0,0,0,0,0,0,0,0,0,0,0,0,0,0,0,0,0
1246,4747,90,0,61412,0,"Back to Action",3164,3165,3166,3167,0,0,0,0,0,0,0,0,0,0,0,0,0,0,0,0,0,0,0,0
1247,4748,90,0,61412,0,"Down in the Dark",3219,3220,3221,3168,3169,3170,3195,3196,3171,3172,3173,0,0,0,0,0,0,0,0,0,0,0,0,0
1248,4749,90,0,61412,0,"Reunited at Last",3174,3175,0,0,0,0,0,0,0,0,0,0,0,0,0,0,0,0,0,0,0,0,0,0
1249,4750,90,0,61412,0,"Growing Light",3176,3177,3178,3179,0,0,0,0,0,0,0,0,0,0,0,0,0,0,0,0,0,0,0,0
1250,4751,90,0,61412,0,"When One Door Closes...",3180,0,0,0,0,0,0,0,0,0,0,0,0,0,0,0,0,0,0,0,0,0,0,0
1251,4752,90,0,61412,0,"The Game Is Afoot",3181,3182,3183,3184,0,0,0,0,0,0,0,0,0,0,0,0,0,0,0,0,0,0,0,0
1252,4753,90,0,61412,0,"The Coming Dawn",3185,3186,3187,3188,3189,0,0,0,0,0,0,0,0,0,0,0,0,0,0,0,0,0,0,0
1253,4860,90,0,61412,0,"A New World to Explore",3265,3266,3267,3268,3269,0,0,0,0,0,0,0,0,0,0,0,0,0,0,0,0,0,0,0
1254,4861,90,0,61412,0,"The Nation of Tuliyollal",0,0,0,0,0,0,0,0,0,0,0,0,0,0,0,0,0,0,0,0,0,0,0,0
1255,4862,90,0,61412,0,"A City of Stairs",0,0,0,0,0,0,0,0,0,0,0,0,0,0,0,0,0,0,0,0,0,0,0,0
1256,4863,90,0,61412,0,"A Saga in Stone",3270,0,0,0,0,0,0,0,0,0,0,0,0,0,0,0,0,0,0,0,0,0,0,0
1257,4864,90,0,61412,0,"The Rite of Succession",3271,3272,3273,0,0,0,0,0,0,0,0,0,0,0,0,0,0,0,0,0,0,0,0,0
1258,4865,90,0,61412,0,"To Kozama'uka",3274,0,0,0,0,0,0,0,0,0,0,0,0,0,0,0,0,0,0,0,0,0,0,0
1259,4866,90,0,61412,0,"A Festive People",3275,0,0,0,0,0,0,0,0,0,0,0,0,0,0,0,0,0,0,0,0,0,0,0
1260,4867,90,0,61412,0,"The Feat of Reeds",0,0,0,0,0,0,0,0,0,0,0,0,0,0,0,0,0,0,0,0,0,0,0,0
1261,4868,90,0,61412,0,"A Well-mannered Shipwright",3276,0,0,0,0,0,0,0,0,0,0,0,0,0,0,0,0,0,0,0,0,0,0,0
1262,4869,90,0,61412,0,"The Lifting of Wings",3277,0,0,0,0,0,0,0,0,0,0,0,0,0,0,0,0,0,0,0,0,0,0,0
1263,4870,90,0,61412,0,"Knowing the Hanuhanu",3278,3279,0,0,0,0,0,0,0,0,0,0,0,0,0,0,0,0,0,0,0,0,0,0
1264,4871,90,0,61412,0,"To Urqopacha",3280,0,0,0,0,0,0,0,0,0,0,0,0,0,0,0,0,0,0,0,0,0,0,0
1265,4872,90,0,61412,0,"Traders of Happiness",3281,0,0,0,0,0,0,0,0,0,0,0,0,0,0,0,0,0,0,0,0,0,0,0
1266,4873,90,0,61412,0,"The Feat of Gold",0,0,0,0,0,0,0,0,0,0,0,0,0,0,0,0,0,0,0,0,0,0,0,0
1267,4874,90,0,61412,0,"Mablu's Dream",0,0,0,0,0,0,0,0,0,0,0,0,0,0,0,0,0,0,0,0,0,0,0,0
1268,4875,90,0,61412,0,"A Premium Deal",0,0,0,0,0,0,0,0,0,0,0,0,0,0,0,0,0,0,0,0,0,0,0,0
1269,4876,90,0,61412,0,"Wuk Lamat in the Saddle",3282,3283,0,0,0,0,0,0,0,0,0,0,0,0,0,0,0,0,0,0,0,0,0,0
1270,4877,90,0,61412,0,"Knowing the Pelupelu",3284,0,0,0,0,0,0,0,0,0,0,0,0,0,0,0,0,0,0,0,0,0,0,0
1271,4878,91,0,61412,0,"The Success of Others",0,0,0,0,0,0,0,0,0,0,0,0,0,0,0,0,0,0,0,0,0,0,0,0
1272,4879,91,0,61412,0,"For All Turali",3285,3286,3287,3288,3289,0,0,0,0,0,0,0,0,0,0,0,0,0,0,0,0,0,0,0
1273,4880,92,0,61412,0,"A Leaking Workpot",0,0,0,0,0,0,0,0,0,0,0,0,0,0,0,0,0,0,0,0,0,0,0,0
1274,4881,92,0,61412,0,"Lending a Helphand",3290,0,0,0,0,0,0,0,0,0,0,0,0,0,0,0,0,0,0,0,0,0,0,0
1275,4882,92,0,61412,0,"The Feat of Pots",3291,0,0,0,0,0,0,0,0,0,0,0,0,0,0,0,0,0,0,0,0,0,0,0
1276,4883,92,0,61412,0,"A Father First",3292,3293,0,0,0,0,0,0,0,0,0,0,0,0,0,0,0,0,0,0,0,0,0,0
1277,4884,92,0,61412,0,"The Shape of Peace",3294,3295,0,0,0,0,0,0,0,0,0,0,0,0,0,0,0,0,0,0,0,0,0,0
1278,4885,92,0,61412,0,"Lost Promise",0,0,0,0,0,0,0,0,0,0,0,0,0,0,0,0,0,0,0,0,0,0,0,0
1279,4886,92,0,61412,0,"A Brother's Duty",3296,0,0,0,0,0,0,0,0,0,0,0,0,0,0,0,0,0,0,0,0,0,0,0
1280,4887,92,0,61412,0,"Feeding the River",0,0,0,0,0,0,0,0,0,0,0,0,0,0,0,0,0,0,0,0,0,0,0,0
1281,4888,92,0,61412,0,"Sibling Rescue",3297,3298,0,0,0,0,0,0,0,0,0,0,0,0,0,0,0,0,0,0,0,0,0,0
1282,4889,93,0,61412,0,"History's Keepers",3299,0,0,0,0,0,0,0,0,0,0,0,0,0,0,0,0,0,0,0,0,0,0,0
1283,4890,93,0,61412,0,"The Feat of Proof",0,0,0,0,0,0,0,0,0,0,0,0,0,0,0,0,0,0,0,0,0,0,0,0
1284,4891,93,0,61412,0,"The High Luminary",3300,3449,3450,3451,3301,0,0,0,0,0,0,0,0,0,0,0,0,0,0,0,0,0,0,0
1285,4892,93,0,61412,0,"An Echo of Madness",3302,0,0,0,0,0,0,0,0,0,0,0,0,0,0,0,0,0,0,0,0,0,0,0
1286,4893,93,0,61412,0,"Pointing the Way",0,0,0,0,0,0,0,0,0,0,0,0,0,0,0,0,0,0,0,0,0,0,0,0
1287,4894,93,0,61412,0,"The Skyruin",3303,3470,3471,3304,0,0,0,0,0,0,0,0,0,0,0,0,0,0,0,0,0,0,0,0
1288,4895,93,0,61412,0,"The Feat of Ice",3305,0,0,0,0,0,0,0,0,0,0,0,0,0,0,0,0,0,0,0,0,0,0,0
1289,4896,93,0,61412,0,"The Promise of Peace",3306,3307,3518,0,0,0,0,0,0,0,0,0,0,0,0,0,0,0,0,0,0,0,0,0
1290,4897,94,0,61412,0,"The Leap to Yak T'el",3308,0,0,0,0,0,0,0,0,0,0,0,0,0,0,0,0,0,0,0,0,0,0,0
1291,4898,94,0,61412,0,"Village of the Hunt",3309,0,0,0,0,0,0,0,0,0,0,0,0,0,0,0,0,0,0,0,0,0,0,0
1292,4899,94,0,61412,0,"A History of Violence",3310,0,0,0,0,0,0,0,0,0,0,0,0,0,0,0,0,0,0,0,0,0,0,0
1293,4900,94,0,61412,0,"The Feat of Repast",3311,0,0,0,0,0,0,0,0,0,0,0,0,0,0,0,0,0,0,0,0,0,0,0
1294,4901,94,0,61412,0,"A Father's Grief",0,0,0,0,0,0,0,0,0,0,0,0,0,0,0,0,0,0,0,0,0,0,0,0
1295,4902,94,0,61412,0,"Taking a Stand",3312,3313,3314,0,0,0,0,0,0,0,0,0,0,0,0,0,0,0,0,0,0,0,0,0
1296,4903,94,0,61412,0,"Into the Traverse",0,0,0,0,0,0,0,0,0,0,0,0,0,0,0,0,0,0,0,0,0,0,0,0
1297,4904,94,0,61412,0,"City of Silence",3315,0,0,0,0,0,0,0,0,0,0,0,0,0,0,0,0,0,0,0,0,0,0,0
1298,4905,94,0,61412,0,"Blessed Siblings",3316,0,0,0,0,0,0,0,0,0,0,0,0,0,0,0,0,0,0,0,0,0,0,0
1299,4906,94,0,61412,0,"Scale of Trust",3317,0,0,0,0,0,0,0,0,0,0,0,0,0,0,0,0,0,0,0,0,0,0,0
1300,4907,95,0,61412,0,"Mamook Speaks",0,0,0,0,0,0,0,0,0,0,0,0,0,0,0,0,0,0,0,0,0,0,0,0
1301,4908,95,0,61412,0,"The Feat of the Brotherhood",3318,3319,3320,0,0,0,0,0,0,0,0,0,0,0,0,0,0,0,0,0,0,0,0,0
1302,4909,95,0,61412,0,"Road to the Golden City",3321,0,0,0,0,0,0,0,0,0,0,0,0,0,0,0,0,0,0,0,0,0,0,0
1303,4910,95,0,61412,0,"Dawn of a New Tomorrow",3322,3323,3324,0,0,0,0,0,0,0,0,0,0,0,0,0,0,0,0,0,0,0,0,0
1304,4911,95,0,61412,0,"Ever Greater, Ever Brighter",3325,3326,0,0,0,0,0,0,0,0,0,0,0,0,0,0,0,0,0,0,0,0,0,0
1305,4912,95,0,61412,0,"The Long Road to Xak Tural",3327,3328,3329,0,0,0,0,0,0,0,0,0,0,0,0,0,0,0,0,0,0,0,0,0
1306,4913,95,0,61412,0,"Saddled Up",3330,0,0,0,0,0,0,0,0,0,0,0,0,0,0,0,0,0,0,0,0,0,0,0
1307,4914,95,0,61412,0,"Braced for Trouble",0,0,0,0,0,0,0,0,0,0,0,0,0,0,0,0,0,0,0,0,0,0,0,0
1308,4915,95,0,61412,0,"Blowing Smoke",3331,0,0,0,0,0,0,0,0,0,0,0,0,0,0,0,0,0,0,0,0,0,0,0
1309,4916,95,0,61412,0,"Law of the Land",3332,0,0,0,0,0,0,0,0,0,0,0,0,0,0,0,0,0,0,0,0,0,0,0
1310,4917,95,0,61412,0,"On Track",3333,0,0,0,0,0,0,0,0,0,0,0,0,0,0,0,0,0,0,0,0,0,0,0
1311,4918,96,0,61412,0,"One with Nature",0,0,0,0,0,0,0,0,0,0,0,0,0,0,0,0,0,0,0,0,0,0,0,0
1312,4919,96,0,61412,0,"And the Land Would Tremble",3334,3335,3336,0,0,0,0,0,0,0,0,0,0,0,0,0,0,0,0,0,0,0,0,0
1313,4920,96,0,61412,0,"No Time for Tears",3337,3338,0,0,0,0,0,0,0,0,0,0,0,0,0,0,0,0,0,0,0,0,0,0
1314,4921,96,0,61412,0,"Pick up the Pieces",3339,3340,3341,0,0,0,0,0,0,0,0,0,0,0,0,0,0,0,0,0,0,0,0,0
1315,4922,96,0,61412,0,"Together as One",3342,0,0,0,0,0,0,0,0,0,0,0,0,0,0,0,0,0,0,0,0,0,0,0
1316,4923,96,0,61412,0,"In Yyasulani's Shadow",3343,0,0,0,0,0,0,0,0,0,0,0,0,0,0,0,0,0,0,0,0,0,0,0
1317,4924,96,0,61412,0,"Putting Plans into Locomotion",0,0,0,0,0,0,0,0,0,0,0,0,0,0,0,0,0,0,0,0,0,0,0,0
1318,4925,96,0,61412,0,"A Hot Commodity",3344,0,0,0,0,0,0,0,0,0,0,0,0,0,0,0,0,0,0,0,0,0,0,0
1319,4926,97,0,61412,0,"All Aboard",3345,3346,3347,0,0,0,0,0,0,0,0,0,0,0,0,0,0,0,0,0,0,0,0,0
1320,4927,97,0,61412,0,"The Land of Levin",3348,0,0,0,0,0,0,0,0,0,0,0,0,0,0,0,0,0,0,0,0,0,0,0
1321,4928,97,0,61412,0,"A Royal Welcome",3349,0,0,0,0,0,0,0,0,0,0,0,0,0,0,0,0,0,0,0,0,0,0,0
1322,4929,97,0,61412,0,"A Day in the Life",0,0,0,0,0,0,0,0,0,0,0,0,0,0,0,0,0,0,0,0,0,0,0,0
1323,4930,97,0,61412,0,"On the Cloud",3350,3351,0,0,0,0,0,0,0,0,0,0,0,0,0,0,0,0,0,0,0,0,0,0
1324,4931,97,0,61412,0,"Gone and Forgotten",3352,3353,0,0,0,0,0,0,0,0,0,0,0,0,0,0,0,0,0,0,0,0,0,0
1325,4932,97,0,61412,0,"Embracing Oblivion",3354,3355,0,0,0,0,0,0,0,0,0,0,0,0,0,0,0,0,0,0,0,0,0,0
1326,4933,97,0,61412,0,"Solution Nine",3356,3357,0,0,0,0,0,0,0,0,0,0,0,0,0,0,0,0,0,0,0,0,0,0
1327,4934,97,0,61412,0,"The Queen's Tour",0,0,0,0,0,0,0,0,0,0,0,0,0,0,0,0,0,0,0,0,0,0,0,0
1328,4935,98,0,61412,0,"Her People, Her Family",3358,0,0,0,0,0,0,0,0,0,0,0,0,0,0,0,0,0,0,0,0,0,0,0
1329,4936,98,0,61412,0,"Scales of Blue",3359,0,0,0,0,0,0,0,0,0,0,0,0,0,0,0,0,0,0,0,0,0,0,0
1330,4937,98,0,61412,0,"Gives You Teeth",3360,3361,0,0,0,0,0,0,0,0,0,0,0,0,0,0,0,0,0,0,0,0,0,0
1331,4938,98,0,61412,0,"Little Footfalls",0,0,0,0,0,0,0,0,0,0,0,0,0,0,0,0,0,0,0,0,0,0,0,0
1332,4939,98,0,61412,0,"Drowned Vestiges",3362,0,0,0,0,0,0,0,0,0,0,0,0,0,0,0,0,0,0,0,0,0,0,0
1333,4940,98,0,61412,0,"Memories of a Knight",3363,3364,0,0,0,0,0,0,0,0,0,0,0,0,0,0,0,0,0,0,0,0,0,0
1334,4941,98,0,61412,0,"At a Crossroads",3365,0,0,0,0,0,0,0,0,0,0,0,0,0,0,0,0,0,0,0,0,0,0,0
1335,4942,98,0,61412,0,"The Protector and the Destroyer",3366,3367,3368,3369,3370,3505,3371,3372,0,0,0,0,0,0,0,0,0,0,0,0,0,0,0,0
1336,4943,99,0,61412,0,"A Comforting Hand",3373,0,0,0,0,0,0,0,0,0,0,0,0,0,0,0,0,0,0,0,0,0,0,0
1337,4944,99,0,61412,0,"Unto the Summit",3374,0,0,0,0,0,0,0,0,0,0,0,0,0,0,0,0,0,0,0,0,0,0,0
1338,4945,99,0,61412,0,"The Resilient Son",3375,3376,3377,3472,3473,3378,0,0,0,0,0,0,0,0,0,0,0,0,0,0,0,0,0,0
1339,4946,99,0,61412,0,"A New Family",3379,3380,0,0,0,0,0,0,0,0,0,0,0,0,0,0,0,0,0,0,0,0,0,0
1340,4947,99,0,61412,0,"In Pursuit of Sphene",3381,0,0,0,0,0,0,0,0,0,0,0,0,0,0,0,0,0,0,0,0,0,0,0
1341,4948,99,0,61412,0,"Through the Gate of Gold",3382,3383,3384,3385,0,0,0,0,0,0,0,0,0,0,0,0,0,0,0,0,0,0,0,0
1342,4949,99,0,61412,0,"Those Who Live Forever",3386,0,0,0,0,0,0,0,0,0,0,0,0,0,0,0,0,0,0,0,0,0,0,0
1343,4950,99,0,61412,0,"In Serenity and Sorrow",3387,3388,3389,0,0,0,0,0,0,0,0,0,0,0,0,0,0,0,0,0,0,0,0,0
1344,4951,99,0,61412,0,"The Land of Dreams",3390,3391,0,0,0,0,0,0,0,0,0,0,0,0,0,0,0,0,0,0,0,0,0,0
1345,4952,99,0,61412,0,"A Knight of Alexandria",3392,3393,0,0,0,0,0,0,0,0,0,0,0,0,0,0,0,0,0,0,0,0,0,0
1346,4953,100,0,61412,0,"The Sanctuary of the Strong",3394,3395,0,0,0,0,0,0,0,0,0,0,0,0,0,0,0,0,0,0,0,0,0,0
1347,4954,100,0,61412,0,"The Taste of Family",3396,0,0,0,0,0,0,0,0,0,0,0,0,0,0,0,0,0,0,0,0,0,0,0
1348,4955,100,0,61412,0,"Leafing through the Past",3397,3398,0,0,0,0,0,0,0,0,0,0,0,0,0,0,0,0,0,0,0,0,0,0
1349,4956,100,0,61412,0,"An Explorer's Delight",3399,0,0,0,0,0,0,0,0,0,0,0,0,0,0,0,0,0,0,0,0,0,0,0
1350,4957,100,0,61412,0,"In Search of Discovery",0,0,0,0,0,0,0,0,0,0,0,0,0,0,0,0,0,0,0,0,0,0,0,0
1351,4958,100,0,61412,0,"A Journey Never-ending",3400,3401,0,0,0,0,0,0,0,0,0,0,0,0,0,0,0,0,0,0,0,0,0,0
1352,4959,100,0,61412,0,"Dawntrail",3517,3402,3474,3475,3403,3404,3408,3506,0,0,0,0,0,0,0,0,0,0,0,0,0,0,0,0
1353,5244,100,0,61412,0,"A Royal Invitation",3521,0,0,0,0,0,0,0,0,0,0,0,0,0,0,0,0,0,0,0,0,0,0,0
1354,5245,100,0,61412,0,"Alexandria Mourns",3522,0,0,0,0,0,0,0,0,0,0,0,0,0,0,0,0,0,0,0,0,0,0,0
1355,5246,100,0,61412,0,"In Search of the Past",3523,3524,0,0,0,0,0,0,0,0,0,0,0,0,0,0,0,0,0,0,0,0,0,0
1356,5247,100,0,61412,0,"Among the Abandoned",3525,0,0,0,0,0,0,0,0,0,0,0,0,0,0,0,0,0,0,0,0,0,0,0
1357,5248,100,0,61412,0,"Guidance of the Hhetso",0,0,0,0,0,0,0,0,0,0,0,0,0,0,0,0,0,0,0,0,0,0,0,0
1358,5249,100,0,61412,0,"The Warmth of Family",3526,3527,3528,3529,3530,0,0,0,0,0,0,0,0,0,0,0,0,0,0,0,0,0,0,0
1359,5250,100,0,61412,0,"Crossroads",3531,3532,3533,0,0,0,0,0,0,0,0,0,0,0,0,0,0,0,0,0,0,0,0,0
1360,5299,100,0,61412,0,"A Glimmer of the Past",3574,3575,0,0,0,0,0,0,0,0,0,0,0,0,0,0,0,0,0,0,0,0,0,0
1361,5300,100,0,61412,0,"Memories of a Bygone Age",3576,3577,0,0,0,0,0,0,0,0,0,0,0,0,0,0,0,0,0,0,0,0,0,0
1362,5301,100,0,61412,0,"In Search of Meaning",0,0,0,0,0,0,0,0,0,0,0,0,0,0,0,0,0,0,0,0,0,0,0,0
1363,5302,100,0,61412,0,"A Jewel Shattered",3578,0,0,0,0,0,0,0,0,0,0,0,0,0,0,0,0,0,0,0,0,0,0,0
1364,5303,100,0,61412,0,"The Meeting",3579,0,0,0,0,0,0,0,0,0,0,0,0,0,0,0,0,0,0,0,0,0,0,0
1365,5304,100,0,61412,0,"Descent to the Foundation",3580,3581,3628,3629,3582,0,0,0,0,0,0,0,0,0,0,0,0,0,0,0,0,0,0,0
1366,5305,100,0,61412,0,"Shared Paths",3583,3584,0,0,0,0,0,0,0,0,0,0,0,0,0,0,0,0,0,0,0,0,0,0
1367,5306,100,0,61412,0,"Seekers of Eternity",3585,3586,3587,3588,3672,3589,0,0,0,0,0,0,0,0,0,0,0,0,0,0,0,0,0,0
1368,5364,100,0,61412,0,"Targeted Tragedy",3673,0,0,0,0,0,0,0,0,0,0,0,0,0,0,0,0,0,0,0,0,0,0,0
1369,5365,100,0,61412,0,"The Endless Choice",3674,0,0,0,0,0,0,0,0,0,0,0,0,0,0,0,0,0,0,0,0,0,0,0
1370,5366,100,0,61412,0,"My Memories and Yours",3675,3676,0,0,0,0,0,0,0,0,0,0,0,0,0,0,0,0,0,0,0,0,0,0
1371,5367,100,0,61412,0,"A Darkness in the Heart",3677,0,0,0,0,0,0,0,0,0,0,0,0,0,0,0,0,0,0,0,0,0,0,0
1372,5368,100,0,61412,0,"Preservation Their Purpose",3678,0,0,0,0,0,0,0,0,0,0,0,0,0,0,0,0,0,0,0,0,0,0,0
1373,5369,100,0,61412,0,"A Calculated Evolution",3679,3680,3772,0,0,0,0,0,0,0,0,0,0,0,0,0,0,0,0,0,0,0,0,0
1374,5370,100,0,61412,0,"One of Our Own",3681,3682,0,0,0,0,0,0,0,0,0,0,0,0,0,0,0,0,0,0,0,0,0,0
1375,5371,100,0,61412,0,"A Terminal Invitation",3726,3727,3728,3683,3684,3685,3720,3721,3686,3687,3688,0,0,0,0,0,0,0,0,0,0,0,0,0
1376,5372,100,0,61412,0,"Blades in Waiting",3689,0,0,0,0,0,0,0,0,0,0,0,0,0,0,0,0,0,0,0,0,0,0,0
1377,5373,100,0,61412,0,"The Promise of Tomorrow",3690,3691,3692,3693,3694,3695,3696,0,0,0,0,0,0,0,0,0,0,0,0,0,0,0,0,0
1378,5426,100,0,61412,0,"With the Winds",3777,3778,0,0,0,0,0,0,0,0,0,0,0,0,0,0,0,0,0,0,0,0,0,0
1379,5427,100,0,61412,0,"Through the Thunder",3779,3780,3781,0,0,0,0,0,0,0,0,0,0,0,0,0,0,0,0,0,0,0,0,0
1380,5428,100,0,61412,0,"Beyond the Mountains",3782,3783,0,0,0,0,0,0,0,0,0,0,0,0,0,0,0,0,0,0,0,0,0,0
1381,5429,100,0,61412,0,"Around the City",3784,0,0,0,0,0,0,0,0,0,0,0,0,0,0,0,0,0,0,0,0,0,0,0
1382,5430,100,0,61412,0,"To Work",3785,0,0,0,0,0,0,0,0,0,0,0,0,0,0,0,0,0,0,0,0,0,0,0
1383,5431,100,0,61412,0,"In Her Heart",3786,3787,0,0,0,0,0,0,0,0,0,0,0,0,0,0,0,0,0,0,0,0,0,0
1384,5432,100,0,61412,0,"Toward Trouble",3788,0,0,0,0,0,0,0,0,0,0,0,0,0,0,0,0,0,0,0,0,0,0,0
1385,5433,100,0,61412,0,"Where We Call Home",3789,3800,3801,3790,3791,3792,3793,0,0,0,0,0,0,0,0,0,0,0,0,0,0,0,0,0
1386,5434,100,0,61412,0,"Into the Mist",3794,3795,3796,0,0,0,0,0,0,0,0,0,0,0,0,0,0,0,0,0,0,0,0,0
1387,5470,100,0,61412,0,"In Fate's Footsteps",3909,3910,3911,3912,0,0,0,0,0,0,0,0,0,0,0,0,0,0,0,0,0,0,0,0
1388,5471,100,0,61412,0,"Two Worlds Entwined",3913,3914,0,0,0,0,0,0,0,0,0,0,0,0,0,0,0,0,0,0,0,0,0,0
1389,5472,100,0,61412,0,"A Grave Presentiment",3915,3916,3917,3918,3955,3956,3919,0,0,0,0,0,0,0,0,0,0,0,0,0,0,0,0,0
1390,5473,100,0,61412,0,"A Beacon from Beyond",3920,3921,3922,0,0,0,0,0,0,0,0,0,0,0,0,0,0,0,0,0,0,0,0,0
1391,5474,100,0,61412,0,"Trail to the Heavens",3923,3924,0,0,0,0,0,0,0,0,0,0,0,0,0,0,0,0,0,0,0,0,0,0
1392,0,0,0,0,0,"",0,0,0,0,0,0,0,0,0,0,0,0,0,0,0,0,0,0,0,0,0,0,0,0
1393,0,0,0,0,0,"",0,0,0,0,0,0,0,0,0,0,0,0,0,0,0,0,0,0,0,0,0,0,0,0
1394,0,0,0,0,0,"",0,0,0,0,0,0,0,0,0,0,0,0,0,0,0,0,0,0,0,0,0,0,0,0
1395,0,0,0,0,0,"",0,0,0,0,0,0,0,0,0,0,0,0,0,0,0,0,0,0,0,0,0,0,0,0
1396,0,0,0,0,0,"",0,0,0,0,0,0,0,0,0,0,0,0,0,0,0,0,0,0,0,0,0,0,0,0
1397,1047,50,0,61419,0,"A Recurring Problem",0,0,0,0,0,0,0,0,0,0,0,0,0,0,0,0,0,0,0,0,0,0,0,0
1398,1048,50,0,61419,0,"Ifrit Bleeds, We Can Kill It",363,364,0,0,0,0,0,0,0,0,0,0,0,0,0,0,0,0,0,0,0,0,0,0
1399,1157,50,0,61419,0,"In for Garuda Awakening",365,366,0,0,0,0,0,0,0,0,0,0,0,0,0,0,0,0,0,0,0,0,0,0
1400,1158,50,0,61419,0,"In a Titan Spot",367,368,0,0,0,0,0,0,0,0,0,0,0,0,0,0,0,0,0,0,0,0,0,0
1401,1194,50,0,61419,0,"Primal Nature",0,0,0,0,0,0,0,0,0,0,0,0,0,0,0,0,0,0,0,0,0,0,0,0
1402,1195,50,0,61419,0,"Gale-force Warning",397,398,458,0,0,0,0,0,0,0,0,0,0,0,0,0,0,0,0,0,0,0,0,0
1403,1196,50,0,61419,0,"Quake Me Up Before You O'Ghomoro",399,400,0,0,0,0,0,0,0,0,0,0,0,0,0,0,0,0,0,0,0,0,0,0
1404,1197,50,0,61419,0,"Ifrit Ain't Broke",395,396,447,0,0,0,0,0,0,0,0,0,0,0,0,0,0,0,0,0,0,0,0,0
1405,1198,50,0,61419,0,"To Tussle with Gods",0,0,0,0,0,0,0,0,0,0,0,0,0,0,0,0,0,0,0,0,0,0,0,0
1406,1309,50,0,61921,0,"Primal Focus",0,0,0,0,0,0,0,0,0,0,0,0,0,0,0,0,0,0,0,0,0,0,0,0
1407,1412,50,0,61419,0,"The King Lives",514,515,0,0,0,0,0,0,0,0,0,0,0,0,0,0,0,0,0,0,0,0,0,0
1408,1413,50,0,61419,0,"Whorl of a Time",526,527,0,0,0,0,0,0,0,0,0,0,0,0,0,0,0,0,0,0,0,0,0,0
1409,1530,50,0,61419,0,"Judgment Bolts and Lightning",563,564,0,0,0,0,0,0,0,0,0,0,0,0,0,0,0,0,0,0,0,0,0,0
1410,90,50,0,61419,0,"Drop Dead Shiva",643,644,0,0,0,0,0,0,0,0,0,0,0,0,0,0,0,0,0,0,0,0,0,0
1411,433,50,0,61419,0,"Fear and Odin in the Shroud",735,672,0,0,0,0,0,0,0,0,0,0,0,0,0,0,0,0,0,0,0,0,0,0
1412,1159,50,0,61419,0,"Primal Awakening",0,0,0,0,0,0,0,0,0,0,0,0,0,0,0,0,0,0,0,0,0,0,0,0
1413,1160,50,0,61419,0,"Alisaie's Pledge",0,0,0,0,0,0,0,0,0,0,0,0,0,0,0,0,0,0,0,0,0,0,0,0
1414,1313,50,0,61419,0,"Another Turn in the Coil",0,0,0,0,0,0,0,0,0,0,0,0,0,0,0,0,0,0,0,0,0,0,0,0
1415,1314,50,0,61419,0,"Alisaie's Resolve",0,0,0,0,0,0,0,0,0,0,0,0,0,0,0,0,0,0,0,0,0,0,0,0
1416,43,50,0,61419,0,"Fragments of Truth",0,0,0,0,0,0,0,0,0,0,0,0,0,0,0,0,0,0,0,0,0,0,0,0
1417,44,50,0,61419,0,"Alisaie's Path",640,641,0,0,0,0,0,0,0,0,0,0,0,0,0,0,0,0,0,0,0,0,0,0
1418,1709,50,0,61419,0,"Legacy of Allag",459,0,0,0,0,0,0,0,0,0,0,0,0,0,0,0,0,0,0,0,0,0,0,0
1419,1200,50,0,61419,0,"Sanding It Down",0,0,0,0,0,0,0,0,0,0,0,0,0,0,0,0,0,0,0,0,0,0,0,0
1420,1201,50,0,61419,0,"A Performance for the Ages",444,0,0,0,0,0,0,0,0,0,0,0,0,0,0,0,0,0,0,0,0,0,0,0
1421,1202,50,0,61419,0,"Labyrinth of the Ancients",408,445,0,0,0,0,0,0,0,0,0,0,0,0,0,0,0,0,0,0,0,0,0,0
1422,1203,50,0,61419,0,"For Prosperity",446,454,0,0,0,0,0,0,0,0,0,0,0,0,0,0,0,0,0,0,0,0,0,0
1423,1474,50,0,61419,0,"Syrcus Tower",546,547,548,549,574,575,576,0,0,0,0,0,0,0,0,0,0,0,0,0,0,0,0,0
1424,494,50,0,61419,0,"The World of Darkness",760,761,762,763,0,0,0,0,0,0,0,0,0,0,0,0,0,0,0,0,0,0,0,0
1425,495,50,0,61419,0,"The Light of Hope",764,765,0,0,0,0,0,0,0,0,0,0,0,0,0,0,0,0,0,0,0,0,0,0
1426,497,50,0,61419,0,"But I Hardly Noah",0,0,0,0,0,0,0,0,0,0,0,0,0,0,0,0,0,0,0,0,0,0,0,0
1427,498,50,0,61921,0,"The Gift of the Archmagus",0,0,0,0,0,0,0,0,0,0,0,0,0,0,0,0,0,0,0,0,0,0,0,0
1428,2090,60,0,61419,0,"Disarmed",1036,1009,0,0,0,0,0,0,0,0,0,0,0,0,0,0,0,0,0,0,0,0,0,0
1429,2091,60,0,61419,0,"Steel and Steam",1010,0,0,0,0,0,0,0,0,0,0,0,0,0,0,0,0,0,0,0,0,0,0,0
1430,2092,60,0,61419,0,"Tinker, Seeker, Soldier, Spy",1011,0,0,0,0,0,0,0,0,0,0,0,0,0,0,0,0,0,0,0,0,0,0,0
1431,2093,60,0,61419,0,"The Pulsing Heart",1012,0,0,0,0,0,0,0,0,0,0,0,0,0,0,0,0,0,0,0,0,0,0,0
1432,2094,60,0,61419,0,"Enigma",1013,0,0,0,0,0,0,0,0,0,0,0,0,0,0,0,0,0,0,0,0,0,0,0
1433,2249,60,0,61419,0,"Rearmed",1111,1189,0,0,0,0,0,0,0,0,0,0,0,0,0,0,0,0,0,0,0,0,0,0
1434,2250,60,0,61419,0,"The Folly of Youth",1160,0,0,0,0,0,0,0,0,0,0,0,0,0,0,0,0,0,0,0,0,0,0,0
1435,2251,60,0,61419,0,"Toppling the Tyrant",0,0,0,0,0,0,0,0,0,0,0,0,0,0,0,0,0,0,0,0,0,0,0,0
1436,2252,60,0,61419,0,"One Step Behind",1161,0,0,0,0,0,0,0,0,0,0,0,0,0,0,0,0,0,0,0,0,0,0,0
1437,2253,60,0,61419,0,"A Gob in the Machine",1162,1163,0,0,0,0,0,0,0,0,0,0,0,0,0,0,0,0,0,0,0,0,0,0
1438,2335,60,0,61419,0,"The Coeurl and the Colossus",1273,0,0,0,0,0,0,0,0,0,0,0,0,0,0,0,0,0,0,0,0,0,0,0
1439,2336,60,0,61419,0,"Biggs and Wedge's Excellent Adventure",1274,1275,1276,0,0,0,0,0,0,0,0,0,0,0,0,0,0,0,0,0,0,0,0,0
1440,2337,60,0,61419,0,"Thus Spake Quickthinx",1277,1278,0,0,0,0,0,0,0,0,0,0,0,0,0,0,0,0,0,0,0,0,0,0
1441,2338,60,0,61419,0,"Judgment Day",1291,1279,1280,1281,0,0,0,0,0,0,0,0,0,0,0,0,0,0,0,0,0,0,0,0
1442,2339,60,0,61419,0,"Of Endings and Beginnings",0,0,0,0,0,0,0,0,0,0,0,0,0,0,0,0,0,0,0,0,0,0,0,0
1443,2114,60,0,61419,0,"Gods of Eld",0,0,0,0,0,0,0,0,0,0,0,0,0,0,0,0,0,0,0,0,0,0,0,0
1444,2230,60,0,61419,0,"When the Bough Wakes",1118,1119,1164,0,0,0,0,0,0,0,0,0,0,0,0,0,0,0,0,0,0,0,0,0
1445,2288,60,0,61419,0,"The Fate of Stars",1213,1214,0,0,0,0,0,0,0,0,0,0,0,0,0,0,0,0,0,0,0,0,0,0
1446,2332,60,0,61419,0,"Balance unto All",1272,1293,1294,0,0,0,0,0,0,0,0,0,0,0,0,0,0,0,0,0,0,0,0,0
1447,2394,60,0,61419,0,"The Last Pillar to Fall",1350,1336,1337,1351,0,0,0,0,0,0,0,0,0,0,0,0,0,0,0,0,0,0,0,0
1448,2115,60,0,61419,0,"The Diabolical Bismarck",1024,1025,1026,0,0,0,0,0,0,0,0,0,0,0,0,0,0,0,0,0,0,0,0,0
1449,2116,60,0,61419,0,"Thok Around the Clock",1017,1018,0,0,0,0,0,0,0,0,0,0,0,0,0,0,0,0,0,0,0,0,0,0
1450,2281,60,0,61419,0,"A Fiendish Likeness",0,0,0,0,0,0,0,0,0,0,0,0,0,0,0,0,0,0,0,0,0,0,0,0
1451,2333,60,0,61419,0,"A Deific Simulacrum",0,0,0,0,0,0,0,0,0,0,0,0,0,0,0,0,0,0,0,0,0,0,0,0
1452,2395,60,0,61419,0,"A Demonic Duplicate",0,0,0,0,0,0,0,0,0,0,0,0,0,0,0,0,0,0,0,0,0,0,0,0
1453,2204,60,0,61419,0,"Sky Pirates",1082,1097,1083,0,0,0,0,0,0,0,0,0,0,0,0,0,0,0,0,0,0,0,0,0
1454,2205,60,0,61419,0,"To Rule the Skies",1074,1075,1084,1089,0,0,0,0,0,0,0,0,0,0,0,0,0,0,0,0,0,0,0,0
1455,2285,60,0,61419,0,"The Weeping City",1202,1203,1204,0,0,0,0,0,0,0,0,0,0,0,0,0,0,0,0,0,0,0,0,0
1456,2286,60,0,61419,0,"Freedom for Our Skies",1205,1206,0,0,0,0,0,0,0,0,0,0,0,0,0,0,0,0,0,0,0,0,0,0
1457,2373,60,0,61419,0,"Where Shadows Reign",1357,1358,1359,0,0,0,0,0,0,0,0,0,0,0,0,0,0,0,0,0,0,0,0,0
1458,2374,60,0,61419,0,"A Redbill Farewell",1360,0,0,0,0,0,0,0,0,0,0,0,0,0,0,0,0,0,0,0,0,0,0,0
1459,1480,60,0,61921,0,"Unidentified Flying Object",0,0,0,0,0,0,0,0,0,0,0,0,0,0,0,0,0,0,0,0,0,0,0,0
1460,2928,70,0,61419,22,"The Hunt for Omega",1573,1574,1575,0,0,0,0,0,0,0,0,0,0,0,0,0,0,0,0,0,0,0,0,0
1461,2929,70,0,61419,22,"Into the Deltascape",0,0,0,0,0,0,0,0,0,0,0,0,0,0,0,0,0,0,0,0,0,0,0,0
1462,2930,70,0,61419,22,"A Catastrophe Waiting",0,0,0,0,0,0,0,0,0,0,0,0,0,0,0,0,0,0,0,0,0,0,0,0
1463,2931,70,0,61419,22,"The Croak Queen",0,0,0,0,0,0,0,0,0,0,0,0,0,0,0,0,0,0,0,0,0,0,0,0
1464,2932,70,0,61419,22,"A Void at All Costs",1576,0,0,0,0,0,0,0,0,0,0,0,0,0,0,0,0,0,0,0,0,0,0,0
1465,2933,70,0,61419,22,"The Anomaly",1577,1578,0,0,0,0,0,0,0,0,0,0,0,0,0,0,0,0,0,0,0,0,0,0
1466,3031,70,0,61419,22,"Return to the Rift",1740,1741,1742,0,0,0,0,0,0,0,0,0,0,0,0,0,0,0,0,0,0,0,0,0
1467,3032,70,0,61419,22,"No Slowing Down",1743,0,0,0,0,0,0,0,0,0,0,0,0,0,0,0,0,0,0,0,0,0,0,0
1468,3033,70,0,61419,22,"An Unfinished Masterpiece",1744,0,0,0,0,0,0,0,0,0,0,0,0,0,0,0,0,0,0,0,0,0,0,0
1469,3034,70,0,61419,22,"Won't Let You Pass",0,0,0,0,0,0,0,0,0,0,0,0,0,0,0,0,0,0,0,0,0,0,0,0
1470,3035,70,0,61419,22,"Test World of Ruin",1745,1746,0,0,0,0,0,0,0,0,0,0,0,0,0,0,0,0,0,0,0,0,0,0
1471,3154,70,0,61419,22,"In the Beginning, There Was Chaos",1859,1860,1861,0,0,0,0,0,0,0,0,0,0,0,0,0,0,0,0,0,0,0,0,0
1472,3155,70,0,61419,22,"And Like Fire Was His Mane",0,0,0,0,0,0,0,0,0,0,0,0,0,0,0,0,0,0,0,0,0,0,0,0
1473,3156,70,0,61419,22,"In the End, There Is Omega",1862,1863,1864,1865,1866,1858,0,0,0,0,0,0,0,0,0,0,0,0,0,0,0,0,0,0
1474,3157,70,0,61419,22,"To Kweh under Distant Skies",1867,1868,0,0,0,0,0,0,0,0,0,0,0,0,0,0,0,0,0,0,0,0,0,0
1475,4586,90,0,61411,23,"A Heartless Hypothesis",0,0,0,0,0,0,0,0,0,0,0,0,0,0,0,0,0,0,0,0,0,0,0,0
1476,4587,90,0,61411,23,"Good-bye, ε̆│̆│Δ",2865,0,0,0,0,0,0,0,0,0,0,0,0,0,0,0,0,0,0,0,0,0,0,0
1477,3003,70,0,61419,0,"Dramatis Personae",1637,1638,0,0,0,0,0,0,0,0,0,0,0,0,0,0,0,0,0,0,0,0,0,0
1478,3004,70,0,61419,0,"A City Fallen",1662,1639,1640,1641,0,0,0,0,0,0,0,0,0,0,0,0,0,0,0,0,0,0,0,0
1479,3089,70,0,61419,0,"Uninvited",1764,1765,0,0,0,0,0,0,0,0,0,0,0,0,0,0,0,0,0,0,0,0,0,0
1480,3091,70,0,61419,0,"Desire",1767,1797,1768,1769,0,0,0,0,0,0,0,0,0,0,0,0,0,0,0,0,0,0,0,0
1481,3092,70,0,61419,0,"Annihilation",1770,1771,0,0,0,0,0,0,0,0,0,0,0,0,0,0,0,0,0,0,0,0,0,0
1482,3187,70,0,61419,0,"The Path of Most Resistance",1896,1897,1898,0,0,0,0,0,0,0,0,0,0,0,0,0,0,0,0,0,0,0,0,0
1483,3188,70,0,61419,0,"Welcome to Their Jungle",1900,1901,1902,1904,0,0,0,0,0,0,0,0,0,0,0,0,0,0,0,0,0,0,0,0
1484,3189,70,0,61419,0,"The City of Lost Angels",1905,1906,1907,1935,1937,1939,1940,0,0,0,0,0,0,0,0,0,0,0,0,0,0,0,0,0
1485,3090,70,0,61411,0,"My Power, My Pleasure, My Pain",1766,0,0,0,0,0,0,0,0,0,0,0,0,0,0,0,0,0,0,0,0,0,0,0
1486,3190,70,0,61411,0,"In Bad Taste",1899,0,0,0,0,0,0,0,0,0,0,0,0,0,0,0,0,0,0,0,0,0,0,0
1487,3093,1,0,61411,0,"Makin' Bacon (Bread)",0,0,0,0,0,0,0,0,0,0,0,0,0,0,0,0,0,0,0,0,0,0,0,0
1488,3191,1,0,61411,0,"Wok on By",0,0,0,0,0,0,0,0,0,0,0,0,0,0,0,0,0,0,0,0,0,0,0,0
1489,3015,70,0,61419,0,"An Auspicious Encounter",1737,1733,1734,1738,0,0,0,0,0,0,0,0,0,0,0,0,0,0,0,0,0,0,0,0
1490,3016,70,0,61419,0,"Tortoise in Time",1762,1763,0,0,0,0,0,0,0,0,0,0,0,0,0,0,0,0,0,0,0,0,0,0
1491,3152,70,0,61419,0,"The Fire-bird Down Below",1831,1832,1823,1824,0,0,0,0,0,0,0,0,0,0,0,0,0,0,0,0,0,0,0,0
1492,3165,70,0,61419,0,"Surpassing the Samurai",1924,1925,1908,0,0,0,0,0,0,0,0,0,0,0,0,0,0,0,0,0,0,0,0,0
1493,3166,70,0,61419,0,"The Fifth Lord",1909,0,0,0,0,0,0,0,0,0,0,0,0,0,0,0,0,0,0,0,0,0,0,0
1494,3255,80,0,61419,0,"In the Middle of Nowhere",2174,0,0,0,0,0,0,0,0,0,0,0,0,0,0,0,0,0,0,0,0,0,0,0
1495,3256,80,0,61419,0,"Deploy the Core",2175,2176,0,0,0,0,0,0,0,0,0,0,0,0,0,0,0,0,0,0,0,0,0,0
1496,3257,80,0,61419,0,"One Fell Swoop",2177,0,0,0,0,0,0,0,0,0,0,0,0,0,0,0,0,0,0,0,0,0,0,0
1497,3258,80,0,61419,0,"Nor Any Drop to Drink",2178,0,0,0,0,0,0,0,0,0,0,0,0,0,0,0,0,0,0,0,0,0,0,0
1498,3259,80,0,61419,0,"Super Seismic",2179,0,0,0,0,0,0,0,0,0,0,0,0,0,0,0,0,0,0,0,0,0,0,0
1499,3260,80,0,61419,0,"The Next Piece of the Puzzle",2180,0,0,0,0,0,0,0,0,0,0,0,0,0,0,0,0,0,0,0,0,0,0,0
1500,3787,80,0,61419,0,"Away with the Faerie",2306,2250,2251,0,0,0,0,0,0,0,0,0,0,0,0,0,0,0,0,0,0,0,0,0
1501,3788,80,0,61419,0,"Blood and Thunder",2252,0,0,0,0,0,0,0,0,0,0,0,0,0,0,0,0,0,0,0,0,0,0,0
1502,3789,80,0,61419,0,"Into the Firestorm",2253,0,0,0,0,0,0,0,0,0,0,0,0,0,0,0,0,0,0,0,0,0,0,0
1503,3790,80,0,61419,0,"Heart of Darkness",2254,2255,0,0,0,0,0,0,0,0,0,0,0,0,0,0,0,0,0,0,0,0,0,0
1504,3791,80,0,61419,0,"On Thin Ice",2256,2257,0,0,0,0,0,0,0,0,0,0,0,0,0,0,0,0,0,0,0,0,0,0
1505,3792,80,0,61419,0,"Life Finds a Way",0,0,0,0,0,0,0,0,0,0,0,0,0,0,0,0,0,0,0,0,0,0,0,0
1506,3793,80,0,61419,0,"Worlds Apart",0,0,0,0,0,0,0,0,0,0,0,0,0,0,0,0,0,0,0,0,0,0,0,0
1507,3975,80,0,61419,0,"Empty Promise",2398,0,0,0,0,0,0,0,0,0,0,0,0,0,0,0,0,0,0,0,0,0,0,0
1508,3976,80,0,61419,0,"Fear of the Dark",2399,0,0,0,0,0,0,0,0,0,0,0,0,0,0,0,0,0,0,0,0,0,0,0
1509,3977,80,0,61419,0,"Shadows of the Past",2400,2401,2402,2403,2404,2405,0,0,0,0,0,0,0,0,0,0,0,0,0,0,0,0,0,0
1510,3978,80,0,61419,0,"Voice of the Soul",2406,2407,0,0,0,0,0,0,0,0,0,0,0,0,0,0,0,0,0,0,0,0,0,0
1511,3979,80,0,61419,0,"Where I Belong",2408,0,0,0,0,0,0,0,0,0,0,0,0,0,0,0,0,0,0,0,0,0,0,0
1512,3671,70,0,61419,0," Word about Komra",0,0,0,0,0,0,0,0,0,0,0,0,0,0,0,0,0,0,0,0,0,0,0,0
1513,3717,80,0,61419,0,"A Scandal in Komra",0,0,0,0,0,0,0,0,0,0,0,0,0,0,0,0,0,0,0,0,0,0,0,0
1514,3718,80,0,61419,0,"On the Threshold",2200,2201,2202,2203,0,0,0,0,0,0,0,0,0,0,0,0,0,0,0,0,0,0,0,0
1515,3719,80,0,61419,0,"An Academic Dispute",0,0,0,0,0,0,0,0,0,0,0,0,0,0,0,0,0,0,0,0,0,0,0,0
1516,3720,80,0,61419,0,"Tails, You Lose",2204,0,0,0,0,0,0,0,0,0,0,0,0,0,0,0,0,0,0,0,0,0,0,0
1517,3721,80,0,61419,0,"Heads, I Win",2204,0,0,0,0,0,0,0,0,0,0,0,0,0,0,0,0,0,0,0,0,0,0,0
1518,3784,80,0,61419,0,"Carnivals and Confrontations",0,0,0,0,0,0,0,0,0,0,0,0,0,0,0,0,0,0,0,0,0,0,0,0
1519,3785,80,0,61419,0,"One Way to Do It",0,0,0,0,0,0,0,0,0,0,0,0,0,0,0,0,0,0,0,0,0,0,0,0
1520,3952,80,0,61419,0,"We Can Rebuild Her",2367,2368,0,0,0,0,0,0,0,0,0,0,0,0,0,0,0,0,0,0,0,0,0,0
1521,3953,80,0,61419,0,"Everything You Know Is Wrong",2369,2370,0,0,0,0,0,0,0,0,0,0,0,0,0,0,0,0,0,0,0,0,0,0
1522,3954,80,0,61419,0,"Crime and Punishment",2371,0,0,0,0,0,0,0,0,0,0,0,0,0,0,0,0,0,0,0,0,0,0,0
1523,3998,80,0,61419,0,"To Make Amends",2396,2397,0,0,0,0,0,0,0,0,0,0,0,0,0,0,0,0,0,0,0,0,0,0
1524,4034,80,0,61419,0,"Konogg, Alone",0,0,0,0,0,0,0,0,0,0,0,0,0,0,0,0,0,0,0,0,0,0,0,0
1525,4035,80,0,61419,0,"Brave New World",2508,2509,0,0,0,0,0,0,0,0,0,0,0,0,0,0,0,0,0,0,0,0,0,0
1526,4036,80,0,61419,0,"It Takes a Village",0,0,0,0,0,0,0,0,0,0,0,0,0,0,0,0,0,0,0,0,0,0,0,0
1527,4043,80,0,61419,0,"Komra Wasn't Built in a Day",0,0,0,0,0,0,0,0,0,0,0,0,0,0,0,0,0,0,0,0,0,0,0,0
1528,4050,80,0,61921,0,"All That Grinds Is Not Gloom",0,0,0,0,0,0,0,0,0,0,0,0,0,0,0,0,0,0,0,0,0,0,0,0
1529,4051,80,0,61921,0,"The Merchant of Komra",0,0,0,0,0,0,0,0,0,0,0,0,0,0,0,0,0,0,0,0,0,0,0,0
1530,4052,80,0,61921,0,"How to Catch an Automaton",0,0,0,0,0,0,0,0,0,0,0,0,0,0,0,0,0,0,0,0,0,0,0,0
1531,4053,80,0,61419,0,"Whence the Heart Leads",2511,2512,0,0,0,0,0,0,0,0,0,0,0,0,0,0,0,0,0,0,0,0,0,0
1532,3783,80,0,61419,0,"Ruby Doomsday",2258,2272,2273,2259,2260,2261,2262,0,0,0,0,0,0,0,0,0,0,0,0,0,0,0,0,0
1533,3895,80,0,61419,0,"Sleep Now in Sapphire",2344,2345,2346,2347,2348,0,0,0,0,0,0,0,0,0,0,0,0,0,0,0,0,0,0,0
1534,3980,80,0,61419,0,"Blood of Emerald",2448,2449,2390,2391,2392,0,0,0,0,0,0,0,0,0,0,0,0,0,0,0,0,0,0,0
1535,3981,80,0,61419,0,"In Memory",0,0,0,0,0,0,0,0,0,0,0,0,0,0,0,0,0,0,0,0,0,0,0,0
1536,4031,80,0,61419,0,"Duty in the Sky with Diamond",2515,2516,2517,2521,2522,2518,0,0,0,0,0,0,0,0,0,0,0,0,0,0,0,0,0,0
1537,4032,80,0,61419,0,"Forever at Your Side",2519,2520,0,0,0,0,0,0,0,0,0,0,0,0,0,0,0,0,0,0,0,0,0,0
1538,4475,90,0,61419,29,"The Crystal from Beyond",2766,2767,2768,2769,0,0,0,0,0,0,0,0,0,0,0,0,0,0,0,0,0,0,0,0
1539,4476,90,0,61419,29,"Where Familiars Dare",0,0,0,0,0,0,0,0,0,0,0,0,0,0,0,0,0,0,0,0,0,0,0,0
1540,4477,90,0,61419,29,"Under the Surface",0,0,0,0,0,0,0,0,0,0,0,0,0,0,0,0,0,0,0,0,0,0,0,0
1541,4478,90,0,61419,29,"The Fires of Creation",2807,2770,0,0,0,0,0,0,0,0,0,0,0,0,0,0,0,0,0,0,0,0,0,0
1542,4479,90,0,61419,29,"Who Wards the Warders?",2771,0,0,0,0,0,0,0,0,0,0,0,0,0,0,0,0,0,0,0,0,0,0,0
1543,4635,90,0,61419,29,"An Unwelcome Visitor",2909,0,0,0,0,0,0,0,0,0,0,0,0,0,0,0,0,0,0,0,0,0,0,0
1544,4636,90,0,61419,29,"Masks of the Father",2910,0,0,0,0,0,0,0,0,0,0,0,0,0,0,0,0,0,0,0,0,0,0,0
1545,4637,90,0,61419,29,"A Keyward's Gaol",0,0,0,0,0,0,0,0,0,0,0,0,0,0,0,0,0,0,0,0,0,0,0,0
1546,4638,90,0,61419,29,"Servant of Violence",2911,2912,0,0,0,0,0,0,0,0,0,0,0,0,0,0,0,0,0,0,0,0,0,0
1547,4639,90,0,61419,29,"One Final Wish",2913,0,0,0,0,0,0,0,0,0,0,0,0,0,0,0,0,0,0,0,0,0,0,0
1548,4640,90,0,61419,29,"Truth Imperfect",2914,2915,0,0,0,0,0,0,0,0,0,0,0,0,0,0,0,0,0,0,0,0,0,0
1549,4756,90,0,61419,29,"Eater of Souls",3079,0,0,0,0,0,0,0,0,0,0,0,0,0,0,0,0,0,0,0,0,0,0,0
1550,4757,90,0,61419,29,"Pandæmonium Awakens",3080,3081,3082,0,0,0,0,0,0,0,0,0,0,0,0,0,0,0,0,0,0,0,0,0
1551,4758,90,0,61419,29,"The Emissary's Judgment",3083,0,0,0,0,0,0,0,0,0,0,0,0,0,0,0,0,0,0,0,0,0,0,0
1552,4759,90,0,61419,29,"A Mother's Touch",3084,3085,0,0,0,0,0,0,0,0,0,0,0,0,0,0,0,0,0,0,0,0,0,0
1553,4760,90,0,61419,29,"Guided by the Past",3086,3087,3088,3089,3090,0,0,0,0,0,0,0,0,0,0,0,0,0,0,0,0,0,0,0
1554,5252,90,0,61411,30,"A Present from the Present",0,0,0,0,0,0,0,0,0,0,0,0,0,0,0,0,0,0,0,0,0,0,0,0
1555,4536,90,0,61419,0,"A Mission in Mor Dhona",2832,2833,0,0,0,0,0,0,0,0,0,0,0,0,0,0,0,0,0,0,0,0,0,0
1556,4537,90,0,61419,0,"The Realm of the Gods",2834,2835,0,0,0,0,0,0,0,0,0,0,0,0,0,0,0,0,0,0,0,0,0,0
1557,4538,90,0,61419,0,"A Divine Dilemma",2836,0,0,0,0,0,0,0,0,0,0,0,0,0,0,0,0,0,0,0,0,0,0,0
1558,4539,90,0,61419,0,"The Face of an Explorer",2837,0,0,0,0,0,0,0,0,0,0,0,0,0,0,0,0,0,0,0,0,0,0,0
1559,4666,90,0,61419,0,"Return to the Phantom Realm",2994,2995,2996,0,0,0,0,0,0,0,0,0,0,0,0,0,0,0,0,0,0,0,0,0
1560,4667,90,0,61419,0,"In Heavenly Company",2997,0,0,0,0,0,0,0,0,0,0,0,0,0,0,0,0,0,0,0,0,0,0,0
1561,4668,90,0,61419,0,"Divine Nonintervention",2998,0,0,0,0,0,0,0,0,0,0,0,0,0,0,0,0,0,0,0,0,0,0,0
1562,4669,90,0,61419,0,"The Secret of the Twelve",2999,3043,0,0,0,0,0,0,0,0,0,0,0,0,0,0,0,0,0,0,0,0,0,0
1563,4791,90,0,61419,0,"The Heart of the Myth",3203,3204,3205,0,0,0,0,0,0,0,0,0,0,0,0,0,0,0,0,0,0,0,0,0
1564,4792,90,0,61419,0,"Embraced by Gods",3206,3207,3208,0,0,0,0,0,0,0,0,0,0,0,0,0,0,0,0,0,0,0,0,0
1565,4960,100,0,61419,0,"A New Challenger Appears",3480,0,0,0,0,0,0,0,0,0,0,0,0,0,0,0,0,0,0,0,0,0,0,0
1566,4961,100,0,61419,0,"The Claw in the Dark",3486,3481,0,0,0,0,0,0,0,0,0,0,0,0,0,0,0,0,0,0,0,0,0,0
1567,4962,100,0,61419,0,"Sweet Poison",3487,0,0,0,0,0,0,0,0,0,0,0,0,0,0,0,0,0,0,0,0,0,0,0
1568,4963,100,0,61419,0,"Yaana's Yarn",3482,3483,0,0,0,0,0,0,0,0,0,0,0,0,0,0,0,0,0,0,0,0,0,0
1569,4964,100,0,61419,0,"Vile Heat",3488,3484,0,0,0,0,0,0,0,0,0,0,0,0,0,0,0,0,0,0,0,0,0,0
1570,4965,100,0,61419,0,"The Neoteric Witch",3485,0,0,0,0,0,0,0,0,0,0,0,0,0,0,0,0,0,0,0,0,0,0,0
1571,5289,100,0,61419,0,"Souls under Siege",3652,3590,3591,0,0,0,0,0,0,0,0,0,0,0,0,0,0,0,0,0,0,0,0,0
1572,5290,100,0,61419,0,"The Dancing King",3597,0,0,0,0,0,0,0,0,0,0,0,0,0,0,0,0,0,0,0,0,0,0,0
1573,5291,100,0,61419,0,"Art at War",3598,0,0,0,0,0,0,0,0,0,0,0,0,0,0,0,0,0,0,0,0,0,0,0
1574,5292,100,0,61419,0,"Twisted Vengeance",3592,3593,3594,0,0,0,0,0,0,0,0,0,0,0,0,0,0,0,0,0,0,0,0,0
1575,5293,100,0,61419,0,"Family Matters",3595,3596,0,0,0,0,0,0,0,0,0,0,0,0,0,0,0,0,0,0,0,0,0,0
1576,5294,100,0,61419,0,"The Lone Wolf",3599,3653,3627,0,0,0,0,0,0,0,0,0,0,0,0,0,0,0,0,0,0,0,0,0
1577,5435,100,0,61419,0,"Feral Fandom",3809,3810,3811,0,0,0,0,0,0,0,0,0,0,0,0,0,0,0,0,0,0,0,0,0
1578,5436,100,0,61419,0,"The Breathtaker",3820,0,0,0,0,0,0,0,0,0,0,0,0,0,0,0,0,0,0,0,0,0,0,0
1579,5437,100,0,61419,0,"Daring Devils",3812,3821,0,0,0,0,0,0,0,0,0,0,0,0,0,0,0,0,0,0,0,0,0,0
1580,5438,100,0,61419,0,"Challenger and Champion",3813,0,0,0,0,0,0,0,0,0,0,0,0,0,0,0,0,0,0,0,0,0,0,0
1581,5439,100,0,61419,0,"Iron Fist",3822,3814,3815,3816,0,0,0,0,0,0,0,0,0,0,0,0,0,0,0,0,0,0,0,0
1582,5440,100,0,61419,0,"Glory Incarnate",3817,3818,3819,0,0,0,0,0,0,0,0,0,0,0,0,0,0,0,0,0,0,0,0,0
1583,5233,100,0,61419,0,"An Otherworldly Encounter",3538,3539,0,0,0,0,0,0,0,0,0,0,0,0,0,0,0,0,0,0,0,0,0,0
1584,5234,100,0,61419,0,"It All Began with a Stone",3540,0,0,0,0,0,0,0,0,0,0,0,0,0,0,0,0,0,0,0,0,0,0,0
1585,5235,100,0,61419,0,"That World Was Called Vana'diel",3541,0,0,0,0,0,0,0,0,0,0,0,0,0,0,0,0,0,0,0,0,0,0,0
1586,5236,100,0,61419,0,"Jeuno",3542,3543,0,0,0,0,0,0,0,0,0,0,0,0,0,0,0,0,0,0,0,0,0,0
1587,5326,100,0,61419,0,"Dreams of Paradise",3698,3699,0,0,0,0,0,0,0,0,0,0,0,0,0,0,0,0,0,0,0,0,0,0
1588,5327,100,0,61419,0,"Northward",0,0,0,0,0,0,0,0,0,0,0,0,0,0,0,0,0,0,0,0,0,0,0,0
1589,5328,100,0,61419,0,"For Whom the Verse Is Sung",3700,0,0,0,0,0,0,0,0,0,0,0,0,0,0,0,0,0,0,0,0,0,0,0
1590,5329,100,0,61419,0,"Apocalypse Nigh",3701,3702,0,0,0,0,0,0,0,0,0,0,0,0,0,0,0,0,0,0,0,0,0,0
1591,5479,100,0,61419,0,"The Hollow Promise",3972,3973,3974,0,0,0,0,0,0,0,0,0,0,0,0,0,0,0,0,0,0,0,0,0
1592,5480,100,0,61419,0,"Distant Promises",3975,3976,3977,3978,0,0,0,0,0,0,0,0,0,0,0,0,0,0,0,0,0,0,0,0
1593,5330,90,0,61419,34," Frosty Neighbors",3712,3716,0,0,0,0,0,0,0,0,0,0,0,0,0,0,0,0,0,0,0,0,0,0
1594,5331,90,0,61419,34," Still as Stone",3717,0,0,0,0,0,0,0,0,0,0,0,0,0,0,0,0,0,0,0,0,0,0,0
1595,5332,90,0,61419,34," Buried Memories",3718,0,0,0,0,0,0,0,0,0,0,0,0,0,0,0,0,0,0,0,0,0,0,0
1596,5333,90,0,61419,34," The Pact",3713,3719,0,0,0,0,0,0,0,0,0,0,0,0,0,0,0,0,0,0,0,0,0,0
1597,5334,90,0,61419,34," Forged in Corn",3714,3715,0,0,0,0,0,0,0,0,0,0,0,0,0,0,0,0,0,0,0,0,0,0
1598,5335,90,0,61419,34," With High Spirits",0,0,0,0,0,0,0,0,0,0,0,0,0,0,0,0,0,0,0,0,0,0,0,0
1599,5336,90,0,61413,35," Snow on the Mountain",0,0,0,0,0,0,0,0,0,0,0,0,0,0,0,0,0,0,0,0,0,0,0,0
1600,5337,90,0,61413,35," A Work of Cart",0,0,0,0,0,0,0,0,0,0,0,0,0,0,0,0,0,0,0,0,0,0,0,0
1601,5338,90,0,61413,35," Will Work for Supplies",0,0,0,0,0,0,0,0,0,0,0,0,0,0,0,0,0,0,0,0,0,0,0,0
1602,5339,90,0,61413,35," Getting a Glow On",0,0,0,0,0,0,0,0,0,0,0,0,0,0,0,0,0,0,0,0,0,0,0,0
1603,5340,90,0,61413,35," Hold My Hand Warmers",0,0,0,0,0,0,0,0,0,0,0,0,0,0,0,0,0,0,0,0,0,0,0,0
1604,5341,90,0,61413,35," For a Goods Cause",0,0,0,0,0,0,0,0,0,0,0,0,0,0,0,0,0,0,0,0,0,0,0,0
1605,5342,90,0,61413,35," Happiness Is a Warm Poncho",0,0,0,0,0,0,0,0,0,0,0,0,0,0,0,0,0,0,0,0,0,0,0,0
1606,5343,90,0,61413,35," Worth Their Salt",0,0,0,0,0,0,0,0,0,0,0,0,0,0,0,0,0,0,0,0,0,0,0,0
1607,5344,90,0,61413,35," Tradition for Trade",0,0,0,0,0,0,0,0,0,0,0,0,0,0,0,0,0,0,0,0,0,0,0,0
1608,5345,90,0,61413,35," A Few Tools Short of a Toolbox",0,0,0,0,0,0,0,0,0,0,0,0,0,0,0,0,0,0,0,0,0,0,0,0
1609,5346,90,0,61413,35," Romanced by the Stone",0,0,0,0,0,0,0,0,0,0,0,0,0,0,0,0,0,0,0,0,0,0,0,0
1610,5347,90,0,61413,35," Every Last Pebble",0,0,0,0,0,0,0,0,0,0,0,0,0,0,0,0,0,0,0,0,0,0,0,0
1611,5348,90,0,61413,35," Trail Fix",0,0,0,0,0,0,0,0,0,0,0,0,0,0,0,0,0,0,0,0,0,0,0,0
1612,5349,90,0,61413,35," Working Stew Hard",0,0,0,0,0,0,0,0,0,0,0,0,0,0,0,0,0,0,0,0,0,0,0,0
1613,5350,90,0,61413,35," Snack in Hand",0,0,0,0,0,0,0,0,0,0,0,0,0,0,0,0,0,0,0,0,0,0,0,0
1614,5351,90,0,61413,35," Seasoned Stories",0,0,0,0,0,0,0,0,0,0,0,0,0,0,0,0,0,0,0,0,0,0,0,0
1615,5352,90,0,61413,35," Larder for the Long Term",0,0,0,0,0,0,0,0,0,0,0,0,0,0,0,0,0,0,0,0,0,0,0,0
1616,5353,90,0,61413,35," Table for Too Few",0,0,0,0,0,0,0,0,0,0,0,0,0,0,0,0,0,0,0,0,0,0,0,0
1617,5354,90,0,61413,35," I Want to Trade My Icicle",0,0,0,0,0,0,0,0,0,0,0,0,0,0,0,0,0,0,0,0,0,0,0,0
1618,5355,90,0,61413,35," Larder Logistics",0,0,0,0,0,0,0,0,0,0,0,0,0,0,0,0,0,0,0,0,0,0,0,0
1619,5356,90,0,61413,35," The Weight of Generosity",0,0,0,0,0,0,0,0,0,0,0,0,0,0,0,0,0,0,0,0,0,0,0,0
1620,5357,90,0,61413,35," A Growing Field",0,0,0,0,0,0,0,0,0,0,0,0,0,0,0,0,0,0,0,0,0,0,0,0
1621,5358,90,0,61413,35," The Crystals' Favor",0,0,0,0,0,0,0,0,0,0,0,0,0,0,0,0,0,0,0,0,0,0,0,0
1622,5359,90,0,61413,35," Big Mountain, Little Climbers",0,0,0,0,0,0,0,0,0,0,0,0,0,0,0,0,0,0,0,0,0,0,0,0
1623,5360,90,0,61413,35," Scouring for Flowers",0,0,0,0,0,0,0,0,0,0,0,0,0,0,0,0,0,0,0,0,0,0,0,0
1624,5361,90,0,61413,35," A Rock-solid Repair Job",0,0,0,0,0,0,0,0,0,0,0,0,0,0,0,0,0,0,0,0,0,0,0,0
1625,5362,90,0,61413,35," Mad about Brew",0,0,0,0,0,0,0,0,0,0,0,0,0,0,0,0,0,0,0,0,0,0,0,0
1626,5363,90,0,61413,35," A Feast of Indecision",0,0,0,0,0,0,0,0,0,0,0,0,0,0,0,0,0,0,0,0,0,0,0,0
1627,5255,90,0,61419,36," Cultivating Hope",3621,3623,0,0,0,0,0,0,0,0,0,0,0,0,0,0,0,0,0,0,0,0,0,0
1628,5256,90,0,61419,36," Doppro Tradition",3624,0,0,0,0,0,0,0,0,0,0,0,0,0,0,0,0,0,0,0,0,0,0,0
1629,5257,90,0,61419,36," A Hoobigo's Return",3625,0,0,0,0,0,0,0,0,0,0,0,0,0,0,0,0,0,0,0,0,0,0,0
1630,5258,90,0,61419,36," The Boon of Boonewa",3626,0,0,0,0,0,0,0,0,0,0,0,0,0,0,0,0,0,0,0,0,0,0,0
1631,5259,90,0,61419,36," A New Yak T'el",3622,0,0,0,0,0,0,0,0,0,0,0,0,0,0,0,0,0,0,0,0,0,0,0
1632,5260,90,0,61419,36," The Pride of Mamook",0,0,0,0,0,0,0,0,0,0,0,0,0,0,0,0,0,0,0,0,0,0,0,0
1633,5261,90,0,61413,37," Root of the Problem",0,0,0,0,0,0,0,0,0,0,0,0,0,0,0,0,0,0,0,0,0,0,0,0
1634,5262,90,0,61413,37," Taking Your Leavings",0,0,0,0,0,0,0,0,0,0,0,0,0,0,0,0,0,0,0,0,0,0,0,0
1635,5263,90,0,61413,37," Cultivating Data",0,0,0,0,0,0,0,0,0,0,0,0,0,0,0,0,0,0,0,0,0,0,0,0
1636,5264,90,0,61413,37," Toil for the Soil",0,0,0,0,0,0,0,0,0,0,0,0,0,0,0,0,0,0,0,0,0,0,0,0
1637,5265,90,0,61413,37," Stem's the Breaks",0,0,0,0,0,0,0,0,0,0,0,0,0,0,0,0,0,0,0,0,0,0,0,0
1638,5266,90,0,61413,37," All Tools' Maintenance",0,0,0,0,0,0,0,0,0,0,0,0,0,0,0,0,0,0,0,0,0,0,0,0
1639,5267,90,0,61413,37," Healing the Fields",0,0,0,0,0,0,0,0,0,0,0,0,0,0,0,0,0,0,0,0,0,0,0,0
1640,5268,90,0,61413,37," Bonding with Branchbearers",0,0,0,0,0,0,0,0,0,0,0,0,0,0,0,0,0,0,0,0,0,0,0,0
1641,5269,90,0,61413,37," Bugs Begone",0,0,0,0,0,0,0,0,0,0,0,0,0,0,0,0,0,0,0,0,0,0,0,0
1642,5270,90,0,61413,37," Pain Relief",0,0,0,0,0,0,0,0,0,0,0,0,0,0,0,0,0,0,0,0,0,0,0,0
1643,5271,90,0,61413,37," Stimulating Growth",0,0,0,0,0,0,0,0,0,0,0,0,0,0,0,0,0,0,0,0,0,0,0,0
1644,5272,90,0,61413,37," Fresh Cleaning Supplies",0,0,0,0,0,0,0,0,0,0,0,0,0,0,0,0,0,0,0,0,0,0,0,0
1645,5273,90,0,61413,37," Shine a Light on the Problem",0,0,0,0,0,0,0,0,0,0,0,0,0,0,0,0,0,0,0,0,0,0,0,0
1646,5274,90,0,61413,37," A Measure of Influence",0,0,0,0,0,0,0,0,0,0,0,0,0,0,0,0,0,0,0,0,0,0,0,0
1647,5275,90,0,61413,37," Promoting Produce",0,0,0,0,0,0,0,0,0,0,0,0,0,0,0,0,0,0,0,0,0,0,0,0
1648,5276,90,0,61413,37," Rough Around the Edges",0,0,0,0,0,0,0,0,0,0,0,0,0,0,0,0,0,0,0,0,0,0,0,0
1649,5277,90,0,61413,37," Building a Better Smoke Bomb",0,0,0,0,0,0,0,0,0,0,0,0,0,0,0,0,0,0,0,0,0,0,0,0
1650,5278,90,0,61413,37," Remedies at the Ready",0,0,0,0,0,0,0,0,0,0,0,0,0,0,0,0,0,0,0,0,0,0,0,0
1651,5279,90,0,61413,37," A Welcoming Fragrance",0,0,0,0,0,0,0,0,0,0,0,0,0,0,0,0,0,0,0,0,0,0,0,0
1652,5280,90,0,61413,37," Fruit of Friendship",0,0,0,0,0,0,0,0,0,0,0,0,0,0,0,0,0,0,0,0,0,0,0,0
1653,5281,90,0,61413,37," Vital Vegetables",0,0,0,0,0,0,0,0,0,0,0,0,0,0,0,0,0,0,0,0,0,0,0,0
1654,5282,90,0,61413,37," Creative Composting",0,0,0,0,0,0,0,0,0,0,0,0,0,0,0,0,0,0,0,0,0,0,0,0
1655,5283,90,0,61413,37," Stores to Dry For",0,0,0,0,0,0,0,0,0,0,0,0,0,0,0,0,0,0,0,0,0,0,0,0
1656,5284,90,0,61413,37," Keeping the Lights On",0,0,0,0,0,0,0,0,0,0,0,0,0,0,0,0,0,0,0,0,0,0,0,0
1657,5285,90,0,61413,37," Gifts of the Gainery",0,0,0,0,0,0,0,0,0,0,0,0,0,0,0,0,0,0,0,0,0,0,0,0
1658,5286,90,0,61413,37," A Seasoning for Soup",0,0,0,0,0,0,0,0,0,0,0,0,0,0,0,0,0,0,0,0,0,0,0,0
1659,5287,90,0,61413,37," Store-to-door Delivery",0,0,0,0,0,0,0,0,0,0,0,0,0,0,0,0,0,0,0,0,0,0,0,0
1660,5288,90,0,61413,37," Above-average Beverage",0,0,0,0,0,0,0,0,0,0,0,0,0,0,0,0,0,0,0,0,0,0,0,0
1661,5193,90,0,61419,38," An Intrepid New Enterprise",3553,3548,0,0,0,0,0,0,0,0,0,0,0,0,0,0,0,0,0,0,0,0,0,0
1662,5194,90,0,61419,38," A Tentative First Tour",3549,0,0,0,0,0,0,0,0,0,0,0,0,0,0,0,0,0,0,0,0,0,0,0
1663,5195,90,0,61419,38," Earthenshire Awaits",3550,0,0,0,0,0,0,0,0,0,0,0,0,0,0,0,0,0,0,0,0,0,0,0
1664,5196,90,0,61419,38," Recruitment Drive",3551,0,0,0,0,0,0,0,0,0,0,0,0,0,0,0,0,0,0,0,0,0,0,0
1665,5197,90,0,61419,38," A Guest from Across the Salt",3554,3552,0,0,0,0,0,0,0,0,0,0,0,0,0,0,0,0,0,0,0,0,0,0
1666,5198,90,0,61419,38," Partners in Pel",0,0,0,0,0,0,0,0,0,0,0,0,0,0,0,0,0,0,0,0,0,0,0,0
1667,5199,90,0,61413,39," A Notion of Promotion",0,0,0,0,0,0,0,0,0,0,0,0,0,0,0,0,0,0,0,0,0,0,0,0
1668,5200,90,0,61413,39," A Sackful of Memories",0,0,0,0,0,0,0,0,0,0,0,0,0,0,0,0,0,0,0,0,0,0,0,0
1669,5201,90,0,61413,39," Ferocious Foliage, Fearful Tourists",0,0,0,0,0,0,0,0,0,0,0,0,0,0,0,0,0,0,0,0,0,0,0,0
1670,5202,90,0,61413,39," Community Outreach in Kozanuakiy",0,0,0,0,0,0,0,0,0,0,0,0,0,0,0,0,0,0,0,0,0,0,0,0
1671,5203,90,0,61413,39," Preventative Measures",0,0,0,0,0,0,0,0,0,0,0,0,0,0,0,0,0,0,0,0,0,0,0,0
1672,5204,90,0,61413,39," Burden of Beasts",0,0,0,0,0,0,0,0,0,0,0,0,0,0,0,0,0,0,0,0,0,0,0,0
1673,5205,90,0,61413,39," Growing as a Guide",0,0,0,0,0,0,0,0,0,0,0,0,0,0,0,0,0,0,0,0,0,0,0,0
1674,5206,90,0,61413,39," Bag Your Pardon",0,0,0,0,0,0,0,0,0,0,0,0,0,0,0,0,0,0,0,0,0,0,0,0
1675,5207,90,0,61413,39," Thrilled to Be Here",0,0,0,0,0,0,0,0,0,0,0,0,0,0,0,0,0,0,0,0,0,0,0,0
1676,5208,90,0,61413,39," Canvassing in Kozama'uka",0,0,0,0,0,0,0,0,0,0,0,0,0,0,0,0,0,0,0,0,0,0,0,0
1677,5209,90,0,61413,39," Reed between the Lines",0,0,0,0,0,0,0,0,0,0,0,0,0,0,0,0,0,0,0,0,0,0,0,0
1678,5210,90,0,61413,39," The Rudiments of Fiend Removal",0,0,0,0,0,0,0,0,0,0,0,0,0,0,0,0,0,0,0,0,0,0,0,0
1679,5211,90,0,61413,39," The Nectar Collector",0,0,0,0,0,0,0,0,0,0,0,0,0,0,0,0,0,0,0,0,0,0,0,0
1680,5212,90,0,61413,39," Starting from Scrap",0,0,0,0,0,0,0,0,0,0,0,0,0,0,0,0,0,0,0,0,0,0,0,0
1681,5213,90,0,61413,39," Advisor vs. Predator",0,0,0,0,0,0,0,0,0,0,0,0,0,0,0,0,0,0,0,0,0,0,0,0
1682,5214,90,0,61413,39," Let Mobbie Be Your Guide",0,0,0,0,0,0,0,0,0,0,0,0,0,0,0,0,0,0,0,0,0,0,0,0
1683,5215,90,0,61413,39," The Popularity of Punutiys",0,0,0,0,0,0,0,0,0,0,0,0,0,0,0,0,0,0,0,0,0,0,0,0
1684,5216,90,0,61413,39," Breath of Foul Air",0,0,0,0,0,0,0,0,0,0,0,0,0,0,0,0,0,0,0,0,0,0,0,0
1685,5217,90,0,61413,39," Big Bellies to Fill",0,0,0,0,0,0,0,0,0,0,0,0,0,0,0,0,0,0,0,0,0,0,0,0
1686,5218,90,0,61413,39," The Hand That Feeds",0,0,0,0,0,0,0,0,0,0,0,0,0,0,0,0,0,0,0,0,0,0,0,0
1687,5219,90,0,61413,39," Born to Run Away",0,0,0,0,0,0,0,0,0,0,0,0,0,0,0,0,0,0,0,0,0,0,0,0
1688,5220,90,0,61413,39," Bird Meat's Back on the Menu",0,0,0,0,0,0,0,0,0,0,0,0,0,0,0,0,0,0,0,0,0,0,0,0
1689,5221,90,0,61413,39," A Sympathetic Ear",0,0,0,0,0,0,0,0,0,0,0,0,0,0,0,0,0,0,0,0,0,0,0,0
1690,5222,90,0,61413,39," Worth the Weight",0,0,0,0,0,0,0,0,0,0,0,0,0,0,0,0,0,0,0,0,0,0,0,0
1691,5223,90,0,61413,39," In Time for Lunch",0,0,0,0,0,0,0,0,0,0,0,0,0,0,0,0,0,0,0,0,0,0,0,0
1692,5224,90,0,61413,39," His Swarm Enemy",0,0,0,0,0,0,0,0,0,0,0,0,0,0,0,0,0,0,0,0,0,0,0,0
1693,5225,90,0,61413,39," Seasoned Adventurer",0,0,0,0,0,0,0,0,0,0,0,0,0,0,0,0,0,0,0,0,0,0,0,0
1694,5226,90,0,61413,39," Animal Friendship",0,0,0,0,0,0,0,0,0,0,0,0,0,0,0,0,0,0,0,0,0,0,0,0
1695,0,0,0,0,0,"",0,0,0,0,0,0,0,0,0,0,0,0,0,0,0,0,0,0,0,0,0,0,0,0
1696,0,0,0,0,0,"",0,0,0,0,0,0,0,0,0,0,0,0,0,0,0,0,0,0,0,0,0,0,0,0
1697,1217,43,0,61419,40,"Peace for Thanalan",425,0,0,0,0,0,0,0,0,0,0,0,0,0,0,0,0,0,0,0,0,0,0,0
1698,1218,43,0,61419,40,"Brotherhood of Ash",0,0,0,0,0,0,0,0,0,0,0,0,0,0,0,0,0,0,0,0,0,0,0,0
1699,1219,46,0,61419,40,"Ranger Rescue",0,0,0,0,0,0,0,0,0,0,0,0,0,0,0,0,0,0,0,0,0,0,0,0
1700,1220,48,0,61419,40,"An Eye on the Inside",426,0,0,0,0,0,0,0,0,0,0,0,0,0,0,0,0,0,0,0,0,0,0,0
1701,1221,48,0,61419,40,"Martial Perfection",427,428,0,0,0,0,0,0,0,0,0,0,0,0,0,0,0,0,0,0,0,0,0,0
1702,1222,43,0,61413,41,"A Shell to Scry On",0,0,0,0,0,0,0,0,0,0,0,0,0,0,0,0,0,0,0,0,0,0,0,0
1703,1223,43,0,61413,41,"Borderline Slaughter",0,0,0,0,0,0,0,0,0,0,0,0,0,0,0,0,0,0,0,0,0,0,0,0
1704,1224,43,0,61413,41,"A Sappy Ending",0,0,0,0,0,0,0,0,0,0,0,0,0,0,0,0,0,0,0,0,0,0,0,0
1705,1225,43,0,61413,41,"Luring Lacovie",0,0,0,0,0,0,0,0,0,0,0,0,0,0,0,0,0,0,0,0,0,0,0,0
1706,1226,43,0,61413,41,"Fighting Firesand with Fire",0,0,0,0,0,0,0,0,0,0,0,0,0,0,0,0,0,0,0,0,0,0,0,0
1707,1227,43,0,61413,41,"Smothering Instinct",0,0,0,0,0,0,0,0,0,0,0,0,0,0,0,0,0,0,0,0,0,0,0,0
1708,1228,43,0,61413,41,"Losing One's Tempered",0,0,0,0,0,0,0,0,0,0,0,0,0,0,0,0,0,0,0,0,0,0,0,0
1709,1229,43,0,61413,41,"Ravage the Ravagers",0,0,0,0,0,0,0,0,0,0,0,0,0,0,0,0,0,0,0,0,0,0,0,0
1710,1230,43,0,61413,41,"Arms of the U",0,0,0,0,0,0,0,0,0,0,0,0,0,0,0,0,0,0,0,0,0,0,0,0
1711,1231,43,0,61413,41,"Blitzing the Beacons",0,0,0,0,0,0,0,0,0,0,0,0,0,0,0,0,0,0,0,0,0,0,0,0
1712,1232,46,0,61413,41,"Rite Where It Hurts",0,0,0,0,0,0,0,0,0,0,0,0,0,0,0,0,0,0,0,0,0,0,0,0
1713,1233,46,0,61413,41,"Thinning the Ranks",0,0,0,0,0,0,0,0,0,0,0,0,0,0,0,0,0,0,0,0,0,0,0,0
1714,1234,46,0,61413,41,"Forged in Flame",0,0,0,0,0,0,0,0,0,0,0,0,0,0,0,0,0,0,0,0,0,0,0,0
1715,1235,46,0,61413,41,"Beacon Keepers",0,0,0,0,0,0,0,0,0,0,0,0,0,0,0,0,0,0,0,0,0,0,0,0
1716,1236,46,0,61413,41,"Singed Fur Their Own Good",0,0,0,0,0,0,0,0,0,0,0,0,0,0,0,0,0,0,0,0,0,0,0,0
1717,1237,46,0,61413,41,"The Gland That Feeds You",0,0,0,0,0,0,0,0,0,0,0,0,0,0,0,0,0,0,0,0,0,0,0,0
1718,1238,46,0,61413,41,"Douse Them While They're Down",0,0,0,0,0,0,0,0,0,0,0,0,0,0,0,0,0,0,0,0,0,0,0,0
1719,1239,46,0,61413,41,"Before They Are Tempered",0,0,0,0,0,0,0,0,0,0,0,0,0,0,0,0,0,0,0,0,0,0,0,0
1720,1240,46,0,61413,41,"Hard to Port",0,0,0,0,0,0,0,0,0,0,0,0,0,0,0,0,0,0,0,0,0,0,0,0
1721,1241,46,0,61413,41,"This Infernal Heat",0,0,0,0,0,0,0,0,0,0,0,0,0,0,0,0,0,0,0,0,0,0,0,0
1722,1242,48,0,61413,41,"Elite Beating",0,0,0,0,0,0,0,0,0,0,0,0,0,0,0,0,0,0,0,0,0,0,0,0
1723,1243,48,0,61413,41,"Unholier than Thou",0,0,0,0,0,0,0,0,0,0,0,0,0,0,0,0,0,0,0,0,0,0,0,0
1724,1244,48,0,61413,41,"Raiding the Cache",0,0,0,0,0,0,0,0,0,0,0,0,0,0,0,0,0,0,0,0,0,0,0,0
1725,1245,48,0,61413,41,"Pulling Fangs",0,0,0,0,0,0,0,0,0,0,0,0,0,0,0,0,0,0,0,0,0,0,0,0
1726,1246,48,0,61413,41,"Demolition Drake",0,0,0,0,0,0,0,0,0,0,0,0,0,0,0,0,0,0,0,0,0,0,0,0
1727,1247,48,0,61413,41,"Fire-spitting Image",0,0,0,0,0,0,0,0,0,0,0,0,0,0,0,0,0,0,0,0,0,0,0,0
1728,1248,48,0,61413,41,"Nothing Sacred",0,0,0,0,0,0,0,0,0,0,0,0,0,0,0,0,0,0,0,0,0,0,0,0
1729,1249,48,0,61413,41,"Fodder for the Flamefangs",0,0,0,0,0,0,0,0,0,0,0,0,0,0,0,0,0,0,0,0,0,0,0,0
1730,1250,48,0,61413,41,"Hatchling Humiliation",0,0,0,0,0,0,0,0,0,0,0,0,0,0,0,0,0,0,0,0,0,0,0,0
1731,1251,48,0,61413,41,"The Beacon That Burns You",0,0,0,0,0,0,0,0,0,0,0,0,0,0,0,0,0,0,0,0,0,0,0,0
1732,1252,42,0,61419,42,"Seeking Solace",0,0,0,0,0,0,0,0,0,0,0,0,0,0,0,0,0,0,0,0,0,0,0,0
1733,1253,42,0,61419,42,"Voyce of Concern",429,0,0,0,0,0,0,0,0,0,0,0,0,0,0,0,0,0,0,0,0,0,0,0
1734,1254,45,0,61419,42,"Pilfered Podlings",0,0,0,0,0,0,0,0,0,0,0,0,0,0,0,0,0,0,0,0,0,0,0,0
1735,1255,48,0,61419,42,"Idle Hands",430,0,0,0,0,0,0,0,0,0,0,0,0,0,0,0,0,0,0,0,0,0,0,0
1736,1256,48,0,61419,42,"Feathers and Folly",431,432,0,0,0,0,0,0,0,0,0,0,0,0,0,0,0,0,0,0,0,0,0,0
1737,1257,42,0,61413,43,"Deck the Hut",0,0,0,0,0,0,0,0,0,0,0,0,0,0,0,0,0,0,0,0,0,0,0,0
1738,1258,42,0,61413,43,"Malodorous Mischief",0,0,0,0,0,0,0,0,0,0,0,0,0,0,0,0,0,0,0,0,0,0,0,0
1739,1259,42,0,61413,43,"Gourd Grief",0,0,0,0,0,0,0,0,0,0,0,0,0,0,0,0,0,0,0,0,0,0,0,0
1740,1260,42,0,61413,43,"Feed Me",0,0,0,0,0,0,0,0,0,0,0,0,0,0,0,0,0,0,0,0,0,0,0,0
1741,1261,42,0,61413,43,"Giddy for Goobbues",0,0,0,0,0,0,0,0,0,0,0,0,0,0,0,0,0,0,0,0,0,0,0,0
1742,1262,42,0,61413,43,"Now You See Me",0,0,0,0,0,0,0,0,0,0,0,0,0,0,0,0,0,0,0,0,0,0,0,0
1743,1263,42,0,61413,43,"Imperial Intruders",0,0,0,0,0,0,0,0,0,0,0,0,0,0,0,0,0,0,0,0,0,0,0,0
1744,1264,42,0,61413,43,"The Magitek Menace",0,0,0,0,0,0,0,0,0,0,0,0,0,0,0,0,0,0,0,0,0,0,0,0
1745,1265,42,0,61413,43,"Not Who They Seem",0,0,0,0,0,0,0,0,0,0,0,0,0,0,0,0,0,0,0,0,0,0,0,0
1746,1266,42,0,61413,43,"Raising a Stink",0,0,0,0,0,0,0,0,0,0,0,0,0,0,0,0,0,0,0,0,0,0,0,0
1747,1267,45,0,61413,43,"With One Stone",0,0,0,0,0,0,0,0,0,0,0,0,0,0,0,0,0,0,0,0,0,0,0,0
1748,1268,45,0,61413,43,"I Dream of Slimy",0,0,0,0,0,0,0,0,0,0,0,0,0,0,0,0,0,0,0,0,0,0,0,0
1749,1269,45,0,61413,43,"Mushroom Madness",0,0,0,0,0,0,0,0,0,0,0,0,0,0,0,0,0,0,0,0,0,0,0,0
1750,1270,45,0,61413,43,"Milkroot in Moderation",0,0,0,0,0,0,0,0,0,0,0,0,0,0,0,0,0,0,0,0,0,0,0,0
1751,1271,45,0,61413,43,"Something to Sneeze At",0,0,0,0,0,0,0,0,0,0,0,0,0,0,0,0,0,0,0,0,0,0,0,0
1752,1272,45,0,61413,43,"Shocking Developments",0,0,0,0,0,0,0,0,0,0,0,0,0,0,0,0,0,0,0,0,0,0,0,0
1753,1273,45,0,61413,43,"Waterbringer",0,0,0,0,0,0,0,0,0,0,0,0,0,0,0,0,0,0,0,0,0,0,0,0
1754,1274,45,0,61413,43,"In the Sylphlands, Treasure Hunts You",0,0,0,0,0,0,0,0,0,0,0,0,0,0,0,0,0,0,0,0,0,0,0,0
1755,1275,45,0,61413,43,"Perilous Pumpkins",0,0,0,0,0,0,0,0,0,0,0,0,0,0,0,0,0,0,0,0,0,0,0,0
1756,1276,45,0,61413,43,"Fungal Foulness",0,0,0,0,0,0,0,0,0,0,0,0,0,0,0,0,0,0,0,0,0,0,0,0
1757,1277,48,0,61413,43,"Ripe for the Picking",0,0,0,0,0,0,0,0,0,0,0,0,0,0,0,0,0,0,0,0,0,0,0,0
1758,1278,48,0,61413,43,"A Sticky Situation",0,0,0,0,0,0,0,0,0,0,0,0,0,0,0,0,0,0,0,0,0,0,0,0
1759,1279,48,0,61413,43,"Sympathy for the Sentinel",0,0,0,0,0,0,0,0,0,0,0,0,0,0,0,0,0,0,0,0,0,0,0,0
1760,1280,48,0,61413,43,"No Root for You",0,0,0,0,0,0,0,0,0,0,0,0,0,0,0,0,0,0,0,0,0,0,0,0
1761,1281,48,0,61413,43,"Mist Opportunities",0,0,0,0,0,0,0,0,0,0,0,0,0,0,0,0,0,0,0,0,0,0,0,0
1762,1282,48,0,61413,43,"Clearing the Air",0,0,0,0,0,0,0,0,0,0,0,0,0,0,0,0,0,0,0,0,0,0,0,0
1763,1283,48,0,61413,43,"Podling Peril",0,0,0,0,0,0,0,0,0,0,0,0,0,0,0,0,0,0,0,0,0,0,0,0
1764,1284,48,0,61413,43,"Boar Wars",0,0,0,0,0,0,0,0,0,0,0,0,0,0,0,0,0,0,0,0,0,0,0,0
1765,1285,48,0,61413,43,"Moxia's Magnum Opus",0,0,0,0,0,0,0,0,0,0,0,0,0,0,0,0,0,0,0,0,0,0,0,0
1766,1286,48,0,61413,43,"Bane of the Barbs",0,0,0,0,0,0,0,0,0,0,0,0,0,0,0,0,0,0,0,0,0,0,0,0
1767,1320,41,0,61419,44,"Highway Robbery",516,0,0,0,0,0,0,0,0,0,0,0,0,0,0,0,0,0,0,0,0,0,0,0
1768,1321,41,0,61419,44,"How Low Can You Go",517,0,0,0,0,0,0,0,0,0,0,0,0,0,0,0,0,0,0,0,0,0,0,0
1769,1322,44,0,61419,44,"No-good Zo Ga's Ambition",0,0,0,0,0,0,0,0,0,0,0,0,0,0,0,0,0,0,0,0,0,0,0,0
1770,1323,48,0,61419,44,"The Kobold and the Beautiful",0,0,0,0,0,0,0,0,0,0,0,0,0,0,0,0,0,0,0,0,0,0,0,0
1771,1324,48,0,61419,44,"Revenge of the Furred",518,519,0,0,0,0,0,0,0,0,0,0,0,0,0,0,0,0,0,0,0,0,0,0
1772,1325,41,0,61413,45,"Rubbish for Refuse",0,0,0,0,0,0,0,0,0,0,0,0,0,0,0,0,0,0,0,0,0,0,0,0
1773,1326,41,0,61413,45,"No Such Thing as a Free Lunch",0,0,0,0,0,0,0,0,0,0,0,0,0,0,0,0,0,0,0,0,0,0,0,0
1774,1327,41,0,61413,45,"Finger Licking Good",0,0,0,0,0,0,0,0,0,0,0,0,0,0,0,0,0,0,0,0,0,0,0,0
1775,1328,41,0,61413,45,"Battle of the Bottom-feeders",0,0,0,0,0,0,0,0,0,0,0,0,0,0,0,0,0,0,0,0,0,0,0,0
1776,1329,41,0,61413,45,"Mothers of All Bombs",0,0,0,0,0,0,0,0,0,0,0,0,0,0,0,0,0,0,0,0,0,0,0,0
1777,1332,41,0,61413,45,"Ill-gotten Gains",0,0,0,0,0,0,0,0,0,0,0,0,0,0,0,0,0,0,0,0,0,0,0,0
1778,1333,41,0,61413,45,"Hells Have No Fury",0,0,0,0,0,0,0,0,0,0,0,0,0,0,0,0,0,0,0,0,0,0,0,0
1779,1330,41,0,61413,45,"Know Your Place",0,0,0,0,0,0,0,0,0,0,0,0,0,0,0,0,0,0,0,0,0,0,0,0
1780,1331,41,0,61413,45,"Misery Loves Company",0,0,0,0,0,0,0,0,0,0,0,0,0,0,0,0,0,0,0,0,0,0,0,0
1781,1334,41,0,61413,45,"Bo Zu's Blown Cover",0,0,0,0,0,0,0,0,0,0,0,0,0,0,0,0,0,0,0,0,0,0,0,0
1782,1335,44,0,61413,45,"Ambushing the Assessors",0,0,0,0,0,0,0,0,0,0,0,0,0,0,0,0,0,0,0,0,0,0,0,0
1783,1337,44,0,61413,45,"Armed and Dangerous",0,0,0,0,0,0,0,0,0,0,0,0,0,0,0,0,0,0,0,0,0,0,0,0
1784,1338,44,0,61413,45,"Too Hot to Handle",0,0,0,0,0,0,0,0,0,0,0,0,0,0,0,0,0,0,0,0,0,0,0,0
1785,1340,44,0,61413,45,"The Sly Salvages",0,0,0,0,0,0,0,0,0,0,0,0,0,0,0,0,0,0,0,0,0,0,0,0
1786,1341,44,0,61413,45,"Belles of the Ball",0,0,0,0,0,0,0,0,0,0,0,0,0,0,0,0,0,0,0,0,0,0,0,0
1787,1342,44,0,61413,45,"Contents Unknown",0,0,0,0,0,0,0,0,0,0,0,0,0,0,0,0,0,0,0,0,0,0,0,0
1788,1343,44,0,61413,45,"Brain Buster",0,0,0,0,0,0,0,0,0,0,0,0,0,0,0,0,0,0,0,0,0,0,0,0
1789,1336,44,0,61413,45,"The Lode Warrior",0,0,0,0,0,0,0,0,0,0,0,0,0,0,0,0,0,0,0,0,0,0,0,0
1790,1339,44,0,61413,45,"Operation Riffraff",0,0,0,0,0,0,0,0,0,0,0,0,0,0,0,0,0,0,0,0,0,0,0,0
1791,1344,44,0,61413,45,"A Dangerous Delivery",0,0,0,0,0,0,0,0,0,0,0,0,0,0,0,0,0,0,0,0,0,0,0,0
1792,1365,48,0,61413,45,"Friends in Low Places",0,0,0,0,0,0,0,0,0,0,0,0,0,0,0,0,0,0,0,0,0,0,0,0
1793,1367,48,0,61413,45,"Genius at Work",0,0,0,0,0,0,0,0,0,0,0,0,0,0,0,0,0,0,0,0,0,0,0,0
1794,1371,48,0,61413,45,"Ba Go's Behest",0,0,0,0,0,0,0,0,0,0,0,0,0,0,0,0,0,0,0,0,0,0,0,0
1795,1366,48,0,61413,45,"Glutton for Punishment",0,0,0,0,0,0,0,0,0,0,0,0,0,0,0,0,0,0,0,0,0,0,0,0
1796,1368,48,0,61413,45,"Fulminating Furnaces",0,0,0,0,0,0,0,0,0,0,0,0,0,0,0,0,0,0,0,0,0,0,0,0
1797,1369,48,0,61413,45,"A Meal Fit for a Fugleman",0,0,0,0,0,0,0,0,0,0,0,0,0,0,0,0,0,0,0,0,0,0,0,0
1798,1370,48,0,61413,45,"Spread the Wealth",0,0,0,0,0,0,0,0,0,0,0,0,0,0,0,0,0,0,0,0,0,0,0,0
1799,1364,48,0,61413,45,"A Coblyn Catastrophe",0,0,0,0,0,0,0,0,0,0,0,0,0,0,0,0,0,0,0,0,0,0,0,0
1800,1372,48,0,61413,45,"Wrath of the Roundsman",0,0,0,0,0,0,0,0,0,0,0,0,0,0,0,0,0,0,0,0,0,0,0,0
1801,1373,48,0,61413,45,"Angry Angry Acolyte",0,0,0,0,0,0,0,0,0,0,0,0,0,0,0,0,0,0,0,0,0,0,0,0
1802,1374,44,0,61419,46,"They Came from the Deep",520,0,0,0,0,0,0,0,0,0,0,0,0,0,0,0,0,0,0,0,0,0,0,0
1803,1375,44,0,61419,46,"Clutch and Kin",0,0,0,0,0,0,0,0,0,0,0,0,0,0,0,0,0,0,0,0,0,0,0,0
1804,1376,46,0,61419,46,"The Scarlet Bloodletter",0,0,0,0,0,0,0,0,0,0,0,0,0,0,0,0,0,0,0,0,0,0,0,0
1805,1377,48,0,61419,46,"Watching the Spawn",521,0,0,0,0,0,0,0,0,0,0,0,0,0,0,0,0,0,0,0,0,0,0,0
1806,1378,48,0,61419,46,"Like Clutchfather, Like Son",522,523,0,0,0,0,0,0,0,0,0,0,0,0,0,0,0,0,0,0,0,0,0,0
1807,1380,44,0,61413,47,"Standard Procedure",0,0,0,0,0,0,0,0,0,0,0,0,0,0,0,0,0,0,0,0,0,0,0,0
1808,1382,44,0,61413,47,"A Taste for Paste",0,0,0,0,0,0,0,0,0,0,0,0,0,0,0,0,0,0,0,0,0,0,0,0
1809,1385,44,0,61413,47,"Violence of the Clams",0,0,0,0,0,0,0,0,0,0,0,0,0,0,0,0,0,0,0,0,0,0,0,0
1810,1381,44,0,61413,47,"Enemy at the Tidegates",0,0,0,0,0,0,0,0,0,0,0,0,0,0,0,0,0,0,0,0,0,0,0,0
1811,1384,44,0,61413,47,"A Quick Snip",0,0,0,0,0,0,0,0,0,0,0,0,0,0,0,0,0,0,0,0,0,0,0,0
1812,1387,44,0,61413,47,"A Crate-ful Response",0,0,0,0,0,0,0,0,0,0,0,0,0,0,0,0,0,0,0,0,0,0,0,0
1813,1388,44,0,61413,47,"Skullduggery",0,0,0,0,0,0,0,0,0,0,0,0,0,0,0,0,0,0,0,0,0,0,0,0
1814,1379,44,0,61413,47,"A Killer Strategy",0,0,0,0,0,0,0,0,0,0,0,0,0,0,0,0,0,0,0,0,0,0,0,0
1815,1383,44,0,61413,47,"Spawning Ground Salvation",0,0,0,0,0,0,0,0,0,0,0,0,0,0,0,0,0,0,0,0,0,0,0,0
1816,1386,44,0,61413,47,"Wind from Their Sails",0,0,0,0,0,0,0,0,0,0,0,0,0,0,0,0,0,0,0,0,0,0,0,0
1817,1390,46,0,61413,47,"Move Along, Nothing to Heal Here",0,0,0,0,0,0,0,0,0,0,0,0,0,0,0,0,0,0,0,0,0,0,0,0
1818,1391,46,0,61413,47,"Ain't Got Time to Breed",0,0,0,0,0,0,0,0,0,0,0,0,0,0,0,0,0,0,0,0,0,0,0,0
1819,1395,46,0,61413,47,"Put a Shhhock in It",0,0,0,0,0,0,0,0,0,0,0,0,0,0,0,0,0,0,0,0,0,0,0,0
1820,1392,46,0,61413,47,"Get a Lode of This",0,0,0,0,0,0,0,0,0,0,0,0,0,0,0,0,0,0,0,0,0,0,0,0
1821,1393,46,0,61413,47,"Ballista Bust-up",0,0,0,0,0,0,0,0,0,0,0,0,0,0,0,0,0,0,0,0,0,0,0,0
1822,1394,46,0,61413,47,"Better Ash than Blood",0,0,0,0,0,0,0,0,0,0,0,0,0,0,0,0,0,0,0,0,0,0,0,0
1823,1398,46,0,61413,47,"In the Shadow of the Moon",0,0,0,0,0,0,0,0,0,0,0,0,0,0,0,0,0,0,0,0,0,0,0,0
1824,1396,46,0,61413,47,"Clutchfather Knows Best",0,0,0,0,0,0,0,0,0,0,0,0,0,0,0,0,0,0,0,0,0,0,0,0
1825,1397,46,0,61413,47,"A Nap Before Drowning",0,0,0,0,0,0,0,0,0,0,0,0,0,0,0,0,0,0,0,0,0,0,0,0
1826,1399,46,0,61413,47,"Learn by Destroying",0,0,0,0,0,0,0,0,0,0,0,0,0,0,0,0,0,0,0,0,0,0,0,0
1827,1400,48,0,61413,47,"Tines of the Trident",0,0,0,0,0,0,0,0,0,0,0,0,0,0,0,0,0,0,0,0,0,0,0,0
1828,1402,48,0,61413,47,"An Enthralling Engagement",0,0,0,0,0,0,0,0,0,0,0,0,0,0,0,0,0,0,0,0,0,0,0,0
1829,1404,48,0,61413,47,"Reaving in a Hurry",0,0,0,0,0,0,0,0,0,0,0,0,0,0,0,0,0,0,0,0,0,0,0,0
1830,1401,48,0,61413,47,"Shellfish Schemes",0,0,0,0,0,0,0,0,0,0,0,0,0,0,0,0,0,0,0,0,0,0,0,0
1831,1403,48,0,61413,47,"Up in Shhhmoke",0,0,0,0,0,0,0,0,0,0,0,0,0,0,0,0,0,0,0,0,0,0,0,0
1832,1405,48,0,61413,47,"The Tail's the Best Part",0,0,0,0,0,0,0,0,0,0,0,0,0,0,0,0,0,0,0,0,0,0,0,0
1833,1406,48,0,61413,47,"Unfair Trading",0,0,0,0,0,0,0,0,0,0,0,0,0,0,0,0,0,0,0,0,0,0,0,0
1834,1407,48,0,61413,47,"Sea Scraps",0,0,0,0,0,0,0,0,0,0,0,0,0,0,0,0,0,0,0,0,0,0,0,0
1835,1408,48,0,61413,47,"Plunder Fire",0,0,0,0,0,0,0,0,0,0,0,0,0,0,0,0,0,0,0,0,0,0,0,0
1836,1409,48,0,61413,47,"Removing the Stain",0,0,0,0,0,0,0,0,0,0,0,0,0,0,0,0,0,0,0,0,0,0,0,0
1837,1486,1,0,61419,48,"A Bad Bladder",0,0,0,0,0,0,0,0,0,0,0,0,0,0,0,0,0,0,0,0,0,0,0,0
1838,1487,1,0,61419,48," Reaching for Cloud Nine",673,0,0,0,0,0,0,0,0,0,0,0,0,0,0,0,0,0,0,0,0,0,0,0
1839,1488,1,2,61419,48," A Designer Job",674,0,0,0,0,0,0,0,0,0,0,0,0,0,0,0,0,0,0,0,0,0,0,0
1840,1489,1,5,61419,48," The Boy from Gridania",675,0,0,0,0,0,0,0,0,0,0,0,0,0,0,0,0,0,0,0,0,0,0,0
1841,1490,1,9,61419,48," Lathe to the Party",676,0,0,0,0,0,0,0,0,0,0,0,0,0,0,0,0,0,0,0,0,0,0,0
1842,1491,1,14,61419,48," Standing at the Helm",553,677,0,0,0,0,0,0,0,0,0,0,0,0,0,0,0,0,0,0,0,0,0,0
1843,1492,1,15,61419,48," Never Be Royal",678,0,0,0,0,0,0,0,0,0,0,0,0,0,0,0,0,0,0,0,0,0,0,0
1844,1493,1,17,61419,48," Spread Your Wings and Soar",554,555,556,0,0,0,0,0,0,0,0,0,0,0,0,0,0,0,0,0,0,0,0,0
1845,1569,1,0,61413,49," Deliverance",0,0,0,0,0,0,0,0,0,0,0,0,0,0,0,0,0,0,0,0,0,0,0,0
1846,1494,1,0,61413,49," Trust, but Verify",0,0,0,0,0,0,0,0,0,0,0,0,0,0,0,0,0,0,0,0,0,0,0,0
1847,1495,1,0,61413,49," Misdirected Woo",0,0,0,0,0,0,0,0,0,0,0,0,0,0,0,0,0,0,0,0,0,0,0,0
1848,1496,1,0,61413,49," Keeping Up Appearances",0,0,0,0,0,0,0,0,0,0,0,0,0,0,0,0,0,0,0,0,0,0,0,0
1849,1497,1,0,61413,49," Blow, Ye Winds",0,0,0,0,0,0,0,0,0,0,0,0,0,0,0,0,0,0,0,0,0,0,0,0
1850,1504,1,2,61413,49," Gyrodriven",0,0,0,0,0,0,0,0,0,0,0,0,0,0,0,0,0,0,0,0,0,0,0,0
1851,1505,1,2,61413,49," Of Rodents and Rigging",0,0,0,0,0,0,0,0,0,0,0,0,0,0,0,0,0,0,0,0,0,0,0,0
1852,1506,1,2,61413,49," What Evil Lurks in the Hearts of Golems",0,0,0,0,0,0,0,0,0,0,0,0,0,0,0,0,0,0,0,0,0,0,0,0
1853,1507,1,2,61413,49," One Ixal's Buzzard",0,0,0,0,0,0,0,0,0,0,0,0,0,0,0,0,0,0,0,0,0,0,0,0
1854,1508,1,2,61413,49," The Right Tool for the Tools",0,0,0,0,0,0,0,0,0,0,0,0,0,0,0,0,0,0,0,0,0,0,0,0
1855,1514,1,5,61413,49," And Thanks for All the Fish",0,0,0,0,0,0,0,0,0,0,0,0,0,0,0,0,0,0,0,0,0,0,0,0
1856,1515,1,5,61413,49," An Empty Sack Cannot Hang Downright",0,0,0,0,0,0,0,0,0,0,0,0,0,0,0,0,0,0,0,0,0,0,0,0
1857,1516,1,5,61413,49," Hot Cross Buns",0,0,0,0,0,0,0,0,0,0,0,0,0,0,0,0,0,0,0,0,0,0,0,0
1858,1517,1,5,61413,49," Simply the Biast",0,0,0,0,0,0,0,0,0,0,0,0,0,0,0,0,0,0,0,0,0,0,0,0
1859,1518,1,5,61413,49," A Long Way to the Top",0,0,0,0,0,0,0,0,0,0,0,0,0,0,0,0,0,0,0,0,0,0,0,0
1860,1498,1,9,61413,49," Reach for the Starboard",0,0,0,0,0,0,0,0,0,0,0,0,0,0,0,0,0,0,0,0,0,0,0,0
1861,1499,1,9,61413,49," Larboard and Lodging",0,0,0,0,0,0,0,0,0,0,0,0,0,0,0,0,0,0,0,0,0,0,0,0
1862,1500,1,9,61413,49," Right-wing Aeronautics",0,0,0,0,0,0,0,0,0,0,0,0,0,0,0,0,0,0,0,0,0,0,0,0
1863,1501,1,9,61413,49," Left-wing Aeronautics",0,0,0,0,0,0,0,0,0,0,0,0,0,0,0,0,0,0,0,0,0,0,0,0
1864,1502,1,9,61413,49," Getting into Gear",0,0,0,0,0,0,0,0,0,0,0,0,0,0,0,0,0,0,0,0,0,0,0,0
1865,1503,1,9,61413,49," Hells-vent on the Heavens",0,0,0,0,0,0,0,0,0,0,0,0,0,0,0,0,0,0,0,0,0,0,0,0
1866,1509,1,14,61413,49," Crazy Like the Pox",0,0,0,0,0,0,0,0,0,0,0,0,0,0,0,0,0,0,0,0,0,0,0,0
1867,1510,1,14,61413,49," A Hard Knock Life",0,0,0,0,0,0,0,0,0,0,0,0,0,0,0,0,0,0,0,0,0,0,0,0
1868,1511,1,14,61413,49," Manual Labor",0,0,0,0,0,0,0,0,0,0,0,0,0,0,0,0,0,0,0,0,0,0,0,0
1869,1512,1,14,61413,49," Leave Nothing to Waste",0,0,0,0,0,0,0,0,0,0,0,0,0,0,0,0,0,0,0,0,0,0,0,0
1870,1513,1,14,61413,49," Tanks for Nothing",0,0,0,0,0,0,0,0,0,0,0,0,0,0,0,0,0,0,0,0,0,0,0,0
1871,1519,1,14,61413,49," Never Steer You Wrong",0,0,0,0,0,0,0,0,0,0,0,0,0,0,0,0,0,0,0,0,0,0,0,0
1872,1520,1,15,61413,49," West for Fishing",0,0,0,0,0,0,0,0,0,0,0,0,0,0,0,0,0,0,0,0,0,0,0,0
1873,1521,1,15,61413,49," Your Gil's No Good Here",0,0,0,0,0,0,0,0,0,0,0,0,0,0,0,0,0,0,0,0,0,0,0,0
1874,1522,1,15,61413,49," Mining for Compliments",0,0,0,0,0,0,0,0,0,0,0,0,0,0,0,0,0,0,0,0,0,0,0,0
1875,1523,1,15,61413,49," A High Wind in Ishgard",0,0,0,0,0,0,0,0,0,0,0,0,0,0,0,0,0,0,0,0,0,0,0,0
1876,1566,1,15,61413,49," Bring Your Own Ectoplasm",0,0,0,0,0,0,0,0,0,0,0,0,0,0,0,0,0,0,0,0,0,0,0,0
1877,1567,1,15,61413,49," In Case of Emergency",0,0,0,0,0,0,0,0,0,0,0,0,0,0,0,0,0,0,0,0,0,0,0,0
1878,1568,1,15,61413,49," We Fly High (Squawkin')",0,0,0,0,0,0,0,0,0,0,0,0,0,0,0,0,0,0,0,0,0,0,0,0
1879,2164,50,0,61419,50," Three Beaks to the Wind",1086,1081,0,0,0,0,0,0,0,0,0,0,0,0,0,0,0,0,0,0,0,0,0,0
1880,2165,50,0,61419,50," A Tribal Reunion",1109,0,0,0,0,0,0,0,0,0,0,0,0,0,0,0,0,0,0,0,0,0,0,0
1881,2166,50,0,61419,50," Linu's Lovely Bones",1085,0,0,0,0,0,0,0,0,0,0,0,0,0,0,0,0,0,0,0,0,0,0,0
1882,2167,50,0,61419,50," In the Skycage over the Sea",1087,1094,0,0,0,0,0,0,0,0,0,0,0,0,0,0,0,0,0,0,0,0,0,0
1883,2168,50,0,61419,50," Fishing for Friendship",1110,0,0,0,0,0,0,0,0,0,0,0,0,0,0,0,0,0,0,0,0,0,0,0
1884,2169,50,0,61419,50," Sundrop the Beat",1095,0,0,0,0,0,0,0,0,0,0,0,0,0,0,0,0,0,0,0,0,0,0,0
1885,2170,50,0,61419,50," Nest Side Story",1088,1096,0,0,0,0,0,0,0,0,0,0,0,0,0,0,0,0,0,0,0,0,0,0
1886,2225,50,0,61419,50,"The Nest of Honor",0,0,0,0,0,0,0,0,0,0,0,0,0,0,0,0,0,0,0,0,0,0,0,0
1887,2171,50,0,61413,51," Veni, Vundu, Vici",0,0,0,0,0,0,0,0,0,0,0,0,0,0,0,0,0,0,0,0,0,0,0,0
1888,2172,50,0,61413,51," Pussyfooting About",0,0,0,0,0,0,0,0,0,0,0,0,0,0,0,0,0,0,0,0,0,0,0,0
1889,2173,50,0,61413,51," Endymion Disco",0,0,0,0,0,0,0,0,0,0,0,0,0,0,0,0,0,0,0,0,0,0,0,0
1890,2174,50,0,61413,51," Pilfering Pots from the Pantry",0,0,0,0,0,0,0,0,0,0,0,0,0,0,0,0,0,0,0,0,0,0,0,0
1891,2175,50,0,61413,51," Chigoe Cha-cha",0,0,0,0,0,0,0,0,0,0,0,0,0,0,0,0,0,0,0,0,0,0,0,0
1892,2176,50,0,61413,51," Water Crystal Waltz",0,0,0,0,0,0,0,0,0,0,0,0,0,0,0,0,0,0,0,0,0,0,0,0
1893,2177,50,0,61413,51," Hard-boiled Hustle",0,0,0,0,0,0,0,0,0,0,0,0,0,0,0,0,0,0,0,0,0,0,0,0
1894,2178,50,0,61413,51," Sanuwa Samba",0,0,0,0,0,0,0,0,0,0,0,0,0,0,0,0,0,0,0,0,0,0,0,0
1895,2179,50,0,61413,51," Bird Watching",0,0,0,0,0,0,0,0,0,0,0,0,0,0,0,0,0,0,0,0,0,0,0,0
1896,2180,50,0,61413,51," Comb and Get It",0,0,0,0,0,0,0,0,0,0,0,0,0,0,0,0,0,0,0,0,0,0,0,0
1897,2181,50,0,61413,51," The Binding Soil",0,0,0,0,0,0,0,0,0,0,0,0,0,0,0,0,0,0,0,0,0,0,0,0
1898,2182,50,0,61413,51," Flight of the Midges",0,0,0,0,0,0,0,0,0,0,0,0,0,0,0,0,0,0,0,0,0,0,0,0
1899,2183,50,0,61413,51," Fishing in Troubled Waters",0,0,0,0,0,0,0,0,0,0,0,0,0,0,0,0,0,0,0,0,0,0,0,0
1900,2184,50,0,61413,51," Reeling in the Vundu",0,0,0,0,0,0,0,0,0,0,0,0,0,0,0,0,0,0,0,0,0,0,0,0
1901,2185,50,0,61413,51," Nailed Down",0,0,0,0,0,0,0,0,0,0,0,0,0,0,0,0,0,0,0,0,0,0,0,0
1902,2186,50,0,61413,51," The House That Ginu Built",0,0,0,0,0,0,0,0,0,0,0,0,0,0,0,0,0,0,0,0,0,0,0,0
1903,2187,50,0,61413,51," A Bone to Pick",0,0,0,0,0,0,0,0,0,0,0,0,0,0,0,0,0,0,0,0,0,0,0,0
1904,2188,50,0,61413,51," A Hut to Dye For",0,0,0,0,0,0,0,0,0,0,0,0,0,0,0,0,0,0,0,0,0,0,0,0
1905,2189,50,0,61413,51," Shady Premonitions",0,0,0,0,0,0,0,0,0,0,0,0,0,0,0,0,0,0,0,0,0,0,0,0
1906,2190,50,0,61413,51," Pestered Ancestors",0,0,0,0,0,0,0,0,0,0,0,0,0,0,0,0,0,0,0,0,0,0,0,0
1907,2191,50,0,61413,51," Smooth as Silk, Cool as Air",0,0,0,0,0,0,0,0,0,0,0,0,0,0,0,0,0,0,0,0,0,0,0,0
1908,2192,50,0,61413,51," Gaelicat's Out of the Bag",0,0,0,0,0,0,0,0,0,0,0,0,0,0,0,0,0,0,0,0,0,0,0,0
1909,2193,50,0,61413,51," Rotten to the Korrigan",0,0,0,0,0,0,0,0,0,0,0,0,0,0,0,0,0,0,0,0,0,0,0,0
1910,2194,50,0,61413,51," Gastornis Groove",0,0,0,0,0,0,0,0,0,0,0,0,0,0,0,0,0,0,0,0,0,0,0,0
1911,2195,50,0,61413,51," The Cat's Meow",0,0,0,0,0,0,0,0,0,0,0,0,0,0,0,0,0,0,0,0,0,0,0,0
1912,2196,50,0,61413,51," Easy as Paissa",0,0,0,0,0,0,0,0,0,0,0,0,0,0,0,0,0,0,0,0,0,0,0,0
1913,2197,50,0,61413,51," Dance Commander",0,0,0,0,0,0,0,0,0,0,0,0,0,0,0,0,0,0,0,0,0,0,0,0
1914,2198,50,0,61413,51," Electric Gunduloo",0,0,0,0,0,0,0,0,0,0,0,0,0,0,0,0,0,0,0,0,0,0,0,0
1915,2199,50,0,61413,51," Wildwort and Sundrop",0,0,0,0,0,0,0,0,0,0,0,0,0,0,0,0,0,0,0,0,0,0,0,0
1916,2200,50,0,61413,51," Vanish, Vile Vundu",0,0,0,0,0,0,0,0,0,0,0,0,0,0,0,0,0,0,0,0,0,0,0,0
1917,2255,50,0,61419,52," The Naming of Vath",1193,0,0,0,0,0,0,0,0,0,0,0,0,0,0,0,0,0,0,0,0,0,0,0
1918,2256,50,0,61419,52," Adventurers Don't Get Cold Feet",1190,1194,0,0,0,0,0,0,0,0,0,0,0,0,0,0,0,0,0,0,0,0,0,0
1919,2257,50,0,61419,52," An Acquired Taste",1195,0,0,0,0,0,0,0,0,0,0,0,0,0,0,0,0,0,0,0,0,0,0,0
1920,2258,50,0,61419,52," Your Enemy and Mine",1191,1196,0,0,0,0,0,0,0,0,0,0,0,0,0,0,0,0,0,0,0,0,0,0
1921,2259,50,0,61419,52," Resistance Is Futile",1192,0,0,0,0,0,0,0,0,0,0,0,0,0,0,0,0,0,0,0,0,0,0,0
1922,2260,50,0,61419,52,"A Symbiotic Friendship",0,0,0,0,0,0,0,0,0,0,0,0,0,0,0,0,0,0,0,0,0,0,0,0
1923,2261,50,0,61413,53," Getting the Shaft",0,0,0,0,0,0,0,0,0,0,0,0,0,0,0,0,0,0,0,0,0,0,0,0
1924,2262,50,0,61413,53," Breath of Fresh Air",0,0,0,0,0,0,0,0,0,0,0,0,0,0,0,0,0,0,0,0,0,0,0,0
1925,2263,50,0,61413,53," Bugging the Bugs",0,0,0,0,0,0,0,0,0,0,0,0,0,0,0,0,0,0,0,0,0,0,0,0
1926,2264,50,0,61413,53," Too Much to Bear",0,0,0,0,0,0,0,0,0,0,0,0,0,0,0,0,0,0,0,0,0,0,0,0
1927,2265,50,0,61413,53," The Foodstuff of Champions",0,0,0,0,0,0,0,0,0,0,0,0,0,0,0,0,0,0,0,0,0,0,0,0
1928,2266,50,0,61413,53," A Long Shot",0,0,0,0,0,0,0,0,0,0,0,0,0,0,0,0,0,0,0,0,0,0,0,0
1929,2267,50,0,61413,53," Where the Silver Dew Grows",0,0,0,0,0,0,0,0,0,0,0,0,0,0,0,0,0,0,0,0,0,0,0,0
1930,2268,50,0,61413,53," The Caelumtree Wine Spree",0,0,0,0,0,0,0,0,0,0,0,0,0,0,0,0,0,0,0,0,0,0,0,0
1931,2269,50,0,61413,53," Ploughing Ahead",0,0,0,0,0,0,0,0,0,0,0,0,0,0,0,0,0,0,0,0,0,0,0,0
1932,2270,50,0,61413,53," At Full Pelt",0,0,0,0,0,0,0,0,0,0,0,0,0,0,0,0,0,0,0,0,0,0,0,0
1933,2271,50,0,61413,53," Failure to Deliver",0,0,0,0,0,0,0,0,0,0,0,0,0,0,0,0,0,0,0,0,0,0,0,0
1934,2272,50,0,61413,53," Shoo Fly, Don't Bother Me",0,0,0,0,0,0,0,0,0,0,0,0,0,0,0,0,0,0,0,0,0,0,0,0
1935,2273,50,0,61413,53," All about the Eggs",0,0,0,0,0,0,0,0,0,0,0,0,0,0,0,0,0,0,0,0,0,0,0,0
1936,2274,50,0,61413,53," Smells Like Trouble",0,0,0,0,0,0,0,0,0,0,0,0,0,0,0,0,0,0,0,0,0,0,0,0
1937,2275,50,0,61413,53," When Hunting Goes Wrong",0,0,0,0,0,0,0,0,0,0,0,0,0,0,0,0,0,0,0,0,0,0,0,0
1938,2276,50,0,61413,53," Flea Troubles",0,0,0,0,0,0,0,0,0,0,0,0,0,0,0,0,0,0,0,0,0,0,0,0
1939,2277,50,0,61413,53," Fifty Shades of Yellow",0,0,0,0,0,0,0,0,0,0,0,0,0,0,0,0,0,0,0,0,0,0,0,0
1940,2278,50,0,61413,53," A Romp around the Foothills",0,0,0,0,0,0,0,0,0,0,0,0,0,0,0,0,0,0,0,0,0,0,0,0
1941,2279,50,0,61413,53," Neighborhood Squabbles",0,0,0,0,0,0,0,0,0,0,0,0,0,0,0,0,0,0,0,0,0,0,0,0
1942,2280,50,0,61413,53," Not for the Faint of Heart",0,0,0,0,0,0,0,0,0,0,0,0,0,0,0,0,0,0,0,0,0,0,0,0
1943,2320,50,0,61419,54," Tricks and Stones",1215,1219,0,0,0,0,0,0,0,0,0,0,0,0,0,0,0,0,0,0,0,0,0,0
1944,2321,50,0,61419,54," The Milk of Moogle Kindness",1218,1220,0,0,0,0,0,0,0,0,0,0,0,0,0,0,0,0,0,0,0,0,0,0
1945,2322,50,0,61419,54," Trying Times",1221,0,0,0,0,0,0,0,0,0,0,0,0,0,0,0,0,0,0,0,0,0,0,0
1946,2323,50,0,61419,54," A Crystalline Solution",1222,0,0,0,0,0,0,0,0,0,0,0,0,0,0,0,0,0,0,0,0,0,0,0
1947,2324,50,0,61419,54," The Tools Make the Moogle",1223,0,0,0,0,0,0,0,0,0,0,0,0,0,0,0,0,0,0,0,0,0,0,0
1948,2325,50,0,61419,54," A Monumental Task",1216,1224,0,0,0,0,0,0,0,0,0,0,0,0,0,0,0,0,0,0,0,0,0,0
1949,2326,50,0,61419,54," Piecing Together the Past",1217,0,0,0,0,0,0,0,0,0,0,0,0,0,0,0,0,0,0,0,0,0,0,0
1950,2327,50,0,61419,54,"The Zenith of Craftsmanship",0,0,0,0,0,0,0,0,0,0,0,0,0,0,0,0,0,0,0,0,0,0,0,0
1951,2290,50,0,61413,55," With a Little Help",0,0,0,0,0,0,0,0,0,0,0,0,0,0,0,0,0,0,0,0,0,0,0,0
1952,2291,50,0,61413,55," Hasty Conclusions",0,0,0,0,0,0,0,0,0,0,0,0,0,0,0,0,0,0,0,0,0,0,0,0
1953,2292,50,0,61413,55," A Fundamentally Important Task",0,0,0,0,0,0,0,0,0,0,0,0,0,0,0,0,0,0,0,0,0,0,0,0
1954,2293,50,0,61413,55," Deep into the Weeds",0,0,0,0,0,0,0,0,0,0,0,0,0,0,0,0,0,0,0,0,0,0,0,0
1955,2294,50,0,61413,55," Moogle on the Wall",0,0,0,0,0,0,0,0,0,0,0,0,0,0,0,0,0,0,0,0,0,0,0,0
1956,2295,50,0,61413,55," Kupo for Kupo Nuts",0,0,0,0,0,0,0,0,0,0,0,0,0,0,0,0,0,0,0,0,0,0,0,0
1957,2296,50,0,61413,55," Work That Mallow",0,0,0,0,0,0,0,0,0,0,0,0,0,0,0,0,0,0,0,0,0,0,0,0
1958,2297,50,0,61413,55," A Little Pick-me-up",0,0,0,0,0,0,0,0,0,0,0,0,0,0,0,0,0,0,0,0,0,0,0,0
1959,2298,50,0,61413,55," A Fine Finish",0,0,0,0,0,0,0,0,0,0,0,0,0,0,0,0,0,0,0,0,0,0,0,0
1960,2299,50,0,61413,55," The Mining Mishap",0,0,0,0,0,0,0,0,0,0,0,0,0,0,0,0,0,0,0,0,0,0,0,0
1961,2300,50,0,61413,55," Stumbling Blocks",0,0,0,0,0,0,0,0,0,0,0,0,0,0,0,0,0,0,0,0,0,0,0,0
1962,2301,50,0,61413,55," Tricks without Treats",0,0,0,0,0,0,0,0,0,0,0,0,0,0,0,0,0,0,0,0,0,0,0,0
1963,2302,50,0,61413,55," For Moogles in Peril",0,0,0,0,0,0,0,0,0,0,0,0,0,0,0,0,0,0,0,0,0,0,0,0
1964,2303,50,0,61413,55," The Negotiator",0,0,0,0,0,0,0,0,0,0,0,0,0,0,0,0,0,0,0,0,0,0,0,0
1965,2304,50,0,61413,55," Back to the Drawing Board",0,0,0,0,0,0,0,0,0,0,0,0,0,0,0,0,0,0,0,0,0,0,0,0
1966,2305,50,0,61413,55," Built to Last",0,0,0,0,0,0,0,0,0,0,0,0,0,0,0,0,0,0,0,0,0,0,0,0
1967,2306,50,0,61413,55," Let There Be Light",0,0,0,0,0,0,0,0,0,0,0,0,0,0,0,0,0,0,0,0,0,0,0,0
1968,2307,50,0,61413,55," Rare Refreshments",0,0,0,0,0,0,0,0,0,0,0,0,0,0,0,0,0,0,0,0,0,0,0,0
1969,2308,50,0,61413,55," A Stone's Throw Away",0,0,0,0,0,0,0,0,0,0,0,0,0,0,0,0,0,0,0,0,0,0,0,0
1970,2309,50,0,61413,55," A Revivifying Roar",0,0,0,0,0,0,0,0,0,0,0,0,0,0,0,0,0,0,0,0,0,0,0,0
1971,2310,50,0,61413,55," Journey of a Thousand Hews",0,0,0,0,0,0,0,0,0,0,0,0,0,0,0,0,0,0,0,0,0,0,0,0
1972,2311,50,0,61413,55," Ship of Dreams",0,0,0,0,0,0,0,0,0,0,0,0,0,0,0,0,0,0,0,0,0,0,0,0
1973,2312,50,0,61413,55," Stirring by Sternutation",0,0,0,0,0,0,0,0,0,0,0,0,0,0,0,0,0,0,0,0,0,0,0,0
1974,2313,50,0,61413,55," Dragon Draff for Their Behalf",0,0,0,0,0,0,0,0,0,0,0,0,0,0,0,0,0,0,0,0,0,0,0,0
1975,2314,50,0,61413,55," A Fish for His Favors",0,0,0,0,0,0,0,0,0,0,0,0,0,0,0,0,0,0,0,0,0,0,0,0
1976,2315,50,0,61413,55," From Lax to Max",0,0,0,0,0,0,0,0,0,0,0,0,0,0,0,0,0,0,0,0,0,0,0,0
1977,2316,50,0,61413,55," An Ishgardian Treat",0,0,0,0,0,0,0,0,0,0,0,0,0,0,0,0,0,0,0,0,0,0,0,0
1978,2317,50,0,61413,55," Mine and Craft",0,0,0,0,0,0,0,0,0,0,0,0,0,0,0,0,0,0,0,0,0,0,0,0
1979,2318,50,0,61413,55," The Moogle Motivator",0,0,0,0,0,0,0,0,0,0,0,0,0,0,0,0,0,0,0,0,0,0,0,0
1980,2319,50,0,61413,55," Tremble Finishing",0,0,0,0,0,0,0,0,0,0,0,0,0,0,0,0,0,0,0,0,0,0,0,0
1981,0,0,0,0,0,"",0,0,0,0,0,0,0,0,0,0,0,0,0,0,0,0,0,0,0,0,0,0,0,0
1982,2973,60,0,61419,56," Heaven-sent",1653,1665,0,0,0,0,0,0,0,0,0,0,0,0,0,0,0,0,0,0,0,0,0,0
1983,2974,60,0,61419,56," Under Wraps",1656,0,0,0,0,0,0,0,0,0,0,0,0,0,0,0,0,0,0,0,0,0,0,0
1984,2975,60,0,61419,56," The Value of Silence",1657,0,0,0,0,0,0,0,0,0,0,0,0,0,0,0,0,0,0,0,0,0,0,0
1985,2976,60,0,61419,56," Misdelivered",1658,0,0,0,0,0,0,0,0,0,0,0,0,0,0,0,0,0,0,0,0,0,0,0
1986,2977,60,0,61419,56," A Test of Courage",1654,1655,1659,0,0,0,0,0,0,0,0,0,0,0,0,0,0,0,0,0,0,0,0,0
1987,2978,60,0,61419,56," True-blue",0,0,0,0,0,0,0,0,0,0,0,0,0,0,0,0,0,0,0,0,0,0,0,0
1988,2979,60,0,61413,57," Best Served Foul",0,0,0,0,0,0,0,0,0,0,0,0,0,0,0,0,0,0,0,0,0,0,0,0
1989,2980,60,0,61413,57," A Real Pearler",0,0,0,0,0,0,0,0,0,0,0,0,0,0,0,0,0,0,0,0,0,0,0,0
1990,2981,60,0,61413,57," You Have the Rite",0,0,0,0,0,0,0,0,0,0,0,0,0,0,0,0,0,0,0,0,0,0,0,0
1991,2982,60,0,61413,57," Krilled to Pieces",0,0,0,0,0,0,0,0,0,0,0,0,0,0,0,0,0,0,0,0,0,0,0,0
1992,2983,60,0,61413,57," Tonight We Dine in Shells",0,0,0,0,0,0,0,0,0,0,0,0,0,0,0,0,0,0,0,0,0,0,0,0
1993,2984,60,0,61413,57," Pickles of Partnership",0,0,0,0,0,0,0,0,0,0,0,0,0,0,0,0,0,0,0,0,0,0,0,0
1994,2985,60,0,61413,57," Little Kojin Lost",0,0,0,0,0,0,0,0,0,0,0,0,0,0,0,0,0,0,0,0,0,0,0,0
1995,2986,60,0,61413,57," Much at Steak",0,0,0,0,0,0,0,0,0,0,0,0,0,0,0,0,0,0,0,0,0,0,0,0
1996,2987,60,0,61413,57," Confused Courier",0,0,0,0,0,0,0,0,0,0,0,0,0,0,0,0,0,0,0,0,0,0,0,0
1997,2988,60,0,61413,57," Buoyant Bounty",0,0,0,0,0,0,0,0,0,0,0,0,0,0,0,0,0,0,0,0,0,0,0,0
1998,2989,60,0,61413,57," Anala-lyze This",0,0,0,0,0,0,0,0,0,0,0,0,0,0,0,0,0,0,0,0,0,0,0,0
1999,2990,60,0,61413,57," Sand-sifting Specialist",0,0,0,0,0,0,0,0,0,0,0,0,0,0,0,0,0,0,0,0,0,0,0,0
2000,2991,60,0,61413,57," Forever Blowing Bubbles",0,0,0,0,0,0,0,0,0,0,0,0,0,0,0,0,0,0,0,0,0,0,0,0
2001,2992,60,0,61413,57," No, Not the Boo Box",0,0,0,0,0,0,0,0,0,0,0,0,0,0,0,0,0,0,0,0,0,0,0,0
2002,2993,60,0,61413,57," Pleasure Doing Business",0,0,0,0,0,0,0,0,0,0,0,0,0,0,0,0,0,0,0,0,0,0,0,0
2003,2994,60,0,61413,57," Deep Turquoise Sea",0,0,0,0,0,0,0,0,0,0,0,0,0,0,0,0,0,0,0,0,0,0,0,0
2004,2995,60,0,61413,57," Holy Mother of Pearl",0,0,0,0,0,0,0,0,0,0,0,0,0,0,0,0,0,0,0,0,0,0,0,0
2005,2996,60,0,61413,57," Flotsam and Jetsam",0,0,0,0,0,0,0,0,0,0,0,0,0,0,0,0,0,0,0,0,0,0,0,0
2006,2997,60,0,61413,57," Clammed Up",0,0,0,0,0,0,0,0,0,0,0,0,0,0,0,0,0,0,0,0,0,0,0,0
2007,2998,60,0,61413,57," Tale of Roe",0,0,0,0,0,0,0,0,0,0,0,0,0,0,0,0,0,0,0,0,0,0,0,0
2008,2999,60,0,61413,57," You Blow It Up",0,0,0,0,0,0,0,0,0,0,0,0,0,0,0,0,0,0,0,0,0,0,0,0
2009,3000,60,0,61413,57," Tentacles of Trade",0,0,0,0,0,0,0,0,0,0,0,0,0,0,0,0,0,0,0,0,0,0,0,0
2010,3001,60,0,61413,57," The Hot-blooded Kojin",0,0,0,0,0,0,0,0,0,0,0,0,0,0,0,0,0,0,0,0,0,0,0,0
2011,3002,60,0,61413,57," Disciplinary Action",0,0,0,0,0,0,0,0,0,0,0,0,0,0,0,0,0,0,0,0,0,0,0,0
2012,3036,60,0,61419,58," Brooding Broodmother",1670,0,0,0,0,0,0,0,0,0,0,0,0,0,0,0,0,0,0,0,0,0,0,0
2013,3037,60,0,61419,58," Griffins Rampant",1667,1671,0,0,0,0,0,0,0,0,0,0,0,0,0,0,0,0,0,0,0,0,0,0
2014,3038,60,0,61419,58," Chance of Gales",1672,0,0,0,0,0,0,0,0,0,0,0,0,0,0,0,0,0,0,0,0,0,0,0
2015,3039,60,0,61419,58," It Can Be Cruel Sometimes",1673,0,0,0,0,0,0,0,0,0,0,0,0,0,0,0,0,0,0,0,0,0,0,0
2016,3040,60,0,61419,58," Schism between Sisters",1668,1674,0,0,0,0,0,0,0,0,0,0,0,0,0,0,0,0,0,0,0,0,0,0
2017,3041,60,0,61419,58," Celebratory Smorgasbord",1669,0,0,0,0,0,0,0,0,0,0,0,0,0,0,0,0,0,0,0,0,0,0,0
2018,3043,60,0,61413,59," A Real Fixer-upper",0,0,0,0,0,0,0,0,0,0,0,0,0,0,0,0,0,0,0,0,0,0,0,0
2019,3044,60,0,61413,59," A Sluggish Endeavor",0,0,0,0,0,0,0,0,0,0,0,0,0,0,0,0,0,0,0,0,0,0,0,0
2020,3045,60,0,61413,59," Deep-rooted Problems",0,0,0,0,0,0,0,0,0,0,0,0,0,0,0,0,0,0,0,0,0,0,0,0
2021,3046,60,0,61413,59," Beating the Heat",0,0,0,0,0,0,0,0,0,0,0,0,0,0,0,0,0,0,0,0,0,0,0,0
2022,3047,60,0,61413,59," Out for Delivery",0,0,0,0,0,0,0,0,0,0,0,0,0,0,0,0,0,0,0,0,0,0,0,0
2023,3048,60,0,61413,59," A Bit of Home Cooking",0,0,0,0,0,0,0,0,0,0,0,0,0,0,0,0,0,0,0,0,0,0,0,0
2024,3049,60,0,61413,59," Snack between Meals",0,0,0,0,0,0,0,0,0,0,0,0,0,0,0,0,0,0,0,0,0,0,0,0
2025,3050,60,0,61413,59," A Signal for the Senses",0,0,0,0,0,0,0,0,0,0,0,0,0,0,0,0,0,0,0,0,0,0,0,0
2026,3051,60,0,61413,59," Criminal Crossings",0,0,0,0,0,0,0,0,0,0,0,0,0,0,0,0,0,0,0,0,0,0,0,0
2027,3052,60,0,61413,59," When Feathers Fly",0,0,0,0,0,0,0,0,0,0,0,0,0,0,0,0,0,0,0,0,0,0,0,0
2028,3053,60,0,61413,59," Sparring Lesson",0,0,0,0,0,0,0,0,0,0,0,0,0,0,0,0,0,0,0,0,0,0,0,0
2029,3054,60,0,61413,59," Funnel and Games",0,0,0,0,0,0,0,0,0,0,0,0,0,0,0,0,0,0,0,0,0,0,0,0
2030,3055,60,0,61413,59," A Swarm Welcome",0,0,0,0,0,0,0,0,0,0,0,0,0,0,0,0,0,0,0,0,0,0,0,0
2031,3056,60,0,61413,59," Keeping an Eye off Things",0,0,0,0,0,0,0,0,0,0,0,0,0,0,0,0,0,0,0,0,0,0,0,0
2032,3042,60,0,61413,59," Have I Got News for You",0,0,0,0,0,0,0,0,0,0,0,0,0,0,0,0,0,0,0,0,0,0,0,0
2033,3058,60,0,61413,59," The Very Hungry Marid",0,0,0,0,0,0,0,0,0,0,0,0,0,0,0,0,0,0,0,0,0,0,0,0
2034,3059,60,0,61413,59," The Antlion's Share",0,0,0,0,0,0,0,0,0,0,0,0,0,0,0,0,0,0,0,0,0,0,0,0
2035,3060,60,0,61413,59," Hearts of Precious Stone",0,0,0,0,0,0,0,0,0,0,0,0,0,0,0,0,0,0,0,0,0,0,0,0
2036,3061,60,0,61413,59," Ants in the Pants",0,0,0,0,0,0,0,0,0,0,0,0,0,0,0,0,0,0,0,0,0,0,0,0
2037,3062,60,0,61413,59," Up Sheet Creek",0,0,0,0,0,0,0,0,0,0,0,0,0,0,0,0,0,0,0,0,0,0,0,0
2038,3063,60,0,61413,59," Let There Be Lard",0,0,0,0,0,0,0,0,0,0,0,0,0,0,0,0,0,0,0,0,0,0,0,0
2039,3057,60,0,61413,59," Bhoot Camps",0,0,0,0,0,0,0,0,0,0,0,0,0,0,0,0,0,0,0,0,0,0,0,0
2040,3064,60,0,61413,59," Thin-skinned",0,0,0,0,0,0,0,0,0,0,0,0,0,0,0,0,0,0,0,0,0,0,0,0
2041,3065,60,0,61413,59," A Delicate Operation",0,0,0,0,0,0,0,0,0,0,0,0,0,0,0,0,0,0,0,0,0,0,0,0
2042,3066,60,0,61413,59," A Business Proposal",0,0,0,0,0,0,0,0,0,0,0,0,0,0,0,0,0,0,0,0,0,0,0,0
2043,3067,60,0,61413,59," For Fast, Temporary Relief",0,0,0,0,0,0,0,0,0,0,0,0,0,0,0,0,0,0,0,0,0,0,0,0
2044,3068,60,0,61413,59," Soothing the Sting",0,0,0,0,0,0,0,0,0,0,0,0,0,0,0,0,0,0,0,0,0,0,0,0
2045,3069,60,0,61413,59," Catching and Fletching",0,0,0,0,0,0,0,0,0,0,0,0,0,0,0,0,0,0,0,0,0,0,0,0
2046,3096,60,0,61419,60,"Something Fishy This Way Comes",1754,0,0,0,0,0,0,0,0,0,0,0,0,0,0,0,0,0,0,0,0,0,0,0
2047,3097,60,0,61419,60," One Size Fits All",1757,0,0,0,0,0,0,0,0,0,0,0,0,0,0,0,0,0,0,0,0,0,0,0
2048,3098,60,0,61419,60," Big, Big Fish",1758,0,0,0,0,0,0,0,0,0,0,0,0,0,0,0,0,0,0,0,0,0,0,0
2049,3099,60,0,61419,60," Waiting for Gyodo",1759,0,0,0,0,0,0,0,0,0,0,0,0,0,0,0,0,0,0,0,0,0,0,0
2050,3100,60,0,61419,60," Out of the Frypan",1760,0,0,0,0,0,0,0,0,0,0,0,0,0,0,0,0,0,0,0,0,0,0,0
2051,3101,60,0,61419,60," Into the Fire",1755,1761,0,0,0,0,0,0,0,0,0,0,0,0,0,0,0,0,0,0,0,0,0,0
2052,3102,60,0,61419,60," Disciples of Creation",1756,0,0,0,0,0,0,0,0,0,0,0,0,0,0,0,0,0,0,0,0,0,0,0
2053,3103,60,0,61413,61," The Importance of Being Yes, Yes",0,0,0,0,0,0,0,0,0,0,0,0,0,0,0,0,0,0,0,0,0,0,0,0
2054,3104,60,0,61413,61," Pilgrim's Regress",0,0,0,0,0,0,0,0,0,0,0,0,0,0,0,0,0,0,0,0,0,0,0,0
2055,3105,60,0,61413,61," Unidentified Festive Objects",0,0,0,0,0,0,0,0,0,0,0,0,0,0,0,0,0,0,0,0,0,0,0,0
2056,3106,60,0,61413,61," Carry That Crate",0,0,0,0,0,0,0,0,0,0,0,0,0,0,0,0,0,0,0,0,0,0,0,0
2057,3107,60,0,61413,61," Free for Most",0,0,0,0,0,0,0,0,0,0,0,0,0,0,0,0,0,0,0,0,0,0,0,0
2058,3108,60,0,61413,61," Simpler Gifts",0,0,0,0,0,0,0,0,0,0,0,0,0,0,0,0,0,0,0,0,0,0,0,0
2059,3109,60,0,61413,61," Catching Catfish",0,0,0,0,0,0,0,0,0,0,0,0,0,0,0,0,0,0,0,0,0,0,0,0
2060,3110,60,0,61413,61," Wood You Believe It",0,0,0,0,0,0,0,0,0,0,0,0,0,0,0,0,0,0,0,0,0,0,0,0
2061,3111,60,0,61413,61," Ghosts of Honor",0,0,0,0,0,0,0,0,0,0,0,0,0,0,0,0,0,0,0,0,0,0,0,0
2062,3113,60,0,61413,61," Great Buuz Up",0,0,0,0,0,0,0,0,0,0,0,0,0,0,0,0,0,0,0,0,0,0,0,0
2063,3114,60,0,61413,61," Local Special Tea",0,0,0,0,0,0,0,0,0,0,0,0,0,0,0,0,0,0,0,0,0,0,0,0
2064,3120,60,0,61413,61," Surprise Offerings",0,0,0,0,0,0,0,0,0,0,0,0,0,0,0,0,0,0,0,0,0,0,0,0
2065,3112,60,0,61413,61," Carving a Niche",0,0,0,0,0,0,0,0,0,0,0,0,0,0,0,0,0,0,0,0,0,0,0,0
2066,3115,60,0,61413,61," Collision of Cultures",0,0,0,0,0,0,0,0,0,0,0,0,0,0,0,0,0,0,0,0,0,0,0,0
2067,3117,60,0,61413,61," Beat of the Drum",0,0,0,0,0,0,0,0,0,0,0,0,0,0,0,0,0,0,0,0,0,0,0,0
2068,3119,60,0,61413,61," Ready the Confetti",0,0,0,0,0,0,0,0,0,0,0,0,0,0,0,0,0,0,0,0,0,0,0,0
2069,3121,60,0,61413,61," Bearers Wanted",0,0,0,0,0,0,0,0,0,0,0,0,0,0,0,0,0,0,0,0,0,0,0,0
2070,3122,60,0,61413,61," Roasting a New Dish",0,0,0,0,0,0,0,0,0,0,0,0,0,0,0,0,0,0,0,0,0,0,0,0
2071,3127,60,0,61413,61," In Steep Trouble",0,0,0,0,0,0,0,0,0,0,0,0,0,0,0,0,0,0,0,0,0,0,0,0
2072,3116,60,0,61413,61," A Stable's Condition",0,0,0,0,0,0,0,0,0,0,0,0,0,0,0,0,0,0,0,0,0,0,0,0
2073,3118,60,0,61413,61," Cannot Say Neigh",0,0,0,0,0,0,0,0,0,0,0,0,0,0,0,0,0,0,0,0,0,0,0,0
2074,3124,60,0,61413,61," Bull's-eye",0,0,0,0,0,0,0,0,0,0,0,0,0,0,0,0,0,0,0,0,0,0,0,0
2075,3126,60,0,61413,61," A Favor Repaid",0,0,0,0,0,0,0,0,0,0,0,0,0,0,0,0,0,0,0,0,0,0,0,0
2076,3128,60,0,61413,61," A Welcome Surprise",0,0,0,0,0,0,0,0,0,0,0,0,0,0,0,0,0,0,0,0,0,0,0,0
2077,3130,60,0,61413,61," Overcommitment",0,0,0,0,0,0,0,0,0,0,0,0,0,0,0,0,0,0,0,0,0,0,0,0
2078,3123,60,0,61413,61," Give till It Hurts",0,0,0,0,0,0,0,0,0,0,0,0,0,0,0,0,0,0,0,0,0,0,0,0
2079,3125,60,0,61413,61," Taking the Plunge",0,0,0,0,0,0,0,0,0,0,0,0,0,0,0,0,0,0,0,0,0,0,0,0
2080,3129,60,0,61413,61," The Deadliest Sport",0,0,0,0,0,0,0,0,0,0,0,0,0,0,0,0,0,0,0,0,0,0,0,0
2081,3683,70,0,61419,62," Manic Pixie Dream Realm",2205,2207,0,0,0,0,0,0,0,0,0,0,0,0,0,0,0,0,0,0,0,0,0,0
2082,3684,70,0,61419,62," Sustenance for the Soul",2208,0,0,0,0,0,0,0,0,0,0,0,0,0,0,0,0,0,0,0,0,0,0,0
2083,3685,70,0,61419,62," The Heart's Oasis",2209,0,0,0,0,0,0,0,0,0,0,0,0,0,0,0,0,0,0,0,0,0,0,0
2084,3686,70,0,61419,62," A Cry from the Ashes",2210,0,0,0,0,0,0,0,0,0,0,0,0,0,0,0,0,0,0,0,0,0,0,0
2085,3687,70,0,61419,62," As the Heart Bids",2229,2231,2206,2211,0,0,0,0,0,0,0,0,0,0,0,0,0,0,0,0,0,0,0,0
2086,3688,70,0,61419,62," Forever and a Dream",0,0,0,0,0,0,0,0,0,0,0,0,0,0,0,0,0,0,0,0,0,0,0,0
2087,3689,70,0,61413,63," Where There's Wool, There's a Way",0,0,0,0,0,0,0,0,0,0,0,0,0,0,0,0,0,0,0,0,0,0,0,0
2088,3690,70,0,61413,63," A Flowery Frolic",0,0,0,0,0,0,0,0,0,0,0,0,0,0,0,0,0,0,0,0,0,0,0,0
2089,3691,70,0,61413,63," Sharing Is Caring",0,0,0,0,0,0,0,0,0,0,0,0,0,0,0,0,0,0,0,0,0,0,0,0
2090,3692,70,0,61413,63," The Aesthetician of Il Mheg",0,0,0,0,0,0,0,0,0,0,0,0,0,0,0,0,0,0,0,0,0,0,0,0
2091,3693,70,0,61413,63," Sweet as Honey",0,0,0,0,0,0,0,0,0,0,0,0,0,0,0,0,0,0,0,0,0,0,0,0
2092,3694,70,0,61413,63," I Dream of Shinies",0,0,0,0,0,0,0,0,0,0,0,0,0,0,0,0,0,0,0,0,0,0,0,0
2093,3695,70,0,61413,63," The Wonder of Witchweed",0,0,0,0,0,0,0,0,0,0,0,0,0,0,0,0,0,0,0,0,0,0,0,0
2094,3696,70,0,61413,63," Of Marvelous Mallow",0,0,0,0,0,0,0,0,0,0,0,0,0,0,0,0,0,0,0,0,0,0,0,0
2095,3697,70,0,61413,63," The Moss Fungus Menace",0,0,0,0,0,0,0,0,0,0,0,0,0,0,0,0,0,0,0,0,0,0,0,0
2096,3698,70,0,61413,63," Porxine Perfection",0,0,0,0,0,0,0,0,0,0,0,0,0,0,0,0,0,0,0,0,0,0,0,0
2097,3699,70,0,61413,63," The Big Sleep",0,0,0,0,0,0,0,0,0,0,0,0,0,0,0,0,0,0,0,0,0,0,0,0
2098,3700,70,0,61413,63," Best of Boat Worlds",0,0,0,0,0,0,0,0,0,0,0,0,0,0,0,0,0,0,0,0,0,0,0,0
2099,3701,70,0,61413,63," Amazing Graze",0,0,0,0,0,0,0,0,0,0,0,0,0,0,0,0,0,0,0,0,0,0,0,0
2100,3702,70,0,61413,63," Pure Imagination",0,0,0,0,0,0,0,0,0,0,0,0,0,0,0,0,0,0,0,0,0,0,0,0
2101,3703,70,0,61413,63," Raiders of the Lost Pork",0,0,0,0,0,0,0,0,0,0,0,0,0,0,0,0,0,0,0,0,0,0,0,0
2102,3704,70,0,61413,63," Pebble without a Cause",0,0,0,0,0,0,0,0,0,0,0,0,0,0,0,0,0,0,0,0,0,0,0,0
2103,3705,70,0,61413,63," There's Always a Stupider Fish",0,0,0,0,0,0,0,0,0,0,0,0,0,0,0,0,0,0,0,0,0,0,0,0
2104,3706,70,0,61413,63," Bring Your Water to the Slaughter",0,0,0,0,0,0,0,0,0,0,0,0,0,0,0,0,0,0,0,0,0,0,0,0
2105,3707,70,0,61413,63," Not the Beavers",0,0,0,0,0,0,0,0,0,0,0,0,0,0,0,0,0,0,0,0,0,0,0,0
2106,3708,70,0,61413,63," The Once and Future Marchioness",0,0,0,0,0,0,0,0,0,0,0,0,0,0,0,0,0,0,0,0,0,0,0,0
2107,3709,70,0,61413,63," No Accounting for Taste",0,0,0,0,0,0,0,0,0,0,0,0,0,0,0,0,0,0,0,0,0,0,0,0
2108,3710,70,0,61413,63," What the Phooka",0,0,0,0,0,0,0,0,0,0,0,0,0,0,0,0,0,0,0,0,0,0,0,0
2109,3711,70,0,61413,63," No Grown-ups Allowed",0,0,0,0,0,0,0,0,0,0,0,0,0,0,0,0,0,0,0,0,0,0,0,0
2110,3712,70,0,61413,63," Pride-and-Seek",0,0,0,0,0,0,0,0,0,0,0,0,0,0,0,0,0,0,0,0,0,0,0,0
2111,3713,70,0,61413,63," A Porxie Before Swine",0,0,0,0,0,0,0,0,0,0,0,0,0,0,0,0,0,0,0,0,0,0,0,0
2112,3714,70,0,61413,63," Snot My Problem",0,0,0,0,0,0,0,0,0,0,0,0,0,0,0,0,0,0,0,0,0,0,0,0
2113,3715,70,0,61413,63," Aim High",0,0,0,0,0,0,0,0,0,0,0,0,0,0,0,0,0,0,0,0,0,0,0,0
2114,3716,70,0,61413,63," The Chaser",0,0,0,0,0,0,0,0,0,0,0,0,0,0,0,0,0,0,0,0,0,0,0,0
2115,3794,70,0,61419,64," The Stewards of Note",2269,2264,0,0,0,0,0,0,0,0,0,0,0,0,0,0,0,0,0,0,0,0,0,0
2116,3795,70,0,61419,64," Wisdom of the Night",2270,0,0,0,0,0,0,0,0,0,0,0,0,0,0,0,0,0,0,0,0,0,0,0
2117,3800,70,0,61419,64," The First Stela: Of Ronkan Might",2265,0,0,0,0,0,0,0,0,0,0,0,0,0,0,0,0,0,0,0,0,0,0,0
2118,3801,70,0,61419,64," The First Stela: Of Ronkan Benevolence",2265,0,0,0,0,0,0,0,0,0,0,0,0,0,0,0,0,0,0,0,0,0,0,0
2119,3796,70,0,61419,64," Delving Deeper",2307,0,0,0,0,0,0,0,0,0,0,0,0,0,0,0,0,0,0,0,0,0,0,0
2120,3802,70,0,61419,64," The Second Stela: The Hunters and the Hunted",2266,0,0,0,0,0,0,0,0,0,0,0,0,0,0,0,0,0,0,0,0,0,0,0
2121,3803,70,0,61419,64," The Second Stela: Fast Friends",2266,0,0,0,0,0,0,0,0,0,0,0,0,0,0,0,0,0,0,0,0,0,0,0
2122,3797,70,0,61419,64," A Chilling Fate",2308,0,0,0,0,0,0,0,0,0,0,0,0,0,0,0,0,0,0,0,0,0,0,0
2123,3804,70,0,61419,64," The Third Stela: A Famine for Fishmen",2267,0,0,0,0,0,0,0,0,0,0,0,0,0,0,0,0,0,0,0,0,0,0,0
2124,3805,70,0,61419,64," The Third Stela: A Feast for Fishmen",2267,0,0,0,0,0,0,0,0,0,0,0,0,0,0,0,0,0,0,0,0,0,0,0
2125,3798,70,0,61419,64," What Ails the Forest",2309,2268,0,0,0,0,0,0,0,0,0,0,0,0,0,0,0,0,0,0,0,0,0,0
2126,3799,70,0,61419,64," Glory Be to the Scree",2271,0,0,0,0,0,0,0,0,0,0,0,0,0,0,0,0,0,0,0,0,0,0,0
2127,3806,70,0,61413,65," A Tool's Errand",0,0,0,0,0,0,0,0,0,0,0,0,0,0,0,0,0,0,0,0,0,0,0,0
2128,3807,70,0,61413,65," Where the Sun Don't Shine",0,0,0,0,0,0,0,0,0,0,0,0,0,0,0,0,0,0,0,0,0,0,0,0
2129,3808,70,0,61413,65," A Touch of Home",0,0,0,0,0,0,0,0,0,0,0,0,0,0,0,0,0,0,0,0,0,0,0,0
2130,3809,70,0,61413,65," Mother's Recipe",0,0,0,0,0,0,0,0,0,0,0,0,0,0,0,0,0,0,0,0,0,0,0,0
2131,3810,70,0,61413,65," Power to the Vegetables",0,0,0,0,0,0,0,0,0,0,0,0,0,0,0,0,0,0,0,0,0,0,0,0
2132,3811,70,0,61413,65," Rational Thinking",0,0,0,0,0,0,0,0,0,0,0,0,0,0,0,0,0,0,0,0,0,0,0,0
2133,3812,70,0,61413,65," Making Scents",0,0,0,0,0,0,0,0,0,0,0,0,0,0,0,0,0,0,0,0,0,0,0,0
2134,3813,70,0,61413,65," Marks of Friendship",0,0,0,0,0,0,0,0,0,0,0,0,0,0,0,0,0,0,0,0,0,0,0,0
2135,3814,70,0,61413,65," Prayers and Poison",0,0,0,0,0,0,0,0,0,0,0,0,0,0,0,0,0,0,0,0,0,0,0,0
2136,3815,70,0,61413,65," Salve Our Souls",0,0,0,0,0,0,0,0,0,0,0,0,0,0,0,0,0,0,0,0,0,0,0,0
2137,3816,70,0,61413,65," Rings of Pattern",0,0,0,0,0,0,0,0,0,0,0,0,0,0,0,0,0,0,0,0,0,0,0,0
2138,3817,70,0,61413,65," You Dirty Rats",0,0,0,0,0,0,0,0,0,0,0,0,0,0,0,0,0,0,0,0,0,0,0,0
2139,3818,70,0,61413,65," If It's Broke, Fix It",0,0,0,0,0,0,0,0,0,0,0,0,0,0,0,0,0,0,0,0,0,0,0,0
2140,3819,70,0,61413,65," La-hee",0,0,0,0,0,0,0,0,0,0,0,0,0,0,0,0,0,0,0,0,0,0,0,0
2141,3820,70,0,61413,65," The Qitari Book of Records",0,0,0,0,0,0,0,0,0,0,0,0,0,0,0,0,0,0,0,0,0,0,0,0
2142,3821,70,0,61413,65," Meat and Greet",0,0,0,0,0,0,0,0,0,0,0,0,0,0,0,0,0,0,0,0,0,0,0,0
2143,3822,70,0,61413,65," I Have Never Exploded",0,0,0,0,0,0,0,0,0,0,0,0,0,0,0,0,0,0,0,0,0,0,0,0
2144,3823,70,0,61413,65," By the Power Invested in Scree",0,0,0,0,0,0,0,0,0,0,0,0,0,0,0,0,0,0,0,0,0,0,0,0
2145,3824,70,0,61413,65," Rock 'n Ronka",0,0,0,0,0,0,0,0,0,0,0,0,0,0,0,0,0,0,0,0,0,0,0,0
2146,3825,70,0,61413,65," There's No Clean Like Qhoterl Clean",0,0,0,0,0,0,0,0,0,0,0,0,0,0,0,0,0,0,0,0,0,0,0,0
2147,3826,70,0,61413,65," Legends of the Ronkan Temple",0,0,0,0,0,0,0,0,0,0,0,0,0,0,0,0,0,0,0,0,0,0,0,0
2148,3827,70,0,61413,65," Her Splendid Materials",0,0,0,0,0,0,0,0,0,0,0,0,0,0,0,0,0,0,0,0,0,0,0,0
2149,3828,70,0,61413,65," Splendid Eats",0,0,0,0,0,0,0,0,0,0,0,0,0,0,0,0,0,0,0,0,0,0,0,0
2150,3829,70,0,61413,65," Eggspotting",0,0,0,0,0,0,0,0,0,0,0,0,0,0,0,0,0,0,0,0,0,0,0,0
2151,3830,70,0,61413,65," Safety Is No Accident",0,0,0,0,0,0,0,0,0,0,0,0,0,0,0,0,0,0,0,0,0,0,0,0
2152,3831,70,0,61413,65," One Fish, Two Fish, Bread Fish, Stew Fish",0,0,0,0,0,0,0,0,0,0,0,0,0,0,0,0,0,0,0,0,0,0,0,0
2153,3832,70,0,61413,65," Serpent's Will Be Done",0,0,0,0,0,0,0,0,0,0,0,0,0,0,0,0,0,0,0,0,0,0,0,0
2154,3833,70,0,61413,65," Qhoterl's Chronicles",0,0,0,0,0,0,0,0,0,0,0,0,0,0,0,0,0,0,0,0,0,0,0,0
2155,3896,70,0,61419,66," It's Dwarfin' Time",2353,2356,0,0,0,0,0,0,0,0,0,0,0,0,0,0,0,0,0,0,0,0,0,0
2156,3897,70,0,61419,66," A Piss-up in a Brewery",2357,0,0,0,0,0,0,0,0,0,0,0,0,0,0,0,0,0,0,0,0,0,0,0
2157,3898,70,0,61419,66," I Heard You Like Tanks",2358,0,0,0,0,0,0,0,0,0,0,0,0,0,0,0,0,0,0,0,0,0,0,0
2158,3899,70,0,61419,66," Tanking Is Hard",2359,0,0,0,0,0,0,0,0,0,0,0,0,0,0,0,0,0,0,0,0,0,0,0
2159,3900,70,0,61419,66," Chief Concerns",2360,2354,0,0,0,0,0,0,0,0,0,0,0,0,0,0,0,0,0,0,0,0,0,0
2160,3901,70,0,61419,66," Tanks for the Memory",2355,0,0,0,0,0,0,0,0,0,0,0,0,0,0,0,0,0,0,0,0,0,0,0
2161,3902,70,0,61413,67," Lakeland Neighbors",0,0,0,0,0,0,0,0,0,0,0,0,0,0,0,0,0,0,0,0,0,0,0,0
2162,3903,70,0,61413,67," Clean Beard, Clear Mind",0,0,0,0,0,0,0,0,0,0,0,0,0,0,0,0,0,0,0,0,0,0,0,0
2163,3904,70,0,61413,67," Quality Parts, Guaranteed",0,0,0,0,0,0,0,0,0,0,0,0,0,0,0,0,0,0,0,0,0,0,0,0
2164,3905,70,0,61413,67," The New Batch",0,0,0,0,0,0,0,0,0,0,0,0,0,0,0,0,0,0,0,0,0,0,0,0
2165,3906,70,0,61413,67," The Telltale Axles",0,0,0,0,0,0,0,0,0,0,0,0,0,0,0,0,0,0,0,0,0,0,0,0
2166,3907,70,0,61413,67," A Blueprint a Day",0,0,0,0,0,0,0,0,0,0,0,0,0,0,0,0,0,0,0,0,0,0,0,0
2167,3908,70,0,61413,67," Foundations of Steel",0,0,0,0,0,0,0,0,0,0,0,0,0,0,0,0,0,0,0,0,0,0,0,0
2168,3909,70,0,61413,67," How Do You Do, Fellow Dwarves",0,0,0,0,0,0,0,0,0,0,0,0,0,0,0,0,0,0,0,0,0,0,0,0
2169,3910,70,0,61413,67," Wood for What Ales You",0,0,0,0,0,0,0,0,0,0,0,0,0,0,0,0,0,0,0,0,0,0,0,0
2170,3911,70,0,61413,67," The Heart of Tankiness",0,0,0,0,0,0,0,0,0,0,0,0,0,0,0,0,0,0,0,0,0,0,0,0
2171,3912,70,0,61413,67," Boom and Dust",0,0,0,0,0,0,0,0,0,0,0,0,0,0,0,0,0,0,0,0,0,0,0,0
2172,3913,70,0,61413,67," One Hundred Tankards of Solitude",0,0,0,0,0,0,0,0,0,0,0,0,0,0,0,0,0,0,0,0,0,0,0,0
2173,3914,70,0,61413,67," Cooler Tanks Prevail",0,0,0,0,0,0,0,0,0,0,0,0,0,0,0,0,0,0,0,0,0,0,0,0
2174,3915,70,0,61413,67," What's in a Locket",0,0,0,0,0,0,0,0,0,0,0,0,0,0,0,0,0,0,0,0,0,0,0,0
2175,3916,70,0,61413,67," Wayward 'Tons",0,0,0,0,0,0,0,0,0,0,0,0,0,0,0,0,0,0,0,0,0,0,0,0
2176,3917,70,0,61413,67," Taking the Heat",0,0,0,0,0,0,0,0,0,0,0,0,0,0,0,0,0,0,0,0,0,0,0,0
2177,3918,70,0,61413,67," Sealing the Deal",0,0,0,0,0,0,0,0,0,0,0,0,0,0,0,0,0,0,0,0,0,0,0,0
2178,3919,70,0,61413,67," Spreading the Word",0,0,0,0,0,0,0,0,0,0,0,0,0,0,0,0,0,0,0,0,0,0,0,0
2179,3920,70,0,61413,67," Targets Required",0,0,0,0,0,0,0,0,0,0,0,0,0,0,0,0,0,0,0,0,0,0,0,0
2180,3921,70,0,61413,67," Unbreakable Plate",0,0,0,0,0,0,0,0,0,0,0,0,0,0,0,0,0,0,0,0,0,0,0,0
2181,3922,70,0,61413,67," Close to Clearmeltdown",0,0,0,0,0,0,0,0,0,0,0,0,0,0,0,0,0,0,0,0,0,0,0,0
2182,3923,70,0,61413,67," Demolition Demo",0,0,0,0,0,0,0,0,0,0,0,0,0,0,0,0,0,0,0,0,0,0,0,0
2183,3924,70,0,61413,67," A Crude Awakening",0,0,0,0,0,0,0,0,0,0,0,0,0,0,0,0,0,0,0,0,0,0,0,0
2184,3925,70,0,61413,67," Fast and Loud",0,0,0,0,0,0,0,0,0,0,0,0,0,0,0,0,0,0,0,0,0,0,0,0
2185,3926,70,0,61413,67," Not for Drinking",0,0,0,0,0,0,0,0,0,0,0,0,0,0,0,0,0,0,0,0,0,0,0,0
2186,3927,70,0,61413,67," Remote Repairs",0,0,0,0,0,0,0,0,0,0,0,0,0,0,0,0,0,0,0,0,0,0,0,0
2187,3928,70,0,61413,67," Tip-top Gear",0,0,0,0,0,0,0,0,0,0,0,0,0,0,0,0,0,0,0,0,0,0,0,0
2188,3929,70,0,61413,67," Substitute Tester",0,0,0,0,0,0,0,0,0,0,0,0,0,0,0,0,0,0,0,0,0,0,0,0
2189,4545,80,0,61419,68," Hippos Born to Run",2843,2838,0,0,0,0,0,0,0,0,0,0,0,0,0,0,0,0,0,0,0,0,0,0
2190,4546,80,0,61419,68," A Pachyderm's Promptitude",2839,0,0,0,0,0,0,0,0,0,0,0,0,0,0,0,0,0,0,0,0,0,0,0
2191,4547,80,0,61419,68," Hippo Healing",2840,0,0,0,0,0,0,0,0,0,0,0,0,0,0,0,0,0,0,0,0,0,0,0
2192,4548,80,0,61419,68," Defiant Ogul, Deified!",2841,0,0,0,0,0,0,0,0,0,0,0,0,0,0,0,0,0,0,0,0,0,0,0
2193,4549,80,0,61419,68," Leader to Leader",2844,2842,0,0,0,0,0,0,0,0,0,0,0,0,0,0,0,0,0,0,0,0,0,0
2194,4550,80,0,61419,68," The Hippo Riders",0,0,0,0,0,0,0,0,0,0,0,0,0,0,0,0,0,0,0,0,0,0,0,0
2195,4551,80,0,61413,69," Ridin' Flyers for Flyin' Riders",0,0,0,0,0,0,0,0,0,0,0,0,0,0,0,0,0,0,0,0,0,0,0,0
2196,4552,80,0,61413,69," Deal by the Docks",0,0,0,0,0,0,0,0,0,0,0,0,0,0,0,0,0,0,0,0,0,0,0,0
2197,4553,80,0,61413,69," Do It for the Vine",0,0,0,0,0,0,0,0,0,0,0,0,0,0,0,0,0,0,0,0,0,0,0,0
2198,4554,80,0,61413,69," Missing Rider",0,0,0,0,0,0,0,0,0,0,0,0,0,0,0,0,0,0,0,0,0,0,0,0
2199,4555,80,0,61413,69," Flowers for Sanduruva",0,0,0,0,0,0,0,0,0,0,0,0,0,0,0,0,0,0,0,0,0,0,0,0
2200,4556,80,0,61413,69," Anxious Rookie",0,0,0,0,0,0,0,0,0,0,0,0,0,0,0,0,0,0,0,0,0,0,0,0
2201,4557,80,0,61413,69," Gulal Generosity",0,0,0,0,0,0,0,0,0,0,0,0,0,0,0,0,0,0,0,0,0,0,0,0
2202,4558,80,0,61413,69," Essential Eggredients",0,0,0,0,0,0,0,0,0,0,0,0,0,0,0,0,0,0,0,0,0,0,0,0
2203,4559,80,0,61413,69," Darling Defender",0,0,0,0,0,0,0,0,0,0,0,0,0,0,0,0,0,0,0,0,0,0,0,0
2204,4560,80,0,61413,69," Bloomin' Ocean",0,0,0,0,0,0,0,0,0,0,0,0,0,0,0,0,0,0,0,0,0,0,0,0
2205,4561,80,0,61413,69," Fresh Eats and Ripe Sweets",0,0,0,0,0,0,0,0,0,0,0,0,0,0,0,0,0,0,0,0,0,0,0,0
2206,4562,80,0,61413,69," Waste Not, Want None of That",0,0,0,0,0,0,0,0,0,0,0,0,0,0,0,0,0,0,0,0,0,0,0,0
2207,4563,80,0,61413,69," Seedy Affair",0,0,0,0,0,0,0,0,0,0,0,0,0,0,0,0,0,0,0,0,0,0,0,0
2208,4564,80,0,61413,69," Olfactory Warfare",0,0,0,0,0,0,0,0,0,0,0,0,0,0,0,0,0,0,0,0,0,0,0,0
2209,4565,80,0,61413,69," Ridin' Hazards",0,0,0,0,0,0,0,0,0,0,0,0,0,0,0,0,0,0,0,0,0,0,0,0
2210,4566,80,0,61413,69," Hippo Scrub",0,0,0,0,0,0,0,0,0,0,0,0,0,0,0,0,0,0,0,0,0,0,0,0
2211,4567,80,0,61413,69," Vanaspati's Blessing",0,0,0,0,0,0,0,0,0,0,0,0,0,0,0,0,0,0,0,0,0,0,0,0
2212,4568,80,0,61413,69," Hells Hath No Fury as a Hippo Scorned",0,0,0,0,0,0,0,0,0,0,0,0,0,0,0,0,0,0,0,0,0,0,0,0
2213,4569,80,0,61413,69," Tusk Trouble",0,0,0,0,0,0,0,0,0,0,0,0,0,0,0,0,0,0,0,0,0,0,0,0
2214,4570,80,0,61413,69," Patching Up",0,0,0,0,0,0,0,0,0,0,0,0,0,0,0,0,0,0,0,0,0,0,0,0
2215,4571,80,0,61413,69," A Hippo's Best Friend",0,0,0,0,0,0,0,0,0,0,0,0,0,0,0,0,0,0,0,0,0,0,0,0
2216,4572,80,0,61413,69," An Explosive Brew",0,0,0,0,0,0,0,0,0,0,0,0,0,0,0,0,0,0,0,0,0,0,0,0
2217,4573,80,0,61413,69," Gathering Moss",0,0,0,0,0,0,0,0,0,0,0,0,0,0,0,0,0,0,0,0,0,0,0,0
2218,4574,80,0,61413,69," Blood from a Stonemason",0,0,0,0,0,0,0,0,0,0,0,0,0,0,0,0,0,0,0,0,0,0,0,0
2219,4575,80,0,61413,69," A Radiant Delivery",0,0,0,0,0,0,0,0,0,0,0,0,0,0,0,0,0,0,0,0,0,0,0,0
2220,4576,80,0,61413,69," Like a Crate to Water",0,0,0,0,0,0,0,0,0,0,0,0,0,0,0,0,0,0,0,0,0,0,0,0
2221,4577,80,0,61413,69," Manusyan for a Day",0,0,0,0,0,0,0,0,0,0,0,0,0,0,0,0,0,0,0,0,0,0,0,0
2222,4578,80,0,61413,69," Steep the Legs",0,0,0,0,0,0,0,0,0,0,0,0,0,0,0,0,0,0,0,0,0,0,0,0
2223,4601,80,0,61419,70," The Café at the End of the Universe",2932,2934,0,0,0,0,0,0,0,0,0,0,0,0,0,0,0,0,0,0,0,0,0,0
2224,4602,80,0,61419,70," Longing So for All the Fish",2935,0,0,0,0,0,0,0,0,0,0,0,0,0,0,0,0,0,0,0,0,0,0,0
2225,4603,80,0,61419,70," And Another Question...",2936,0,0,0,0,0,0,0,0,0,0,0,0,0,0,0,0,0,0,0,0,0,0,0
2226,4604,80,0,61419,70," The Restaurateur's Guide to the Dragonstar",2937,0,0,0,0,0,0,0,0,0,0,0,0,0,0,0,0,0,0,0,0,0,0,0
2227,4605,80,0,61419,70," Mostly Heartless",2938,0,0,0,0,0,0,0,0,0,0,0,0,0,0,0,0,0,0,0,0,0,0,0
2228,4606,80,0,61419,70," Life, the Universe, and Coffee Beans",2933,0,0,0,0,0,0,0,0,0,0,0,0,0,0,0,0,0,0,0,0,0,0,0
2229,4607,80,0,61413,71," Signs of the Past",0,0,0,0,0,0,0,0,0,0,0,0,0,0,0,0,0,0,0,0,0,0,0,0
2230,4608,80,0,61413,71," Coffee Talk",0,0,0,0,0,0,0,0,0,0,0,0,0,0,0,0,0,0,0,0,0,0,0,0
2231,4609,80,0,61413,71," Well Below Standard",0,0,0,0,0,0,0,0,0,0,0,0,0,0,0,0,0,0,0,0,0,0,0,0
2232,4610,80,0,61413,71," A Brewing Reputation",0,0,0,0,0,0,0,0,0,0,0,0,0,0,0,0,0,0,0,0,0,0,0,0
2233,4611,80,0,61413,71," Grounds for Improvement",0,0,0,0,0,0,0,0,0,0,0,0,0,0,0,0,0,0,0,0,0,0,0,0
2234,4612,80,0,61413,71," A Fertile Blend",0,0,0,0,0,0,0,0,0,0,0,0,0,0,0,0,0,0,0,0,0,0,0,0
2235,4613,80,0,61413,71," The Hunger Pangs",0,0,0,0,0,0,0,0,0,0,0,0,0,0,0,0,0,0,0,0,0,0,0,0
2236,4614,80,0,61413,71," The Robot and the Sea",0,0,0,0,0,0,0,0,0,0,0,0,0,0,0,0,0,0,0,0,0,0,0,0
2237,4615,80,0,61413,71," Using Their Heads",0,0,0,0,0,0,0,0,0,0,0,0,0,0,0,0,0,0,0,0,0,0,0,0
2238,4616,80,0,61413,71," Working Up a Thirst",0,0,0,0,0,0,0,0,0,0,0,0,0,0,0,0,0,0,0,0,0,0,0,0
2239,4617,80,0,61413,71," I'll Fish It Myself",0,0,0,0,0,0,0,0,0,0,0,0,0,0,0,0,0,0,0,0,0,0,0,0
2240,4618,80,0,61413,71," Sold Out",0,0,0,0,0,0,0,0,0,0,0,0,0,0,0,0,0,0,0,0,0,0,0,0
2241,4619,80,0,61413,71," A Grebuloff Out of Water",0,0,0,0,0,0,0,0,0,0,0,0,0,0,0,0,0,0,0,0,0,0,0,0
2242,4620,80,0,61413,71," A Taste of the Sea",0,0,0,0,0,0,0,0,0,0,0,0,0,0,0,0,0,0,0,0,0,0,0,0
2243,4621,80,0,61413,71," It's Electric!",0,0,0,0,0,0,0,0,0,0,0,0,0,0,0,0,0,0,0,0,0,0,0,0
2244,4622,80,0,61413,71," Ea Epicurious",0,0,0,0,0,0,0,0,0,0,0,0,0,0,0,0,0,0,0,0,0,0,0,0
2245,4623,80,0,61413,71," I, Omicron",0,0,0,0,0,0,0,0,0,0,0,0,0,0,0,0,0,0,0,0,0,0,0,0
2246,4624,80,0,61413,71," Guardians of the Galaxy",0,0,0,0,0,0,0,0,0,0,0,0,0,0,0,0,0,0,0,0,0,0,0,0
2247,4625,80,0,61413,71," Corporeal Hand to Proverbial Mouth",0,0,0,0,0,0,0,0,0,0,0,0,0,0,0,0,0,0,0,0,0,0,0,0
2248,4626,80,0,61413,71," Mush for Miw Miisv",0,0,0,0,0,0,0,0,0,0,0,0,0,0,0,0,0,0,0,0,0,0,0,0
2249,4627,80,0,61413,71," Corporeal Comforts",0,0,0,0,0,0,0,0,0,0,0,0,0,0,0,0,0,0,0,0,0,0,0,0
2250,4628,80,0,61413,71," Remote Debugging",0,0,0,0,0,0,0,0,0,0,0,0,0,0,0,0,0,0,0,0,0,0,0,0
2251,4629,80,0,61413,71," A Light in the Dark",0,0,0,0,0,0,0,0,0,0,0,0,0,0,0,0,0,0,0,0,0,0,0,0
2252,4630,80,0,61413,71," Reclaiming the Taste of Home",0,0,0,0,0,0,0,0,0,0,0,0,0,0,0,0,0,0,0,0,0,0,0,0
2253,4631,80,0,61413,71," Not Forgotten",0,0,0,0,0,0,0,0,0,0,0,0,0,0,0,0,0,0,0,0,0,0,0,0
2254,4632,80,0,61413,71," Checking for Cavities",0,0,0,0,0,0,0,0,0,0,0,0,0,0,0,0,0,0,0,0,0,0,0,0
2255,4633,80,0,61413,71," Brainstorm",0,0,0,0,0,0,0,0,0,0,0,0,0,0,0,0,0,0,0,0,0,0,0,0
2256,4634,80,0,61413,71," The Lost World",0,0,0,0,0,0,0,0,0,0,0,0,0,0,0,0,0,0,0,0,0,0,0,0
2257,4681,80,0,61419,72," Must Be Dreaming(way)",3005,0,0,0,0,0,0,0,0,0,0,0,0,0,0,0,0,0,0,0,0,0,0,0
2258,4682,80,0,61419,72," The Incredible Machines",3006,0,0,0,0,0,0,0,0,0,0,0,0,0,0,0,0,0,0,0,0,0,0,0
2259,4683,80,0,61419,72," Too Few Cooks",3007,0,0,0,0,0,0,0,0,0,0,0,0,0,0,0,0,0,0,0,0,0,0,0
2260,4684,80,0,61419,72," Teamwork Makes the Dream Work",3008,0,0,0,0,0,0,0,0,0,0,0,0,0,0,0,0,0,0,0,0,0,0,0
2261,4685,80,0,61419,72," A Million Malms Away",2946,3009,0,0,0,0,0,0,0,0,0,0,0,0,0,0,0,0,0,0,0,0,0,0
2262,4686,80,0,61419,72," Dreams Come True",3041,0,0,0,0,0,0,0,0,0,0,0,0,0,0,0,0,0,0,0,0,0,0,0
2263,4687,80,0,61413,73," Don't Stop the Music",0,0,0,0,0,0,0,0,0,0,0,0,0,0,0,0,0,0,0,0,0,0,0,0
2264,4688,80,0,61413,73," A Pipe Dream",0,0,0,0,0,0,0,0,0,0,0,0,0,0,0,0,0,0,0,0,0,0,0,0
2265,4689,80,0,61413,73," Money Makes the Moon Go Round",0,0,0,0,0,0,0,0,0,0,0,0,0,0,0,0,0,0,0,0,0,0,0,0
2266,4690,80,0,61413,73," Dancing King",0,0,0,0,0,0,0,0,0,0,0,0,0,0,0,0,0,0,0,0,0,0,0,0
2267,4691,80,0,61413,73," Pieces of You",0,0,0,0,0,0,0,0,0,0,0,0,0,0,0,0,0,0,0,0,0,0,0,0
2268,4692,80,0,61413,73," Underneath the Starry Lights",0,0,0,0,0,0,0,0,0,0,0,0,0,0,0,0,0,0,0,0,0,0,0,0
2269,4693,80,0,61413,73," Carrotlight, Carrot Bright",0,0,0,0,0,0,0,0,0,0,0,0,0,0,0,0,0,0,0,0,0,0,0,0
2270,4694,80,0,61413,73," Pitch Perfect",0,0,0,0,0,0,0,0,0,0,0,0,0,0,0,0,0,0,0,0,0,0,0,0
2271,4695,80,0,61413,73," Clean Times",0,0,0,0,0,0,0,0,0,0,0,0,0,0,0,0,0,0,0,0,0,0,0,0
2272,4696,80,0,61413,73," A Sound Endeavor",0,0,0,0,0,0,0,0,0,0,0,0,0,0,0,0,0,0,0,0,0,0,0,0
2273,4697,80,0,61413,73," Prototypical Retrieval",0,0,0,0,0,0,0,0,0,0,0,0,0,0,0,0,0,0,0,0,0,0,0,0
2274,4698,80,0,61413,73," Always Wear Protection",0,0,0,0,0,0,0,0,0,0,0,0,0,0,0,0,0,0,0,0,0,0,0,0
2275,4699,80,0,61413,73," Hare-raising Thrills",0,0,0,0,0,0,0,0,0,0,0,0,0,0,0,0,0,0,0,0,0,0,0,0
2276,4700,80,0,61413,73," Be Carrotful What You Wish For",0,0,0,0,0,0,0,0,0,0,0,0,0,0,0,0,0,0,0,0,0,0,0,0
2277,4701,80,0,61413,73," Hungry for Knowledge",0,0,0,0,0,0,0,0,0,0,0,0,0,0,0,0,0,0,0,0,0,0,0,0
2278,4702,80,0,61413,73," No Chill",0,0,0,0,0,0,0,0,0,0,0,0,0,0,0,0,0,0,0,0,0,0,0,0
2279,4703,80,0,61413,73," Fungi Frustrations",0,0,0,0,0,0,0,0,0,0,0,0,0,0,0,0,0,0,0,0,0,0,0,0
2280,4704,80,0,61413,73," For Every Mouth, a Carrot",0,0,0,0,0,0,0,0,0,0,0,0,0,0,0,0,0,0,0,0,0,0,0,0
2281,4705,80,0,61413,73," Whisks for Whiskers",0,0,0,0,0,0,0,0,0,0,0,0,0,0,0,0,0,0,0,0,0,0,0,0
2282,4706,80,0,61413,73," Sets, Reps, and Loporrits",0,0,0,0,0,0,0,0,0,0,0,0,0,0,0,0,0,0,0,0,0,0,0,0
2283,4707,80,0,61413,73," Lunar Beats for Hopping",0,0,0,0,0,0,0,0,0,0,0,0,0,0,0,0,0,0,0,0,0,0,0,0
2284,4708,80,0,61413,73," Most Like It Sparkly",0,0,0,0,0,0,0,0,0,0,0,0,0,0,0,0,0,0,0,0,0,0,0,0
2285,4709,80,0,61413,73," Spatial Cleanse",0,0,0,0,0,0,0,0,0,0,0,0,0,0,0,0,0,0,0,0,0,0,0,0
2286,4710,80,0,61413,73," Clean Paws Make Good Artists",0,0,0,0,0,0,0,0,0,0,0,0,0,0,0,0,0,0,0,0,0,0,0,0
2287,4711,80,0,61413,73," By the Muse Forsaken",0,0,0,0,0,0,0,0,0,0,0,0,0,0,0,0,0,0,0,0,0,0,0,0
2288,4712,80,0,61413,73," Art Is an Explosion!",0,0,0,0,0,0,0,0,0,0,0,0,0,0,0,0,0,0,0,0,0,0,0,0
2289,4713,80,0,61413,73," Craft, Craft, Fashion, Baby",0,0,0,0,0,0,0,0,0,0,0,0,0,0,0,0,0,0,0,0,0,0,0,0
2290,4714,80,0,61413,73," Sparking Artist",0,0,0,0,0,0,0,0,0,0,0,0,0,0,0,0,0,0,0,0,0,0,0,0
2291,1465,50,0,61411,74,"Call of the Wild (Twin Adder)",0,0,0,0,0,0,0,0,0,0,0,0,0,0,0,0,0,0,0,0,0,0,0,0
2292,1466,50,0,61411,74,"Call of the Wild (Maelstrom)",0,0,0,0,0,0,0,0,0,0,0,0,0,0,0,0,0,0,0,0,0,0,0,0
2293,1467,50,0,61411,74,"Call of the Wild (Immortal Flames)",0,0,0,0,0,0,0,0,0,0,0,0,0,0,0,0,0,0,0,0,0,0,0,0
2294,1468,50,0,61411,74,"Little Sylphs Lost",0,0,0,0,0,0,0,0,0,0,0,0,0,0,0,0,0,0,0,0,0,0,0,0
2295,1469,50,0,61411,74,"Clutching at Straws",557,0,0,0,0,0,0,0,0,0,0,0,0,0,0,0,0,0,0,0,0,0,0,0
2296,1470,50,0,61411,74,"Digging for Answers",0,0,0,0,0,0,0,0,0,0,0,0,0,0,0,0,0,0,0,0,0,0,0,0
2297,1471,50,0,61411,74,"Rattled in Ehcatl",0,0,0,0,0,0,0,0,0,0,0,0,0,0,0,0,0,0,0,0,0,0,0,0
2298,1472,50,0,61411,74,"Ash Not What Your Brotherhood Can Do for You",0,0,0,0,0,0,0,0,0,0,0,0,0,0,0,0,0,0,0,0,0,0,0,0
2299,1473,50,0,61411,74,"Friends Forever",558,559,560,604,0,0,0,0,0,0,0,0,0,0,0,0,0,0,0,0,0,0,0,0
2300,2382,60,0,61411,75,"When Good Dragons Go Bad",1353,0,0,0,0,0,0,0,0,0,0,0,0,0,0,0,0,0,0,0,0,0,0,0
2301,2383,60,0,61411,75,"Who Was That Masked Man",0,0,0,0,0,0,0,0,0,0,0,0,0,0,0,0,0,0,0,0,0,0,0,0
2302,2384,60,0,61411,75,"Lift Me to the Moon",1354,0,0,0,0,0,0,0,0,0,0,0,0,0,0,0,0,0,0,0,0,0,0,0
2303,2385,60,0,61411,75,"Eternity, Loyalty, Honesty",1355,1356,0,0,0,0,0,0,0,0,0,0,0,0,0,0,0,0,0,0,0,0,0,0
2304,3161,70,0,61411,76,"The Ananta Maid's Tail",1869,0,0,0,0,0,0,0,0,0,0,0,0,0,0,0,0,0,0,0,0,0,0,0
2305,3162,70,0,61411,76,"Ruby Seas under Ruby Skies",0,0,0,0,0,0,0,0,0,0,0,0,0,0,0,0,0,0,0,0,0,0,0,0
2306,3163,70,0,61411,76,"Fish in a Barrel",1870,0,0,0,0,0,0,0,0,0,0,0,0,0,0,0,0,0,0,0,0,0,0,0
2307,3164,70,0,61411,76,"What a Wonder-full World",1871,1872,0,0,0,0,0,0,0,0,0,0,0,0,0,0,0,0,0,0,0,0,0,0
2308,4787,90,0,61411,77,"Dinner and a Show",0,0,0,0,0,0,0,0,0,0,0,0,0,0,0,0,0,0,0,0,0,0,0,0
2309,4788,90,0,61411,77,"A Dream Worth Chasing",3156,3157,0,0,0,0,0,0,0,0,0,0,0,0,0,0,0,0,0,0,0,0,0,0
2310,1475,60,0,61411,79,"The Paths We Walk",0,0,0,0,0,0,0,0,0,0,0,0,0,0,0,0,0,0,0,0,0,0,0,0
2311,1476,60,0,61411,79,"The Oaths We Swear",0,0,0,0,0,0,0,0,0,0,0,0,0,0,0,0,0,0,0,0,0,0,0,0
2312,1477,60,0,61411,79,"The Legacies We Leave",1236,0,0,0,0,0,0,0,0,0,0,0,0,0,0,0,0,0,0,0,0,0,0,0
2313,1478,60,0,61411,79,"The Triumphs We Share",0,0,0,0,0,0,0,0,0,0,0,0,0,0,0,0,0,0,0,0,0,0,0,0
2314,1479,60,0,61411,79,"The Burdens We Bear",1237,0,0,0,0,0,0,0,0,0,0,0,0,0,0,0,0,0,0,0,0,0,0,0
2315,3750,80,0,61411,80,"One Final Journey",0,0,0,0,0,0,0,0,0,0,0,0,0,0,0,0,0,0,0,0,0,0,0,0
2316,4660,90,0,61411,81,"Shadowed Pasts",2962,2963,2964,2965,0,0,0,0,0,0,0,0,0,0,0,0,0,0,0,0,0,0,0,0
2317,4661,90,0,61411,81,"Shadowed Pasts Once More",3017,3018,3019,3020,3021,0,0,0,0,0,0,0,0,0,0,0,0,0,0,0,0,0,0,0
2318,1204,50,0,61419,82,"The Rise and Fall of Gentlemen",455,441,442,443,0,0,0,0,0,0,0,0,0,0,0,0,0,0,0,0,0,0,0,0
2319,1205,50,0,61419,82,"Back in the Saddle",0,0,0,0,0,0,0,0,0,0,0,0,0,0,0,0,0,0,0,0,0,0,0,0
2320,1206,50,0,61419,82,"After Her Own Heart",0,0,0,0,0,0,0,0,0,0,0,0,0,0,0,0,0,0,0,0,0,0,0,0
2321,1207,50,0,61419,82,"The Immaculate Deception",452,453,418,0,0,0,0,0,0,0,0,0,0,0,0,0,0,0,0,0,0,0,0,0
2322,1315,50,0,61419,82,"The Science of Deduction",506,0,0,0,0,0,0,0,0,0,0,0,0,0,0,0,0,0,0,0,0,0,0,0
2323,1316,50,0,61419,82,"The Hammer",0,0,0,0,0,0,0,0,0,0,0,0,0,0,0,0,0,0,0,0,0,0,0,0
2324,1317,50,0,61419,82,"Manderville Men",507,0,0,0,0,0,0,0,0,0,0,0,0,0,0,0,0,0,0,0,0,0,0,0
2325,1318,50,0,61419,82,"The Three Collectors",508,509,512,513,510,511,0,0,0,0,0,0,0,0,0,0,0,0,0,0,0,0,0,0
2326,1438,50,0,61419,82,"The Business of Betrothal",581,0,0,0,0,0,0,0,0,0,0,0,0,0,0,0,0,0,0,0,0,0,0,0
2327,1439,50,0,61419,82,"A Burst of Inspiration",582,0,0,0,0,0,0,0,0,0,0,0,0,0,0,0,0,0,0,0,0,0,0,0
2328,1440,50,0,61419,82,"Seeds of Rebellion",583,0,0,0,0,0,0,0,0,0,0,0,0,0,0,0,0,0,0,0,0,0,0,0
2329,1441,50,0,61419,82,"A Case of Indecency",584,585,586,573,0,0,0,0,0,0,0,0,0,0,0,0,0,0,0,0,0,0,0,0
2330,166,50,0,61419,82,"Eight-armed and Dangerous",679,0,0,0,0,0,0,0,0,0,0,0,0,0,0,0,0,0,0,0,0,0,0,0
2331,202,50,0,61419,82,"What Price Victory",680,0,0,0,0,0,0,0,0,0,0,0,0,0,0,0,0,0,0,0,0,0,0,0
2332,203,50,0,61419,82,"The Trouble with Truffles",0,0,0,0,0,0,0,0,0,0,0,0,0,0,0,0,0,0,0,0,0,0,0,0
2333,204,50,0,61419,82,"The Coliseum Conundrum",681,645,646,682,662,683,684,685,0,0,0,0,0,0,0,0,0,0,0,0,0,0,0,0
2334,490,50,0,61419,82,"Shades of Sil'dih",0,0,0,0,0,0,0,0,0,0,0,0,0,0,0,0,0,0,0,0,0,0,0,0
2335,491,50,0,61419,82,"Sibling Strife",755,0,0,0,0,0,0,0,0,0,0,0,0,0,0,0,0,0,0,0,0,0,0,0
2336,492,50,0,61419,82,"Beneath the Mask",779,0,0,0,0,0,0,0,0,0,0,0,0,0,0,0,0,0,0,0,0,0,0,0
2337,493,50,0,61419,82,"Truths Untold",756,0,0,0,0,0,0,0,0,0,0,0,0,0,0,0,0,0,0,0,0,0,0,0
2338,502,50,0,61419,82,"Her Last Vow",757,780,766,767,768,782,758,759,0,0,0,0,0,0,0,0,0,0,0,0,0,0,0,0
2339,2226,60,0,61419,83,"A Gentleman Falls, Rather than Flies",0,0,0,0,0,0,0,0,0,0,0,0,0,0,0,0,0,0,0,0,0,0,0,0
2340,2227,60,0,61419,83,"Don't Call It a Comeback",1158,1159,0,0,0,0,0,0,0,0,0,0,0,0,0,0,0,0,0,0,0,0,0,0
2341,2228,60,0,61419,83,"The Gigi Situation",1210,0,0,0,0,0,0,0,0,0,0,0,0,0,0,0,0,0,0,0,0,0,0,0
2342,2229,60,0,61419,83,"The Measure of a Mammet",1211,1212,0,0,0,0,0,0,0,0,0,0,0,0,0,0,0,0,0,0,0,0,0,0
2343,2369,60,0,61419,83,"A Gazebo to Call Our Own",1324,0,0,0,0,0,0,0,0,0,0,0,0,0,0,0,0,0,0,0,0,0,0,0
2344,2370,60,0,61419,83,"Don't Trust Anyone over Sixty",1325,1326,1327,0,0,0,0,0,0,0,0,0,0,0,0,0,0,0,0,0,0,0,0,0
2345,2371,60,0,61419,83,"The Proud and the Pointy-eyed",0,0,0,0,0,0,0,0,0,0,0,0,0,0,0,0,0,0,0,0,0,0,0,0
2346,2372,60,0,61419,83,"If I Could Turn Back Time",1361,1368,1362,1363,0,0,0,0,0,0,0,0,0,0,0,0,0,0,0,0,0,0,0,0
2347,3008,70,0,61419,84,"A Hingan Tale: Nashu Goes East",1660,0,0,0,0,0,0,0,0,0,0,0,0,0,0,0,0,0,0,0,0,0,0,0
2348,3020,70,0,61419,84,"Life Imitates Art Imitates Life",1661,0,0,0,0,0,0,0,0,0,0,0,0,0,0,0,0,0,0,0,0,0,0,0
2349,3021,70,0,61419,84,"Of Wolves and Gentlemen",1663,1666,0,0,0,0,0,0,0,0,0,0,0,0,0,0,0,0,0,0,0,0,0,0
2350,3094,70,0,61419,84,"In the Eye of the Hingan",1791,0,0,0,0,0,0,0,0,0,0,0,0,0,0,0,0,0,0,0,0,0,0,0
2351,3095,70,0,61419,84,"The Blade Mislaid",1792,1793,0,0,0,0,0,0,0,0,0,0,0,0,0,0,0,0,0,0,0,0,0,0
2352,3150,70,0,61419,84,"The Black Heart Beneath",1855,0,0,0,0,0,0,0,0,0,0,0,0,0,0,0,0,0,0,0,0,0,0,0
2353,3151,70,0,61419,84,"Good Swords, Good Dogs",1856,1857,0,0,0,0,0,0,0,0,0,0,0,0,0,0,0,0,0,0,0,0,0,0
2354,3167,70,0,61419,84,"The Past Is Never Past",1851,1852,1910,0,0,0,0,0,0,0,0,0,0,0,0,0,0,0,0,0,0,0,0,0
2355,3168,70,0,61419,84,"Don't Do the Dewprism",1911,1912,0,0,0,0,0,0,0,0,0,0,0,0,0,0,0,0,0,0,0,0,0,0
2356,4542,90,0,61419,85,"The Sleeping Gentleman",2845,0,0,0,0,0,0,0,0,0,0,0,0,0,0,0,0,0,0,0,0,0,0,0
2357,4543,90,0,61419,85,"A Soulful Reunion",2846,2847,2872,0,0,0,0,0,0,0,0,0,0,0,0,0,0,0,0,0,0,0,0,0
2358,4641,90,0,61419,85,"Lunar Conspiracy",2881,0,0,0,0,0,0,0,0,0,0,0,0,0,0,0,0,0,0,0,0,0,0,0
2359,4642,90,0,61419,85,"The Imperfect Gentleman",2882,2883,2884,0,0,0,0,0,0,0,0,0,0,0,0,0,0,0,0,0,0,0,0,0
2360,4718,90,0,61419,85,"The Spectacle of Inspection",3010,0,0,0,0,0,0,0,0,0,0,0,0,0,0,0,0,0,0,0,0,0,0,0
2361,4719,90,0,61419,85,"Generational Bonding",3011,3042,3012,3013,3014,3015,0,0,0,0,0,0,0,0,0,0,0,0,0,0,0,0,0,0
2362,4754,90,0,61419,85,"By Agents Unknown",3147,3074,3075,0,0,0,0,0,0,0,0,0,0,0,0,0,0,0,0,0,0,0,0,0
2363,4755,90,0,61419,85,"Not from Around Here",3076,3077,3078,0,0,0,0,0,0,0,0,0,0,0,0,0,0,0,0,0,0,0,0,0
2364,4799,90,0,61419,85,"Of Duplicity and Duplication",3199,0,0,0,0,0,0,0,0,0,0,0,0,0,0,0,0,0,0,0,0,0,0,0
2365,4800,90,0,61419,85,"Gentlemen at Heart",3200,3141,3142,3201,3202,3246,0,0,0,0,0,0,0,0,0,0,0,0,0,0,0,0,0,0
2366,4652,90,0,61419,86," Make It a Manderville",2961,0,0,0,0,0,0,0,0,0,0,0,0,0,0,0,0,0,0,0,0,0,0,0
2367,4653,90,0,61921,86," Make Another Manderville",0,0,0,0,0,0,0,0,0,0,0,0,0,0,0,0,0,0,0,0,0,0,0,0
2368,4725,90,0,61419,86," Well-oiled",3016,0,0,0,0,0,0,0,0,0,0,0,0,0,0,0,0,0,0,0,0,0,0,0
2369,4726,90,0,61921,86," The Next Mander-level",0,0,0,0,0,0,0,0,0,0,0,0,0,0,0,0,0,0,0,0,0,0,0,0
2370,4771,90,0,61419,86," A Spirited Reforging",3126,0,0,0,0,0,0,0,0,0,0,0,0,0,0,0,0,0,0,0,0,0,0,0
2371,4772,90,0,61921,86," In Need of Adjustment",0,0,0,0,0,0,0,0,0,0,0,0,0,0,0,0,0,0,0,0,0,0,0,0
2372,4806,90,0,61419,86," Resonating with Perfection",3233,3249,0,0,0,0,0,0,0,0,0,0,0,0,0,0,0,0,0,0,0,0,0,0
2373,4807,90,0,61921,86," Positively Mandervillous",0,0,0,0,0,0,0,0,0,0,0,0,0,0,0,0,0,0,0,0,0,0,0,0
2374,5192,100,0,61411,87,"The Case of the Displaced Inspector",3519,3520,0,0,0,0,0,0,0,0,0,0,0,0,0,0,0,0,0,0,0,0,0,0
2375,5295,100,0,61411,87,"Wizened Testimony",3600,0,0,0,0,0,0,0,0,0,0,0,0,0,0,0,0,0,0,0,0,0,0,0
2376,5296,100,0,61411,87,"The Case of the Fiendish Fugitives",3601,3602,3603,3604,0,0,0,0,0,0,0,0,0,0,0,0,0,0,0,0,0,0,0,0
2377,5378,100,0,61411,87,"A Vandal in the Wild",3707,3708,0,0,0,0,0,0,0,0,0,0,0,0,0,0,0,0,0,0,0,0,0,0
2378,5379,100,0,61411,87,"On the Trail of Destruction",3709,3710,3711,0,0,0,0,0,0,0,0,0,0,0,0,0,0,0,0,0,0,0,0,0
2379,5446,100,0,61411,87,"A Need for Speed",3804,0,0,0,0,0,0,0,0,0,0,0,0,0,0,0,0,0,0,0,0,0,0,0
2380,5447,100,0,61411,87,"Meteorites and Meteor-wrongs",3805,3806,3807,0,0,0,0,0,0,0,0,0,0,0,0,0,0,0,0,0,0,0,0,0
2381,0,0,0,0,0,"",0,0,0,0,0,0,0,0,0,0,0,0,0,0,0,0,0,0,0,0,0,0,0,0
2382,0,0,0,0,0,"",0,0,0,0,0,0,0,0,0,0,0,0,0,0,0,0,0,0,0,0,0,0,0,0
2383,1435,50,0,61419,88,"Up in Arms",0,0,0,0,0,0,0,0,0,0,0,0,0,0,0,0,0,0,0,0,0,0,0,0
2384,1436,50,0,61419,88,"Trials of the Braves",0,0,0,0,0,0,0,0,0,0,0,0,0,0,0,0,0,0,0,0,0,0,0,0
2385,1462,50,0,61419,88,"Celestial Radiance",0,0,0,0,0,0,0,0,0,0,0,0,0,0,0,0,0,0,0,0,0,0,0,0
2386,1464,50,0,61419,88,"Star Light, Star Bright",0,0,0,0,0,0,0,0,0,0,0,0,0,0,0,0,0,0,0,0,0,0,0,0
2387,206,50,0,61419,88,"Mmmmmm, Soulglazed Relics",0,0,0,0,0,0,0,0,0,0,0,0,0,0,0,0,0,0,0,0,0,0,0,0
2388,356,50,0,61419,88,"Wherefore Art Thou, Zodiac",0,0,0,0,0,0,0,0,0,0,0,0,0,0,0,0,0,0,0,0,0,0,0,0
2389,357,50,0,61921,88,"A Ponze of Flesh",0,0,0,0,0,0,0,0,0,0,0,0,0,0,0,0,0,0,0,0,0,0,0,0
2390,358,50,0,61921,88,"Labor of Love",0,0,0,0,0,0,0,0,0,0,0,0,0,0,0,0,0,0,0,0,0,0,0,0
2391,359,50,0,61921,88,"Method in His Malice",0,0,0,0,0,0,0,0,0,0,0,0,0,0,0,0,0,0,0,0,0,0,0,0
2392,360,50,0,61921,88,"A Treasured Mother",0,0,0,0,0,0,0,0,0,0,0,0,0,0,0,0,0,0,0,0,0,0,0,0
2393,361,50,0,61419,88,"His Dark Materia",0,0,0,0,0,0,0,0,0,0,0,0,0,0,0,0,0,0,0,0,0,0,0,0
2394,560,50,0,61419,88,"Rise and Shine",0,0,0,0,0,0,0,0,0,0,0,0,0,0,0,0,0,0,0,0,0,0,0,0
2395,561,50,0,61419,88,"The Vital Title",0,0,0,0,0,0,0,0,0,0,0,0,0,0,0,0,0,0,0,0,0,0,0,0
2396,2287,50,0,61419,88,"The Vital Title",0,0,0,0,0,0,0,0,0,0,0,0,0,0,0,0,0,0,0,0,0,0,0,0
2397,2211,60,0,61419,89,"An Unexpected Proposal",0,0,0,0,0,0,0,0,0,0,0,0,0,0,0,0,0,0,0,0,0,0,0,0
2398,2212,60,0,61921,89," Soul without Life",0,0,0,0,0,0,0,0,0,0,0,0,0,0,0,0,0,0,0,0,0,0,0,0
2399,2213,60,0,61921,89," Toughening Up",0,0,0,0,0,0,0,0,0,0,0,0,0,0,0,0,0,0,0,0,0,0,0,0
2400,2214,60,0,61921,89," Coming into Its Own",0,0,0,0,0,0,0,0,0,0,0,0,0,0,0,0,0,0,0,0,0,0,0,0
2401,2284,60,0,61921,89," Finding Your Voice",0,0,0,0,0,0,0,0,0,0,0,0,0,0,0,0,0,0,0,0,0,0,0,0
2402,2328,60,0,61921,89," A Dream Fulfilled",0,0,0,0,0,0,0,0,0,0,0,0,0,0,0,0,0,0,0,0,0,0,0,0
2403,2379,60,0,61921,89," Future Proof",0,0,0,0,0,0,0,0,0,0,0,0,0,0,0,0,0,0,0,0,0,0,0,0
2404,2380,60,0,61921,89,"Seeking Inspiration",0,0,0,0,0,0,0,0,0,0,0,0,0,0,0,0,0,0,0,0,0,0,0,0
2405,2381,60,0,61921,89,"Cut from a Different Cloth",0,0,0,0,0,0,0,0,0,0,0,0,0,0,0,0,0,0,0,0,0,0,0,0
2406,2396,60,0,61921,89," Born Again Anima",0,0,0,0,0,0,0,0,0,0,0,0,0,0,0,0,0,0,0,0,0,0,0,0
2407,2397,60,0,61921,89,"Some Assembly Required",0,0,0,0,0,0,0,0,0,0,0,0,0,0,0,0,0,0,0,0,0,0,0,0
2408,2398,60,0,61419,89,"Body and Soul",0,0,0,0,0,0,0,0,0,0,0,0,0,0,0,0,0,0,0,0,0,0,0,0
2409,2403,60,0,61419,89,"Words of Wisdom",0,0,0,0,0,0,0,0,0,0,0,0,0,0,0,0,0,0,0,0,0,0,0,0
2410,2404,60,0,61921,89," Best Friends Forever",0,0,0,0,0,0,0,0,0,0,0,0,0,0,0,0,0,0,0,0,0,0,0,0
2411,3078,70,0,61419,90,"And We Shall Call It Eureka",1748,0,0,0,0,0,0,0,0,0,0,0,0,0,0,0,0,0,0,0,0,0,0,0
2412,3834,80,0,61419,91,"Hail to the Queen",0,0,0,0,0,0,0,0,0,0,0,0,0,0,0,0,0,0,0,0,0,0,0,0
2413,3835,80,0,61419,91,"Path to the Past",2297,2298,0,0,0,0,0,0,0,0,0,0,0,0,0,0,0,0,0,0,0,0,0,0
2414,3836,80,0,61419,91,"The Bozja Incident",2299,2300,2301,2302,2303,0,0,0,0,0,0,0,0,0,0,0,0,0,0,0,0,0,0,0
2415,3844,80,0,61419,91," Fire in the Forge",0,0,0,0,0,0,0,0,0,0,0,0,0,0,0,0,0,0,0,0,0,0,0,0
2416,3845,80,0,61921,91," Resistance Is (Not) Futile",0,0,0,0,0,0,0,0,0,0,0,0,0,0,0,0,0,0,0,0,0,0,0,0
2417,3941,71,9,61419,91,"Where Eagles Nest",2380,0,0,0,0,0,0,0,0,0,0,0,0,0,0,0,0,0,0,0,0,0,0,0
2418,3943,71,9,61419,91,"An Expected Engagement",0,0,0,0,0,0,0,0,0,0,0,0,0,0,0,0,0,0,0,0,0,0,0,0
2419,3944,71,9,61419,91,"Lost No Longer",0,0,0,0,0,0,0,0,0,0,0,0,0,0,0,0,0,0,0,0,0,0,0,0
2420,3945,71,9,61419,91,"On the Offensive",0,0,0,0,0,0,0,0,0,0,0,0,0,0,0,0,0,0,0,0,0,0,0,0
2421,3946,71,9,61419,91,"Time to Focus",0,0,0,0,0,0,0,0,0,0,0,0,0,0,0,0,0,0,0,0,0,0,0,0
2422,3947,71,9,61419,91,"Third Time's the Charm",2375,0,0,0,0,0,0,0,0,0,0,0,0,0,0,0,0,0,0,0,0,0,0,0
2423,3948,71,9,61419,91,"Pressing Forward",0,0,0,0,0,0,0,0,0,0,0,0,0,0,0,0,0,0,0,0,0,0,0,0
2424,3949,71,9,61419,91,"Signature Acquired",2384,2376,0,0,0,0,0,0,0,0,0,0,0,0,0,0,0,0,0,0,0,0,0,0
2425,3950,71,9,61419,91,"Picking Up the Trail",2377,0,0,0,0,0,0,0,0,0,0,0,0,0,0,0,0,0,0,0,0,0,0,0
2426,3951,71,9,61419,91,"The Lady of Blades",2381,2382,2383,2378,2379,0,0,0,0,0,0,0,0,0,0,0,0,0,0,0,0,0,0,0
2427,3969,80,0,61419,91,"A Sober Proposal",0,0,0,0,0,0,0,0,0,0,0,0,0,0,0,0,0,0,0,0,0,0,0,0
2428,3970,80,0,61921,91," For Want of a Memory",0,0,0,0,0,0,0,0,0,0,0,0,0,0,0,0,0,0,0,0,0,0,0,0
2429,3971,80,0,61921,91," The Will to Resist",0,0,0,0,0,0,0,0,0,0,0,0,0,0,0,0,0,0,0,0,0,0,0,0
2430,4025,80,0,61419,91,"A Sign of What's to Come",2459,2460,0,0,0,0,0,0,0,0,0,0,0,0,0,0,0,0,0,0,0,0,0,0
2431,4026,80,0,61419,91,"Fit for a Queen",2461,2462,2465,2466,2467,2463,2464,0,0,0,0,0,0,0,0,0,0,0,0,0,0,0,0,0
2432,4028,80,0,61921,91,"One Man's Relic",0,0,0,0,0,0,0,0,0,0,0,0,0,0,0,0,0,0,0,0,0,0,0,0
2433,4029,80,0,61419,91,"Let Me Holster That for You",0,0,0,0,0,0,0,0,0,0,0,0,0,0,0,0,0,0,0,0,0,0,0,0
2434,4037,80,0,61419,91,"In the Queen's Image",0,0,0,0,0,0,0,0,0,0,0,0,0,0,0,0,0,0,0,0,0,0,0,0
2435,4038,80,0,61921,91," Change of Arms",0,0,0,0,0,0,0,0,0,0,0,0,0,0,0,0,0,0,0,0,0,0,0,0
2436,4039,80,0,61419,91,"The Resistance Remembers",0,0,0,0,0,0,0,0,0,0,0,0,0,0,0,0,0,0,0,0,0,0,0,0
2437,4040,80,0,61921,91," A New Path of Resistance",0,0,0,0,0,0,0,0,0,0,0,0,0,0,0,0,0,0,0,0,0,0,0,0
2438,4084,71,9,61419,91,"A New Playing Field",2543,2501,0,0,0,0,0,0,0,0,0,0,0,0,0,0,0,0,0,0,0,0,0,0
2439,4085,71,9,61419,91,"Resolve Unshaken",2496,2528,0,0,0,0,0,0,0,0,0,0,0,0,0,0,0,0,0,0,0,0,0,0
2440,4092,71,9,61419,91,"Where Eagles Roost",0,0,0,0,0,0,0,0,0,0,0,0,0,0,0,0,0,0,0,0,0,0,0,0
2441,4086,71,9,61419,91,"Reaching Out",2497,0,0,0,0,0,0,0,0,0,0,0,0,0,0,0,0,0,0,0,0,0,0,0
2442,4093,71,9,61419,91,"In Their Shadow",0,0,0,0,0,0,0,0,0,0,0,0,0,0,0,0,0,0,0,0,0,0,0,0
2443,4087,71,9,61419,91,"Renewed Focus",2498,0,0,0,0,0,0,0,0,0,0,0,0,0,0,0,0,0,0,0,0,0,0,0
2444,4088,71,9,61419,91,"March of the Bloody Queen",2499,2500,2505,2544,2506,2507,2502,2503,2504,0,0,0,0,0,0,0,0,0,0,0,0,0,0,0
2445,4095,71,9,61921,91,"A Ruined Opportunity",0,0,0,0,0,0,0,0,0,0,0,0,0,0,0,0,0,0,0,0,0,0,0,0
2446,4096,80,0,61419,91,"What Dreams Are Made Of",0,0,0,0,0,0,0,0,0,0,0,0,0,0,0,0,0,0,0,0,0,0,0,0
2447,4097,80,0,61419,91,"Spare Parts",0,0,0,0,0,0,0,0,0,0,0,0,0,0,0,0,0,0,0,0,0,0,0,0
2448,4098,80,0,61419,91,"Tell Me a Story",0,0,0,0,0,0,0,0,0,0,0,0,0,0,0,0,0,0,0,0,0,0,0,0
2449,4099,80,0,61419,91,"A Fond Memory",0,0,0,0,0,0,0,0,0,0,0,0,0,0,0,0,0,0,0,0,0,0,0,0
2450,4100,80,0,61419,91,"A Done Deal",0,0,0,0,0,0,0,0,0,0,0,0,0,0,0,0,0,0,0,0,0,0,0,0
2451,4101,80,0,61921,91," Irresistible",0,0,0,0,0,0,0,0,0,0,0,0,0,0,0,0,0,0,0,0,0,0,0,0
2452,5319,100,0,61419,92,"Arcane Artistry",0,0,0,0,0,0,0,0,0,0,0,0,0,0,0,0,0,0,0,0,0,0,0,0
2453,5320,100,0,61419,92," Forging the Phantasmal",0,0,0,0,0,0,0,0,0,0,0,0,0,0,0,0,0,0,0,0,0,0,0,0
2454,5380,100,0,61419,92,"Keeping the Old Ways Alive",0,0,0,0,0,0,0,0,0,0,0,0,0,0,0,0,0,0,0,0,0,0,0,0
2455,5381,100,0,61419,92,"Aether, Aether, Everywhere",3767,0,0,0,0,0,0,0,0,0,0,0,0,0,0,0,0,0,0,0,0,0,0,0
2456,5382,100,0,61419,92," Wrought by Hands Phantasmal",0,0,0,0,0,0,0,0,0,0,0,0,0,0,0,0,0,0,0,0,0,0,0,0
2457,5454,100,0,61419,92,"Timeworn Techniques",0,0,0,0,0,0,0,0,0,0,0,0,0,0,0,0,0,0,0,0,0,0,0,0
2458,5455,100,0,61419,92,"In Pursuit of Perfection",3845,0,0,0,0,0,0,0,0,0,0,0,0,0,0,0,0,0,0,0,0,0,0,0
2459,5456,100,0,61419,92," A Phantom Reborn",0,0,0,0,0,0,0,0,0,0,0,0,0,0,0,0,0,0,0,0,0,0,0,0
2460,0,0,0,0,0,"",0,0,0,0,0,0,0,0,0,0,0,0,0,0,0,0,0,0,0,0,0,0,0,0
2461,0,0,0,0,0,"",0,0,0,0,0,0,0,0,0,0,0,0,0,0,0,0,0,0,0,0,0,0,0,0
2462,0,0,0,0,0,"",0,0,0,0,0,0,0,0,0,0,0,0,0,0,0,0,0,0,0,0,0,0,0,0
2463,0,0,0,0,0,"",0,0,0,0,0,0,0,0,0,0,0,0,0,0,0,0,0,0,0,0,0,0,0,0
2464,0,0,0,0,0,"",0,0,0,0,0,0,0,0,0,0,0,0,0,0,0,0,0,0,0,0,0,0,0,0
2465,45,54,0,61411,98,"Toll Booty",0,0,0,0,0,0,0,0,0,0,0,0,0,0,0,0,0,0,0,0,0,0,0,0
2466,50,54,0,61411,98,"Li'l Rascals",0,0,0,0,0,0,0,0,0,0,0,0,0,0,0,0,0,0,0,0,0,0,0,0
2467,100,54,0,61411,98,"Short Arms of the Law",0,0,0,0,0,0,0,0,0,0,0,0,0,0,0,0,0,0,0,0,0,0,0,0
2468,3086,70,0,61419,99,"Precious Reclamation",0,0,0,0,0,0,0,0,0,0,0,0,0,0,0,0,0,0,0,0,0,0,0,0
2469,3087,70,0,61419,99,"A Thousand and One Farewells",0,0,0,0,0,0,0,0,0,0,0,0,0,0,0,0,0,0,0,0,0,0,0,0
2470,3141,70,0,61419,99,"It Takes an Enclave",0,0,0,0,0,0,0,0,0,0,0,0,0,0,0,0,0,0,0,0,0,0,0,0
2471,3153,70,0,61419,99,"Lighting the Way",1874,0,0,0,0,0,0,0,0,0,0,0,0,0,0,0,0,0,0,0,0,0,0,0
2472,3672,60,0,61419,100,"Towards the Firmament",0,0,0,0,0,0,0,0,0,0,0,0,0,0,0,0,0,0,0,0,0,0,0,0
2473,3725,60,0,61419,100,"A Home in the Firmament",0,0,0,0,0,0,0,0,0,0,0,0,0,0,0,0,0,0,0,0,0,0,0,0
2474,3726,60,0,61419,100,"Overseer for a Day",0,0,0,0,0,0,0,0,0,0,0,0,0,0,0,0,0,0,0,0,0,0,0,0
2475,3727,60,0,61419,100,"Shadow of an Icy Past",2212,0,0,0,0,0,0,0,0,0,0,0,0,0,0,0,0,0,0,0,0,0,0,0
2476,3728,60,0,61419,100,"To Thaw a Frozen Heart",0,0,0,0,0,0,0,0,0,0,0,0,0,0,0,0,0,0,0,0,0,0,0,0
2477,3955,60,0,61419,100,"The Making of a Market",0,0,0,0,0,0,0,0,0,0,0,0,0,0,0,0,0,0,0,0,0,0,0,0
2478,3956,60,0,61419,100,"Dealings in the Desert",0,0,0,0,0,0,0,0,0,0,0,0,0,0,0,0,0,0,0,0,0,0,0,0
2479,3957,60,0,61419,100,"A Parley with Pirates",0,0,0,0,0,0,0,0,0,0,0,0,0,0,0,0,0,0,0,0,0,0,0,0
2480,3958,60,0,61419,100,"May Featherfall Flourish",2361,0,0,0,0,0,0,0,0,0,0,0,0,0,0,0,0,0,0,0,0,0,0,0
2481,3999,60,0,61419,100,"Not by Bread Alone",0,0,0,0,0,0,0,0,0,0,0,0,0,0,0,0,0,0,0,0,0,0,0,0
2482,4000,60,0,61419,100,"Francel's Fervent Wish",0,0,0,0,0,0,0,0,0,0,0,0,0,0,0,0,0,0,0,0,0,0,0,0
2483,4001,60,0,61419,100,"An Unexpected Symphony",0,0,0,0,0,0,0,0,0,0,0,0,0,0,0,0,0,0,0,0,0,0,0,0
2484,4002,60,0,61419,100,"Smiles Cross the Sky",0,0,0,0,0,0,0,0,0,0,0,0,0,0,0,0,0,0,0,0,0,0,0,0
2485,3837,60,0,61419,101,"If Songs Had Wings",0,0,0,0,0,0,0,0,0,0,0,0,0,0,0,0,0,0,0,0,0,0,0,0
2486,3889,70,0,61419,101,"O Crafter, My Crafter",0,0,0,0,0,0,0,0,0,0,0,0,0,0,0,0,0,0,0,0,0,0,0,0
2487,3890,70,0,61419,101,"An Ode to Unity",0,0,0,0,0,0,0,0,0,0,0,0,0,0,0,0,0,0,0,0,0,0,0,0
2488,3891,70,0,61419,101,"On Ehll Tou's Wings",0,0,0,0,0,0,0,0,0,0,0,0,0,0,0,0,0,0,0,0,0,0,0,0
2489,3838,60,0,61411,101,"Adventurers and Admirers",0,0,0,0,0,0,0,0,0,0,0,0,0,0,0,0,0,0,0,0,0,0,0,0
2490,3962,60,0,61411,101,"Calling All Adventurers",0,0,0,0,0,0,0,0,0,0,0,0,0,0,0,0,0,0,0,0,0,0,0,0
2491,3961,60,0,61411,101,"A Gathering of Gaelicats",0,0,0,0,0,0,0,0,0,0,0,0,0,0,0,0,0,0,0,0,0,0,0,0
2492,4004,60,0,61411,101,"Of Steam, Sweat, and Water",0,0,0,0,0,0,0,0,0,0,0,0,0,0,0,0,0,0,0,0,0,0,0,0
2493,4005,60,0,61411,101,"Swords to Plowshares",0,0,0,0,0,0,0,0,0,0,0,0,0,0,0,0,0,0,0,0,0,0,0,0
2494,4006,60,0,61411,101,"Planting the Seed",0,0,0,0,0,0,0,0,0,0,0,0,0,0,0,0,0,0,0,0,0,0,0,0
2495,3960,60,0,61419,101,"The Brume Lifts",2362,0,0,0,0,0,0,0,0,0,0,0,0,0,0,0,0,0,0,0,0,0,0,0
2496,4079,70,0,61419,101,"You Can Count on It",0,0,0,0,0,0,0,0,0,0,0,0,0,0,0,0,0,0,0,0,0,0,0,0
2497,4080,70,0,61419,101,"Those Who Serve",0,0,0,0,0,0,0,0,0,0,0,0,0,0,0,0,0,0,0,0,0,0,0,0
2498,3839,60,0,61411,101,"Shadow over the Orphanage",0,0,0,0,0,0,0,0,0,0,0,0,0,0,0,0,0,0,0,0,0,0,0,0
2499,3840,60,0,61411,101,"Small Hands, Big Hearts",0,0,0,0,0,0,0,0,0,0,0,0,0,0,0,0,0,0,0,0,0,0,0,0
2500,3959,60,0,61411,101,"A Fashionable Friendship",0,0,0,0,0,0,0,0,0,0,0,0,0,0,0,0,0,0,0,0,0,0,0,0
2501,4003,60,0,61411,101,"Warm Hands, Warm Hearts",0,0,0,0,0,0,0,0,0,0,0,0,0,0,0,0,0,0,0,0,0,0,0,0
2502,3848,80,0,61419,101,"Mislaid Plans",0,0,0,0,0,0,0,0,0,0,0,0,0,0,0,0,0,0,0,0,0,0,0,0
2503,3849,80,0,61419,101,"Work It Harder, Make It Better",0,0,0,0,0,0,0,0,0,0,0,0,0,0,0,0,0,0,0,0,0,0,0,0
2504,3892,80,0,61419,101,"In Everyone's Best Interests",0,0,0,0,0,0,0,0,0,0,0,0,0,0,0,0,0,0,0,0,0,0,0,0
2505,3893,80,0,61921,101," Ever Skyward",0,0,0,0,0,0,0,0,0,0,0,0,0,0,0,0,0,0,0,0,0,0,0,0
2506,3894,80,0,61921,101," The Tools of Tomorrow",0,0,0,0,0,0,0,0,0,0,0,0,0,0,0,0,0,0,0,0,0,0,0,0
2507,3982,80,0,61419,101,"Oddness in the End",0,0,0,0,0,0,0,0,0,0,0,0,0,0,0,0,0,0,0,0,0,0,0,0
2508,3983,80,0,61921,101," The Pinnacle of Possibility",0,0,0,0,0,0,0,0,0,0,0,0,0,0,0,0,0,0,0,0,0,0,0,0
2509,3984,80,0,61419,101," Greater Heights",0,0,0,0,0,0,0,0,0,0,0,0,0,0,0,0,0,0,0,0,0,0,0,0
2510,4730,90,0,61419,102,"An Original Improvement",3046,3047,0,0,0,0,0,0,0,0,0,0,0,0,0,0,0,0,0,0,0,0,0,0
2511,4731,90,0,61921,102," A Dedicated Tool",0,0,0,0,0,0,0,0,0,0,0,0,0,0,0,0,0,0,0,0,0,0,0,0
2512,4732,90,0,61921,102," An Adaptive Tool",0,0,0,0,0,0,0,0,0,0,0,0,0,0,0,0,0,0,0,0,0,0,0,0
2513,4767,90,0,61419,102,"The Joy of Zoi",3127,0,0,0,0,0,0,0,0,0,0,0,0,0,0,0,0,0,0,0,0,0,0,0
2514,4768,90,0,61921,102," A Tool of Her Own",0,0,0,0,0,0,0,0,0,0,0,0,0,0,0,0,0,0,0,0,0,0,0,0
2515,4769,90,0,61921,102," A Tool without Compare",0,0,0,0,0,0,0,0,0,0,0,0,0,0,0,0,0,0,0,0,0,0,0,0
2516,4770,90,0,61419,102,"La Vie Mowen",3124,0,0,0,0,0,0,0,0,0,0,0,0,0,0,0,0,0,0,0,0,0,0,0
2517,4802,90,0,61419,102,"Dance Like Mowen Is Watching",3234,0,0,0,0,0,0,0,0,0,0,0,0,0,0,0,0,0,0,0,0,0,0,0
2518,4803,90,0,61921,102," A Tool for the Ages",0,0,0,0,0,0,0,0,0,0,0,0,0,0,0,0,0,0,0,0,0,0,0,0
2519,4804,90,0,61921,102," Stand Tool, My Friend",0,0,0,0,0,0,0,0,0,0,0,0,0,0,0,0,0,0,0,0,0,0,0,0
2520,4805,90,0,61419,102," Dearly Bekettled",3235,0,0,0,0,0,0,0,0,0,0,0,0,0,0,0,0,0,0,0,0,0,0,0
2521,1556,17,0,61419,103,"The House That Death Built",0,0,0,0,0,0,0,0,0,0,0,0,0,0,0,0,0,0,0,0,0,0,0,0
2522,1557,50,0,61419,103,"The Nightmare's End",0,0,0,0,0,0,0,0,0,0,0,0,0,0,0,0,0,0,0,0,0,0,0,0
2523,2388,60,0,61419,103,"Dead but Not Gone",1346,1347,0,0,0,0,0,0,0,0,0,0,0,0,0,0,0,0,0,0,0,0,0,0
2524,3131,61,0,61419,104,"Knocking on Heaven's Door",0,0,0,0,0,0,0,0,0,0,0,0,0,0,0,0,0,0,0,0,0,0,0,0
2525,3132,61,0,61419,104,"On the Shoulders of Giants",1772,0,0,0,0,0,0,0,0,0,0,0,0,0,0,0,0,0,0,0,0,0,0,0
2526,4663,81,0,61419,105,"Delve into Myth",3033,0,0,0,0,0,0,0,0,0,0,0,0,0,0,0,0,0,0,0,0,0,0,0
2527,4664,81,0,61419,105,"Rage Extinguished",3034,0,0,0,0,0,0,0,0,0,0,0,0,0,0,0,0,0,0,0,0,0,0,0
2528,4665,81,0,61419,105,"Orthos Unveiled",3035,0,0,0,0,0,0,0,0,0,0,0,0,0,0,0,0,0,0,0,0,0,0,0
2529,5405,91,0,61419,106,"Pilgrimage of Light",3756,0,0,0,0,0,0,0,0,0,0,0,0,0,0,0,0,0,0,0,0,0,0,0
2530,5406,91,0,61419,106,"Faerie Tale",3757,0,0,0,0,0,0,0,0,0,0,0,0,0,0,0,0,0,0,0,0,0,0,0
2531,5407,91,0,61419,106,"A Branch and Their Sapling",3758,0,0,0,0,0,0,0,0,0,0,0,0,0,0,0,0,0,0,0,0,0,0,0
2532,4643,1,0,61419,107,"Seeking Sanctuary",2939,0,0,0,0,0,0,0,0,0,0,0,0,0,0,0,0,0,0,0,0,0,0,0
2533,4645,1,0,61411,107,"The Land, Wind, and Sea",0,0,0,0,0,0,0,0,0,0,0,0,0,0,0,0,0,0,0,0,0,0,0,0
2534,4729,1,0,61411,107,"A Far Eastern Yarn",0,0,0,0,0,0,0,0,0,0,0,0,0,0,0,0,0,0,0,0,0,0,0,0
2535,4763,1,0,61411,107,"An Ideal Marriage",3153,0,0,0,0,0,0,0,0,0,0,0,0,0,0,0,0,0,0,0,0,0,0,0
2536,4793,1,0,61411,107,"The Sweetest Thing",3228,3251,0,0,0,0,0,0,0,0,0,0,0,0,0,0,0,0,0,0,0,0,0,0
2537,4794,1,0,61411,107,"Where Worries Melt Away",3229,0,0,0,0,0,0,0,0,0,0,0,0,0,0,0,0,0,0,0,0,0,0,0
2538,4646,90,0,61419,108,"A Key to the Past",0,0,0,0,0,0,0,0,0,0,0,0,0,0,0,0,0,0,0,0,0,0,0,0
2539,4649,90,0,61411,108,"For Coin, Country, and Comrades",2940,0,0,0,0,0,0,0,0,0,0,0,0,0,0,0,0,0,0,0,0,0,0,0
2540,4733,90,0,61419,108,"Mononoke Aware",3115,3146,0,0,0,0,0,0,0,0,0,0,0,0,0,0,0,0,0,0,0,0,0,0
2541,4734,90,0,61411,108,"Of Price and Ruin",3116,0,0,0,0,0,0,0,0,0,0,0,0,0,0,0,0,0,0,0,0,0,0,0
2542,4789,90,0,61419,108,"Stranger from Paradise",3190,0,0,0,0,0,0,0,0,0,0,0,0,0,0,0,0,0,0,0,0,0,0,0
2543,4790,90,0,61411,108,"A Fish a Day",3191,0,0,0,0,0,0,0,0,0,0,0,0,0,0,0,0,0,0,0,0,0,0,0
2544,5441,90,0,61419,108,"A Spellbinding Read",3877,3875,0,0,0,0,0,0,0,0,0,0,0,0,0,0,0,0,0,0,0,0,0,0
2545,5442,90,0,61411,108,"Starting a New Chapter",3876,0,0,0,0,0,0,0,0,0,0,0,0,0,0,0,0,0,0,0,0,0,0,0
2546,5253,10,0,61419,109,"A Cosmic Homecoming",3647,3648,0,0,0,0,0,0,0,0,0,0,0,0,0,0,0,0,0,0,0,0,0,0
2547,5254,10,0,61419,109,"Passion, Thy Name Is Ardorum",3649,0,0,0,0,0,0,0,0,0,0,0,0,0,0,0,0,0,0,0,0,0,0,0
2548,5409,10,0,61419,109,"Go Forth, Brave Explorers",3729,3730,3731,0,0,0,0,0,0,0,0,0,0,0,0,0,0,0,0,0,0,0,0,0
2549,5410,10,0,61419,109,"The Brightest Star",3732,0,0,0,0,0,0,0,0,0,0,0,0,0,0,0,0,0,0,0,0,0,0,0
2550,5448,10,0,61419,109,"Mission of Gravity",3853,3854,3855,0,0,0,0,0,0,0,0,0,0,0,0,0,0,0,0,0,0,0,0,0
2551,5449,10,0,61419,109,"Memory's Orbit",3856,0,0,0,0,0,0,0,0,0,0,0,0,0,0,0,0,0,0,0,0,0,0,0
2552,0,0,0,0,0,"",0,0,0,0,0,0,0,0,0,0,0,0,0,0,0,0,0,0,0,0,0,0,0,0
2553,0,0,0,0,0,"",0,0,0,0,0,0,0,0,0,0,0,0,0,0,0,0,0,0,0,0,0,0,0,0
2554,0,0,0,0,0,"",0,0,0,0,0,0,0,0,0,0,0,0,0,0,0,0,0,0,0,0,0,0,0,0
2555,5323,10,0,61411,110,"A Manager's Patience",0,0,0,0,0,0,0,0,0,0,0,0,0,0,0,0,0,0,0,0,0,0,0,0
2556,5324,10,0,61411,110,"A Manager's Persistence",0,0,0,0,0,0,0,0,0,0,0,0,0,0,0,0,0,0,0,0,0,0,0,0
2557,5411,10,0,61411,110,"A Manager's Discernment",0,0,0,0,0,0,0,0,0,0,0,0,0,0,0,0,0,0,0,0,0,0,0,0
2558,5412,10,0,61411,110,"Perspective Reflected",0,0,0,0,0,0,0,0,0,0,0,0,0,0,0,0,0,0,0,0,0,0,0,0
2559,5413,10,0,61411,110,"Pilot Wanted",0,0,0,0,0,0,0,0,0,0,0,0,0,0,0,0,0,0,0,0,0,0,0,0
2560,5414,10,0,61411,110,"A Manager's Delegation",0,0,0,0,0,0,0,0,0,0,0,0,0,0,0,0,0,0,0,0,0,0,0,0
2561,5450,10,0,61411,110,"A Manager's Prudence",0,0,0,0,0,0,0,0,0,0,0,0,0,0,0,0,0,0,0,0,0,0,0,0
2562,5451,10,0,61411,110,"Terror along the Tracks",0,0,0,0,0,0,0,0,0,0,0,0,0,0,0,0,0,0,0,0,0,0,0,0
2563,5452,10,0,61411,110,"A Manager's Power",0,0,0,0,0,0,0,0,0,0,0,0,0,0,0,0,0,0,0,0,0,0,0,0
2564,5453,10,0,61411,110,"An Interstellar Field Trip",0,0,0,0,0,0,0,0,0,0,0,0,0,0,0,0,0,0,0,0,0,0,0,0
2565,0,0,0,0,0,"",0,0,0,0,0,0,0,0,0,0,0,0,0,0,0,0,0,0,0,0,0,0,0,0
2566,0,0,0,0,0,"",0,0,0,0,0,0,0,0,0,0,0,0,0,0,0,0,0,0,0,0,0,0,0,0
2567,0,0,0,0,0,"",0,0,0,0,0,0,0,0,0,0,0,0,0,0,0,0,0,0,0,0,0,0,0,0
2568,0,0,0,0,0,"",0,0,0,0,0,0,0,0,0,0,0,0,0,0,0,0,0,0,0,0,0,0,0,0
2569,5309,100,0,61419,111,"One Last Hurrah",3654,3637,0,0,0,0,0,0,0,0,0,0,0,0,0,0,0,0,0,0,0,0,0,0
2570,5310,100,0,61419,111,"The Phantom Village",3638,0,0,0,0,0,0,0,0,0,0,0,0,0,0,0,0,0,0,0,0,0,0,0
2571,5311,100,0,61419,111,"Unfamiliar Territory",0,0,0,0,0,0,0,0,0,0,0,0,0,0,0,0,0,0,0,0,0,0,0,0
2572,5312,100,0,61419,111,"New Job, Old Tricks",0,0,0,0,0,0,0,0,0,0,0,0,0,0,0,0,0,0,0,0,0,0,0,0
2573,5313,100,0,61419,111,"The Ancient Arts of War",0,0,0,0,0,0,0,0,0,0,0,0,0,0,0,0,0,0,0,0,0,0,0,0
2574,5314,100,0,61419,111,"Creatures of the Crescent",0,0,0,0,0,0,0,0,0,0,0,0,0,0,0,0,0,0,0,0,0,0,0,0
2575,5315,100,0,61419,111,"A Ruined Land",0,0,0,0,0,0,0,0,0,0,0,0,0,0,0,0,0,0,0,0,0,0,0,0
2576,5316,100,0,61419,111,"A Common Thread",0,0,0,0,0,0,0,0,0,0,0,0,0,0,0,0,0,0,0,0,0,0,0,0
2577,5317,100,0,61419,111,"Past and Crescent",0,0,0,0,0,0,0,0,0,0,0,0,0,0,0,0,0,0,0,0,0,0,0,0
2578,5318,100,0,61419,111,"Mysteries Abide",0,0,0,0,0,0,0,0,0,0,0,0,0,0,0,0,0,0,0,0,0,0,0,0
2579,0,0,0,0,0,"",0,0,0,0,0,0,0,0,0,0,0,0,0,0,0,0,0,0,0,0,0,0,0,0
2580,0,0,0,0,0,"",0,0,0,0,0,0,0,0,0,0,0,0,0,0,0,0,0,0,0,0,0,0,0,0
2581,0,0,0,0,0,"",0,0,0,0,0,0,0,0,0,0,0,0,0,0,0,0,0,0,0,0,0,0,0,0
2582,0,0,0,0,0,"",0,0,0,0,0,0,0,0,0,0,0,0,0,0,0,0,0,0,0,0,0,0,0,0
2583,0,0,0,0,0,"",0,0,0,0,0,0,0,0,0,0,0,0,0,0,0,0,0,0,0,0,0,0,0,0
2584,0,0,0,0,0,"",0,0,0,0,0,0,0,0,0,0,0,0,0,0,0,0,0,0,0,0,0,0,0,0
2585,0,0,0,0,0,"",0,0,0,0,0,0,0,0,0,0,0,0,0,0,0,0,0,0,0,0,0,0,0,0
2586,0,0,0,0,0,"",0,0,0,0,0,0,0,0,0,0,0,0,0,0,0,0,0,0,0,0,0,0,0,0
2587,4779,50,0,61411,93," Remembering the Past",0,0,0,0,0,0,0,0,0,0,0,0,0,0,0,0,0,0,0,0,0,0,0,0
2588,4780,50,0,61411,93," Preserving the Future",3131,0,0,0,0,0,0,0,0,0,0,0,0,0,0,0,0,0,0,0,0,0,0,0
2589,1481,50,0,61411,94,"Of Errant Epistles",0,0,0,0,0,0,0,0,0,0,0,0,0,0,0,0,0,0,0,0,0,0,0,0
2590,1483,50,0,61411,94,"A Debt Unpaid",0,0,0,0,0,0,0,0,0,0,0,0,0,0,0,0,0,0,0,0,0,0,0,0
2591,1482,50,0,61411,94,"Carline Memories",0,0,0,0,0,0,0,0,0,0,0,0,0,0,0,0,0,0,0,0,0,0,0,0
2592,1484,50,0,61411,94,"Dream On",0,0,0,0,0,0,0,0,0,0,0,0,0,0,0,0,0,0,0,0,0,0,0,0
2593,1531,50,0,61411,94,"Spirits Most Foul",0,0,0,0,0,0,0,0,0,0,0,0,0,0,0,0,0,0,0,0,0,0,0,0
2594,1532,50,0,61411,94,"Dubious Dancing",0,0,0,0,0,0,0,0,0,0,0,0,0,0,0,0,0,0,0,0,0,0,0,0
2595,1533,50,0,61411,94,"Stroking the Haft",0,0,0,0,0,0,0,0,0,0,0,0,0,0,0,0,0,0,0,0,0,0,0,0
2596,1485,50,0,61411,94,"Thwack-a-Mole",0,0,0,0,0,0,0,0,0,0,0,0,0,0,0,0,0,0,0,0,0,0,0,0
2597,33,50,0,61411,94,"Sweet Words, Shadowy Dealings",0,0,0,0,0,0,0,0,0,0,0,0,0,0,0,0,0,0,0,0,0,0,0,0
2598,1571,50,0,61411,94,"The Captain of Her Heart",0,0,0,0,0,0,0,0,0,0,0,0,0,0,0,0,0,0,0,0,0,0,0,0
2599,36,50,0,61411,94,"Sudul Eht Nioj",0,0,0,0,0,0,0,0,0,0,0,0,0,0,0,0,0,0,0,0,0,0,0,0
2600,1573,50,0,61411,94,"Of Siblings and Side-whiskers",0,0,0,0,0,0,0,0,0,0,0,0,0,0,0,0,0,0,0,0,0,0,0,0
2601,1570,50,0,61411,94,"Death of a Mailman",0,0,0,0,0,0,0,0,0,0,0,0,0,0,0,0,0,0,0,0,0,0,0,0
2602,1576,50,0,61411,94,"All in the Family",0,0,0,0,0,0,0,0,0,0,0,0,0,0,0,0,0,0,0,0,0,0,0,0
2603,1577,50,0,61411,94,"Duel Personalities",0,0,0,0,0,0,0,0,0,0,0,0,0,0,0,0,0,0,0,0,0,0,0,0
2604,241,50,0,61411,94,"Lone Survivor",0,0,0,0,0,0,0,0,0,0,0,0,0,0,0,0,0,0,0,0,0,0,0,0
2605,242,50,0,61411,94,"Guildmaster, Prelate, and Plot",0,0,0,0,0,0,0,0,0,0,0,0,0,0,0,0,0,0,0,0,0,0,0,0
2606,1574,50,0,61411,94,"The Past Is a Story We Never Tell",0,0,0,0,0,0,0,0,0,0,0,0,0,0,0,0,0,0,0,0,0,0,0,0
2607,1572,50,0,61411,94,"Thanks for Your Support",0,0,0,0,0,0,0,0,0,0,0,0,0,0,0,0,0,0,0,0,0,0,0,0
2608,1575,50,0,61411,94,"Hostages to Fortune",0,0,0,0,0,0,0,0,0,0,0,0,0,0,0,0,0,0,0,0,0,0,0,0
2609,243,50,0,61411,94,"A Qiqirn Always Pays His Debts",0,0,0,0,0,0,0,0,0,0,0,0,0,0,0,0,0,0,0,0,0,0,0,0
2610,244,50,0,61411,94,"The Hazy Professor",0,0,0,0,0,0,0,0,0,0,0,0,0,0,0,0,0,0,0,0,0,0,0,0
2611,240,50,0,61411,94,"Blues on Emerald Avenue",0,0,0,0,0,0,0,0,0,0,0,0,0,0,0,0,0,0,0,0,0,0,0,0
2612,496,50,0,61411,94,"Better Left Unfound",0,0,0,0,0,0,0,0,0,0,0,0,0,0,0,0,0,0,0,0,0,0,0,0
2613,362,50,0,61411,94,"The Little Postmoogle That Could",0,0,0,0,0,0,0,0,0,0,0,0,0,0,0,0,0,0,0,0,0,0,0,0
2614,1869,56,0,61411,95,"Keeping the Ledger",0,0,0,0,0,0,0,0,0,0,0,0,0,0,0,0,0,0,0,0,0,0,0,0
2615,2152,60,0,61411,95,"Contradicting Convictions",1099,0,0,0,0,0,0,0,0,0,0,0,0,0,0,0,0,0,0,0,0,0,0,0
2616,2153,60,0,61411,95,"The Benefits of Consultation",1100,1101,0,0,0,0,0,0,0,0,0,0,0,0,0,0,0,0,0,0,0,0,0,0
2617,2154,60,0,61411,95,"Balancing the Spear",1102,0,0,0,0,0,0,0,0,0,0,0,0,0,0,0,0,0,0,0,0,0,0,0
2618,2155,60,0,61411,95,"More than Meets Her Eye",1103,1104,0,0,0,0,0,0,0,0,0,0,0,0,0,0,0,0,0,0,0,0,0,0
2619,2207,60,0,61411,95,"Divine Reckoning",0,0,0,0,0,0,0,0,0,0,0,0,0,0,0,0,0,0,0,0,0,0,0,0
2620,2208,60,0,61411,95,"Through the Grapevine",0,0,0,0,0,0,0,0,0,0,0,0,0,0,0,0,0,0,0,0,0,0,0,0
2621,2209,60,0,61411,95,"A Familial Resemblance",0,0,0,0,0,0,0,0,0,0,0,0,0,0,0,0,0,0,0,0,0,0,0,0
2622,2210,60,0,61411,95,"Finding Ulaa",1329,0,0,0,0,0,0,0,0,0,0,0,0,0,0,0,0,0,0,0,0,0,0,0
2623,2361,60,0,61411,95,"The Student Body's Revenge",0,0,0,0,0,0,0,0,0,0,0,0,0,0,0,0,0,0,0,0,0,0,0,0
2624,2362,60,0,61411,95,"The Whipping Boy",0,0,0,0,0,0,0,0,0,0,0,0,0,0,0,0,0,0,0,0,0,0,0,0
2625,2363,60,0,61411,95,"Letters from No One",0,0,0,0,0,0,0,0,0,0,0,0,0,0,0,0,0,0,0,0,0,0,0,0
2626,2364,60,0,61411,95,"The Life and Lies of Father Saturnois",1349,0,0,0,0,0,0,0,0,0,0,0,0,0,0,0,0,0,0,0,0,0,0,0
2627,3986,80,0,61411,96,"The Hero's Journey",0,0,0,0,0,0,0,0,0,0,0,0,0,0,0,0,0,0,0,0,0,0,0,0
2628,3987,80,0,61411,96,"One Step Closer",0,0,0,0,0,0,0,0,0,0,0,0,0,0,0,0,0,0,0,0,0,0,0,0
2629,3988,80,0,61411,96,"A Bounty of Hunters",2473,2474,0,0,0,0,0,0,0,0,0,0,0,0,0,0,0,0,0,0,0,0,0,0
2630,4583,90,0,61411,97,"Small Business, Big Dreams",0,0,0,0,0,0,0,0,0,0,0,0,0,0,0,0,0,0,0,0,0,0,0,0
2631,4650,90,0,61411,97,"Soaring Profits",2955,2956,0,0,0,0,0,0,0,0,0,0,0,0,0,0,0,0,0,0,0,0,0,0
2632,4662,90,0,61411,97,"An Auspicious Opportunity",3022,3023,3040,0,0,0,0,0,0,0,0,0,0,0,0,0,0,0,0,0,0,0,0,0
2633,4761,90,0,61411,97,"Aggressive Expansion",3110,3112,3113,0,0,0,0,0,0,0,0,0,0,0,0,0,0,0,0,0,0,0,0,0
2634,4762,90,0,61411,97,"Forever in Our Hearts",3114,0,0,0,0,0,0,0,0,0,0,0,0,0,0,0,0,0,0,0,0,0,0,0
2635,4812,90,0,61411,97,"Treasured Bonds",3231,0,0,0,0,0,0,0,0,0,0,0,0,0,0,0,0,0,0,0,0,0,0,0
2636,4813,90,0,61411,97,"More Precious than Gil",3232,0,0,0,0,0,0,0,0,0,0,0,0,0,0,0,0,0,0,0,0,0,0,0
2637,0,0,0,0,0,"",0,0,0,0,0,0,0,0,0,0,0,0,0,0,0,0,0,0,0,0,0,0,0,0
2638,2393,1,0,61411,358,"It's Time to Duel",0,0,0,0,0,0,0,0,0,0,0,0,0,0,0,0,0,0,0,0,0,0,0,0
2639,3007,30,0,61419,358,"Earning Your Wings",1664,0,0,0,0,0,0,0,0,0,0,0,0,0,0,0,0,0,0,0,0,0,0,0
2640,4585,30,0,61419,358,"The Crystal (Line's) Call",2870,0,0,0,0,0,0,0,0,0,0,0,0,0,0,0,0,0,0,0,0,0,0,0
2641,107,1,0,61411,27,"Coming to Limsa Lominsa",2,200,147,132,138,201,202,0,0,0,0,0,0,0,0,0,0,0,0,0,0,0,0,0
2642,111,1,0,61411,27,"Making a Name",0,0,0,0,0,0,0,0,0,0,0,0,0,0,0,0,0,0,0,0,0,0,0,0
2643,112,1,0,61411,27,"Suspiciously Sober",0,0,0,0,0,0,0,0,0,0,0,0,0,0,0,0,0,0,0,0,0,0,0,0
2644,113,1,0,61411,27,"Proper Procedure",0,0,0,0,0,0,0,0,0,0,0,0,0,0,0,0,0,0,0,0,0,0,0,0
2645,114,1,0,61411,27,"The Right Price",0,0,0,0,0,0,0,0,0,0,0,0,0,0,0,0,0,0,0,0,0,0,0,0
2646,115,1,0,61411,27,"Duty Calls",0,0,0,0,0,0,0,0,0,0,0,0,0,0,0,0,0,0,0,0,0,0,0,0
2647,323,1,0,61411,27,"Edelweiss, Edelweiss",0,0,0,0,0,0,0,0,0,0,0,0,0,0,0,0,0,0,0,0,0,0,0,0
2648,3843,1,0,61419,27,"All the Fish in the Sea",0,0,0,0,0,0,0,0,0,0,0,0,0,0,0,0,0,0,0,0,0,0,0,0
2649,117,1,1,61411,27,"A Thousand Words",0,0,0,0,0,0,0,0,0,0,0,0,0,0,0,0,0,0,0,0,0,0,0,0
2650,118,1,1,61411,27,"Licensed to Reave",0,0,0,0,0,0,0,0,0,0,0,0,0,0,0,0,0,0,0,0,0,0,0,0
2651,119,1,1,61411,27,"Lost and Found",0,0,0,0,0,0,0,0,0,0,0,0,0,0,0,0,0,0,0,0,0,0,0,0
2652,120,1,1,61411,27,"I Stay the Streetlight",0,0,0,0,0,0,0,0,0,0,0,0,0,0,0,0,0,0,0,0,0,0,0,0
2653,116,1,2,61411,27,"A Sheepish Request",0,0,0,0,0,0,0,0,0,0,0,0,0,0,0,0,0,0,0,0,0,0,0,0
2654,121,1,2,61411,27,"Back in the Water",0,0,0,0,0,0,0,0,0,0,0,0,0,0,0,0,0,0,0,0,0,0,0,0
2655,661,1,2,61411,27,"The Rats in the Wharf",0,0,0,0,0,0,0,0,0,0,0,0,0,0,0,0,0,0,0,0,0,0,0,0
2656,122,1,3,61411,27,"Glory Days",0,0,0,0,0,0,0,0,0,0,0,0,0,0,0,0,0,0,0,0,0,0,0,0
2657,662,1,3,61411,27,"Soothing the Savage Siren",0,0,0,0,0,0,0,0,0,0,0,0,0,0,0,0,0,0,0,0,0,0,0,0
2658,663,4,0,61411,27,"Fool Me Once",0,0,0,0,0,0,0,0,0,0,0,0,0,0,0,0,0,0,0,0,0,0,0,0
2659,471,4,1,61411,30,"Rocks in a Hard Place",0,0,0,0,0,0,0,0,0,0,0,0,0,0,0,0,0,0,0,0,0,0,0,0
2660,475,4,1,61411,31,"Cry Me a Liver",0,0,0,0,0,0,0,0,0,0,0,0,0,0,0,0,0,0,0,0,0,0,0,0
2661,481,4,1,61411,31,"Moegramm Had a Little Lamb",0,0,0,0,0,0,0,0,0,0,0,0,0,0,0,0,0,0,0,0,0,0,0,0
2662,1214,5,0,61419,31,"Where the Heart Is (Mist)",414,0,0,0,0,0,0,0,0,0,0,0,0,0,0,0,0,0,0,0,0,0,0,0
2663,472,4,2,61411,30,"The Time Is Ripe",0,0,0,0,0,0,0,0,0,0,0,0,0,0,0,0,0,0,0,0,0,0,0,0
2664,476,4,2,61411,31,"Wool's Errand",0,0,0,0,0,0,0,0,0,0,0,0,0,0,0,0,0,0,0,0,0,0,0,0
2665,480,4,2,61411,31,"Much Ado About Dodos",0,0,0,0,0,0,0,0,0,0,0,0,0,0,0,0,0,0,0,0,0,0,0,0
2666,470,5,2,61411,30,"Yarzon, Yarzoff",0,0,0,0,0,0,0,0,0,0,0,0,0,0,0,0,0,0,0,0,0,0,0,0
2667,473,4,3,61411,30,"Orange Crush",0,0,0,0,0,0,0,0,0,0,0,0,0,0,0,0,0,0,0,0,0,0,0,0
2668,482,4,3,61411,31,"Whack-a-Mole",0,0,0,0,0,0,0,0,0,0,0,0,0,0,0,0,0,0,0,0,0,0,0,0
2669,484,4,3,61411,31,"What Goes Around",0,0,0,0,0,0,0,0,0,0,0,0,0,0,0,0,0,0,0,0,0,0,0,0
2670,474,5,3,61411,30,"A Pound of Cure",0,0,0,0,0,0,0,0,0,0,0,0,0,0,0,0,0,0,0,0,0,0,0,0
2671,477,4,4,61411,31,"Flour Power",0,0,0,0,0,0,0,0,0,0,0,0,0,0,0,0,0,0,0,0,0,0,0,0
2672,483,4,4,61411,31,"Beetle Juice",0,0,0,0,0,0,0,0,0,0,0,0,0,0,0,0,0,0,0,0,0,0,0,0
2673,485,4,4,61411,31,"Fire and Brimstone",0,0,0,0,0,0,0,0,0,0,0,0,0,0,0,0,0,0,0,0,0,0,0,0
2674,486,4,4,61411,31,"Kobolds Ahoy",0,0,0,0,0,0,0,0,0,0,0,0,0,0,0,0,0,0,0,0,0,0,0,0
2675,478,4,5,61411,31,"Kobolds and Indigents",0,0,0,0,0,0,0,0,0,0,0,0,0,0,0,0,0,0,0,0,0,0,0,0
2676,479,4,5,61411,31,"Bait and Swat",0,0,0,0,0,0,0,0,0,0,0,0,0,0,0,0,0,0,0,0,0,0,0,0
2677,487,9,0,61411,27,"Meet, Greet, and Deceit",0,0,0,0,0,0,0,0,0,0,0,0,0,0,0,0,0,0,0,0,0,0,0,0
2678,59,10,0,61419,33,"Simply the Hest",0,0,0,0,0,0,0,0,0,0,0,0,0,0,0,0,0,0,0,0,0,0,0,0
2679,399,10,0,61411,30,"Out to Dry",0,0,0,0,0,0,0,0,0,0,0,0,0,0,0,0,0,0,0,0,0,0,0,0
2680,400,10,0,61411,30,"Keeping It Fresh",0,0,0,0,0,0,0,0,0,0,0,0,0,0,0,0,0,0,0,0,0,0,0,0
2681,401,10,0,61411,30,"Baiting Buzzards",0,0,0,0,0,0,0,0,0,0,0,0,0,0,0,0,0,0,0,0,0,0,0,0
2682,693,10,0,61419,27,"Leves of Swiftperch",0,0,0,0,0,0,0,0,0,0,0,0,0,0,0,0,0,0,0,0,0,0,0,0
2683,407,10,1,61411,31,"A Bridge Too Full",0,0,0,0,0,0,0,0,0,0,0,0,0,0,0,0,0,0,0,0,0,0,0,0
2684,405,10,2,61411,33,"Need to Breed",0,0,0,0,0,0,0,0,0,0,0,0,0,0,0,0,0,0,0,0,0,0,0,0
2685,408,10,2,61411,31,"What Counts",0,0,0,0,0,0,0,0,0,0,0,0,0,0,0,0,0,0,0,0,0,0,0,0
2686,409,10,2,61411,31,"Failure to Lunch",0,0,0,0,0,0,0,0,0,0,0,0,0,0,0,0,0,0,0,0,0,0,0,0
2687,410,10,3,61411,31,"Nailed It",0,0,0,0,0,0,0,0,0,0,0,0,0,0,0,0,0,0,0,0,0,0,0,0
2688,411,10,3,61411,31,"Constant Carvings",0,0,0,0,0,0,0,0,0,0,0,0,0,0,0,0,0,0,0,0,0,0,0,0
2689,416,10,3,61411,31,"Forbidden Island",0,0,0,0,0,0,0,0,0,0,0,0,0,0,0,0,0,0,0,0,0,0,0,0
2690,417,10,3,61411,31,"Say It with Flowers",0,0,0,0,0,0,0,0,0,0,0,0,0,0,0,0,0,0,0,0,0,0,0,0
2691,1426,14,0,61411,27,"Good for What Ales You",0,0,0,0,0,0,0,0,0,0,0,0,0,0,0,0,0,0,0,0,0,0,0,0
2692,694,15,0,61419,33,"Leves of Aleport",0,0,0,0,0,0,0,0,0,0,0,0,0,0,0,0,0,0,0,0,0,0,0,0
2693,1142,15,0,61411,33,"Keep Your Day Job",0,0,0,0,0,0,0,0,0,0,0,0,0,0,0,0,0,0,0,0,0,0,0,0
2694,1143,15,0,61411,33,"Mountains out of Molehills",0,0,0,0,0,0,0,0,0,0,0,0,0,0,0,0,0,0,0,0,0,0,0,0
2695,1144,15,0,61411,33,"Walk of Shame",0,0,0,0,0,0,0,0,0,0,0,0,0,0,0,0,0,0,0,0,0,0,0,0
2696,1145,15,0,61411,33,"On a Wing and a Prayer",0,0,0,0,0,0,0,0,0,0,0,0,0,0,0,0,0,0,0,0,0,0,0,0
2697,1146,15,0,61411,33,"Mummy Dearest",0,0,0,0,0,0,0,0,0,0,0,0,0,0,0,0,0,0,0,0,0,0,0,0
2698,1210,15,0,61419,27,"Beauty Is Only Scalp Deep",449,0,0,0,0,0,0,0,0,0,0,0,0,0,0,0,0,0,0,0,0,0,0,0
2699,1289,15,0,61411,33,"Like Cats and Dogs",0,0,0,0,0,0,0,0,0,0,0,0,0,0,0,0,0,0,0,0,0,0,0,0
2700,1290,15,0,61411,33,"Man's Best Fiend",0,0,0,0,0,0,0,0,0,0,0,0,0,0,0,0,0,0,0,0,0,0,0,0
2701,1291,15,0,61411,33,"Curiosity Killed the Coeurl",0,0,0,0,0,0,0,0,0,0,0,0,0,0,0,0,0,0,0,0,0,0,0,0
2702,1431,15,0,61419,27,"Rising to the Challenge",0,0,0,0,0,0,0,0,0,0,0,0,0,0,0,0,0,0,0,0,0,0,0,0
2703,1147,16,0,61411,33,"Nest We Forget",0,0,0,0,0,0,0,0,0,0,0,0,0,0,0,0,0,0,0,0,0,0,0,0
2704,1148,16,0,61411,33,"Toxic Avenger",0,0,0,0,0,0,0,0,0,0,0,0,0,0,0,0,0,0,0,0,0,0,0,0
2705,1149,16,0,61411,33,"My Brother's Not a Keeper",0,0,0,0,0,0,0,0,0,0,0,0,0,0,0,0,0,0,0,0,0,0,0,0
2706,1150,16,0,61411,33,"Flowers for Aerghaemr",0,0,0,0,0,0,0,0,0,0,0,0,0,0,0,0,0,0,0,0,0,0,0,0
2707,1151,16,0,61411,33,"Scythe Extra Large",0,0,0,0,0,0,0,0,0,0,0,0,0,0,0,0,0,0,0,0,0,0,0,0
2708,1152,16,0,61411,33,"I Hereby Relieve You",0,0,0,0,0,0,0,0,0,0,0,0,0,0,0,0,0,0,0,0,0,0,0,0
2709,1433,17,0,61419,27,"An Ill-conceived Venture",0,0,0,0,0,0,0,0,0,0,0,0,0,0,0,0,0,0,0,0,0,0,0,0
2710,695,20,0,61419,31,"Leves of Moraby",0,0,0,0,0,0,0,0,0,0,0,0,0,0,0,0,0,0,0,0,0,0,0,0
2711,701,20,0,61419,27,"My Little Chocobo (Maelstrom)",239,0,0,0,0,0,0,0,0,0,0,0,0,0,0,0,0,0,0,0,0,0,0,0
2712,735,23,0,61411,34,"The Hottest of Box Lunches",0,0,0,0,0,0,0,0,0,0,0,0,0,0,0,0,0,0,0,0,0,0,0,0
2713,736,23,0,61411,34,"Buried Truth",0,0,0,0,0,0,0,0,0,0,0,0,0,0,0,0,0,0,0,0,0,0,0,0
2714,696,30,0,61419,32,"Leves of Costa del Sol",0,0,0,0,0,0,0,0,0,0,0,0,0,0,0,0,0,0,0,0,0,0,0,0
2715,813,30,0,61411,32,"Costa Beach Party",0,0,0,0,0,0,0,0,0,0,0,0,0,0,0,0,0,0,0,0,0,0,0,0
2716,4764,30,0,61419,27,"A Faerie Tale Come True",0,0,0,0,0,0,0,0,0,0,0,0,0,0,0,0,0,0,0,0,0,0,0,0
2717,833,32,0,61411,32,"Who Moved My Headcheese",0,0,0,0,0,0,0,0,0,0,0,0,0,0,0,0,0,0,0,0,0,0,0,0
2718,834,32,0,61411,32,"Get a Grip",0,0,0,0,0,0,0,0,0,0,0,0,0,0,0,0,0,0,0,0,0,0,0,0
2719,835,32,0,61411,32,"Unrefined Methods",0,0,0,0,0,0,0,0,0,0,0,0,0,0,0,0,0,0,0,0,0,0,0,0
2720,836,32,0,61411,32,"Buffaloed All the Way",0,0,0,0,0,0,0,0,0,0,0,0,0,0,0,0,0,0,0,0,0,0,0,0
2721,837,32,0,61411,32,"Pests in the Pillars",0,0,0,0,0,0,0,0,0,0,0,0,0,0,0,0,0,0,0,0,0,0,0,0
2722,838,32,0,61411,32,"To You from Failing Hands We Throw",0,0,0,0,0,0,0,0,0,0,0,0,0,0,0,0,0,0,0,0,0,0,0,0
2723,841,32,0,61411,32,"Raptor 'round Your Little Finger",0,0,0,0,0,0,0,0,0,0,0,0,0,0,0,0,0,0,0,0,0,0,0,0
2724,842,32,0,61411,32,"Put a Cork in It",0,0,0,0,0,0,0,0,0,0,0,0,0,0,0,0,0,0,0,0,0,0,0,0
2725,844,32,1,61411,32,"Mona Lisa Smile",0,0,0,0,0,0,0,0,0,0,0,0,0,0,0,0,0,0,0,0,0,0,0,0
2726,849,33,0,61411,32,"Anise, Chocolate, and a Hint of Toad",0,0,0,0,0,0,0,0,0,0,0,0,0,0,0,0,0,0,0,0,0,0,0,0
2727,851,33,0,61411,32,"The Wind, It Passes",0,0,0,0,0,0,0,0,0,0,0,0,0,0,0,0,0,0,0,0,0,0,0,0
2728,852,33,0,61411,32,"Bird's-eye View",0,0,0,0,0,0,0,0,0,0,0,0,0,0,0,0,0,0,0,0,0,0,0,0
2729,853,33,0,61411,32,"The Stench of Danger",0,0,0,0,0,0,0,0,0,0,0,0,0,0,0,0,0,0,0,0,0,0,0,0
2730,858,34,0,61411,34,"One Swallow Does Not a Victory Make",0,0,0,0,0,0,0,0,0,0,0,0,0,0,0,0,0,0,0,0,0,0,0,0
2731,859,34,0,61411,350,"Never Trout That I Love",0,0,0,0,0,0,0,0,0,0,0,0,0,0,0,0,0,0,0,0,0,0,0,0
2732,860,34,0,61411,350,"Dead or Sumfin' Like It",0,0,0,0,0,0,0,0,0,0,0,0,0,0,0,0,0,0,0,0,0,0,0,0
2733,861,34,0,61411,350,"Return to Your Dust",0,0,0,0,0,0,0,0,0,0,0,0,0,0,0,0,0,0,0,0,0,0,0,0
2734,862,34,0,61411,350,"Deduce, Reuse, Recycle",0,0,0,0,0,0,0,0,0,0,0,0,0,0,0,0,0,0,0,0,0,0,0,0
2735,863,34,0,61411,350,"Don't Let the Cat out of the Bag",0,0,0,0,0,0,0,0,0,0,0,0,0,0,0,0,0,0,0,0,0,0,0,0
2736,864,34,0,61411,350,"Looking for Trouble",0,0,0,0,0,0,0,0,0,0,0,0,0,0,0,0,0,0,0,0,0,0,0,0
2737,865,34,0,61411,350,"Helm Me You Love Me",0,0,0,0,0,0,0,0,0,0,0,0,0,0,0,0,0,0,0,0,0,0,0,0
2738,866,34,0,61411,34,"The Monster of Bronze Lake",0,0,0,0,0,0,0,0,0,0,0,0,0,0,0,0,0,0,0,0,0,0,0,0
2739,867,34,0,61411,34,"Red, Red Wine",0,0,0,0,0,0,0,0,0,0,0,0,0,0,0,0,0,0,0,0,0,0,0,0
2740,868,34,0,61411,34,"The Adventure of the Fainting Goldsmith",0,0,0,0,0,0,0,0,0,0,0,0,0,0,0,0,0,0,0,0,0,0,0,0
2741,14,35,0,61419,32,"Leves of Wineport",0,0,0,0,0,0,0,0,0,0,0,0,0,0,0,0,0,0,0,0,0,0,0,0
2742,1211,36,0,61419,32,"Treasures and Tribulations",0,0,0,0,0,0,0,0,0,0,0,0,0,0,0,0,0,0,0,0,0,0,0,0
2743,964,42,0,61411,33,"Grave Happenings",0,0,0,0,0,0,0,0,0,0,0,0,0,0,0,0,0,0,0,0,0,0,0,0
2744,965,42,0,61411,33,"Pickled and Brined",0,0,0,0,0,0,0,0,0,0,0,0,0,0,0,0,0,0,0,0,0,0,0,0
2745,966,42,0,61411,33,"Too Many Cooks",0,0,0,0,0,0,0,0,0,0,0,0,0,0,0,0,0,0,0,0,0,0,0,0
2746,1017,47,0,61411,350,"A Pirate's Life for Me",0,0,0,0,0,0,0,0,0,0,0,0,0,0,0,0,0,0,0,0,0,0,0,0
2747,1018,47,0,61411,350,"Honor the Fallen",0,0,0,0,0,0,0,0,0,0,0,0,0,0,0,0,0,0,0,0,0,0,0,0
2748,1019,47,0,61411,350,"Operation Crucible Down",0,0,0,0,0,0,0,0,0,0,0,0,0,0,0,0,0,0,0,0,0,0,0,0
2749,1020,47,0,61411,350,"Claiming the Booty",0,0,0,0,0,0,0,0,0,0,0,0,0,0,0,0,0,0,0,0,0,0,0,0
2750,1026,48,0,61411,33,"Pier Review",0,0,0,0,0,0,0,0,0,0,0,0,0,0,0,0,0,0,0,0,0,0,0,0
2751,1027,48,0,61411,33,"Long Walk off a Short Pier",0,0,0,0,0,0,0,0,0,0,0,0,0,0,0,0,0,0,0,0,0,0,0,0
2752,1028,48,0,61411,33,"To Catch a Cutthroat",0,0,0,0,0,0,0,0,0,0,0,0,0,0,0,0,0,0,0,0,0,0,0,0
2753,1029,48,0,61411,33,"Serpent's Tongue-lashing",0,0,0,0,0,0,0,0,0,0,0,0,0,0,0,0,0,0,0,0,0,0,0,0
2754,1030,48,0,61411,33,"Culling the Horde",0,0,0,0,0,0,0,0,0,0,0,0,0,0,0,0,0,0,0,0,0,0,0,0
2755,1031,48,0,61411,33,"Sibling Rivalry",0,0,0,0,0,0,0,0,0,0,0,0,0,0,0,0,0,0,0,0,0,0,0,0
2756,1032,48,0,61411,33,"Wag the Sea Dogs",0,0,0,0,0,0,0,0,0,0,0,0,0,0,0,0,0,0,0,0,0,0,0,0
2757,1033,48,0,61411,33,"Sea Wasp Run",0,0,0,0,0,0,0,0,0,0,0,0,0,0,0,0,0,0,0,0,0,0,0,0
2758,1034,48,0,61411,33,"No Sea Wasp for You",0,0,0,0,0,0,0,0,0,0,0,0,0,0,0,0,0,0,0,0,0,0,0,0
2759,1035,48,0,61411,33,"The Way the Crystals Crumble",0,0,0,0,0,0,0,0,0,0,0,0,0,0,0,0,0,0,0,0,0,0,0,0
2760,1208,50,0,61419,33,"Sirius Business",0,0,0,0,0,0,0,0,0,0,0,0,0,0,0,0,0,0,0,0,0,0,0,0
2761,1209,50,0,61419,33,"Why So Sirius",0,0,0,0,0,0,0,0,0,0,0,0,0,0,0,0,0,0,0,0,0,0,0,0
2762,1430,50,0,61411,27,"The Beast of Brewer's Beacon",0,0,0,0,0,0,0,0,0,0,0,0,0,0,0,0,0,0,0,0,0,0,0,0
2763,246,50,0,61411,27,"Feast of Famine",0,0,0,0,0,0,0,0,0,0,0,0,0,0,0,0,0,0,0,0,0,0,0,0
2764,2360,50,0,61419,27,"An Egi by Any Other Name",0,0,0,0,0,0,0,0,0,0,0,0,0,0,0,0,0,0,0,0,0,0,0,0
2765,2201,60,0,61419,27,"Things Are Getting Sirius",0,0,0,0,0,0,0,0,0,0,0,0,0,0,0,0,0,0,0,0,0,0,0,0
2766,2248,60,0,61419,27,"Storming the Hull",0,0,0,0,0,0,0,0,0,0,0,0,0,0,0,0,0,0,0,0,0,0,0,0
2767,39,1,0,61411,39,"Coming to Gridania",2,3,147,53,146,226,29,0,0,0,0,0,0,0,0,0,0,0,0,0,0,0,0,0
2768,1,1,0,61411,39,"A Good Adventurer Is Hard to Find",0,0,0,0,0,0,0,0,0,0,0,0,0,0,0,0,0,0,0,0,0,0,0,0
2769,20,1,0,61411,39,"Incense and Sensibility",0,0,0,0,0,0,0,0,0,0,0,0,0,0,0,0,0,0,0,0,0,0,0,0
2770,24,1,0,61411,39,"Coarse Correspondence",0,0,0,0,0,0,0,0,0,0,0,0,0,0,0,0,0,0,0,0,0,0,0,0
2771,27,1,0,61411,39,"Preserving the Past",0,0,0,0,0,0,0,0,0,0,0,0,0,0,0,0,0,0,0,0,0,0,0,0
2772,49,1,0,61411,39,"I Am Millicent, Hear Me Roar",0,0,0,0,0,0,0,0,0,0,0,0,0,0,0,0,0,0,0,0,0,0,0,0
2773,38,1,1,61411,39,"Parsemontrenomics",0,0,0,0,0,0,0,0,0,0,0,0,0,0,0,0,0,0,0,0,0,0,0,0
2774,40,1,1,61411,39,"For Friendship",0,0,0,0,0,0,0,0,0,0,0,0,0,0,0,0,0,0,0,0,0,0,0,0
2775,41,1,1,61411,39,"Covered in Roses",0,0,0,0,0,0,0,0,0,0,0,0,0,0,0,0,0,0,0,0,0,0,0,0
2776,42,1,1,61411,39,"Sylphic Gratitude",0,0,0,0,0,0,0,0,0,0,0,0,0,0,0,0,0,0,0,0,0,0,0,0
2777,25,1,2,61411,39,"Quarrels with Squirrels",0,0,0,0,0,0,0,0,0,0,0,0,0,0,0,0,0,0,0,0,0,0,0,0
2778,26,1,2,61411,39,"Once Bitten, Twice Shy",0,0,0,0,0,0,0,0,0,0,0,0,0,0,0,0,0,0,0,0,0,0,0,0
2779,31,1,2,61411,39,"Essential Oil",0,0,0,0,0,0,0,0,0,0,0,0,0,0,0,0,0,0,0,0,0,0,0,0
2780,32,3,1,61411,39,"A Hard Nut to Crack",0,0,0,0,0,0,0,0,0,0,0,0,0,0,0,0,0,0,0,0,0,0,0,0
2781,34,4,0,61411,39,"Derision of Labor",0,0,0,0,0,0,0,0,0,0,0,0,0,0,0,0,0,0,0,0,0,0,0,0
2782,37,1,3,61411,39,"Population Control",0,0,0,0,0,0,0,0,0,0,0,0,0,0,0,0,0,0,0,0,0,0,0,0
2783,170,3,2,61411,57,"Jumping at Shadows",0,0,0,0,0,0,0,0,0,0,0,0,0,0,0,0,0,0,0,0,0,0,0,0
2784,173,3,2,61411,57,"The Nose Knows",0,0,0,0,0,0,0,0,0,0,0,0,0,0,0,0,0,0,0,0,0,0,0,0
2785,195,4,1,61411,57,"A Glim Harvest",0,0,0,0,0,0,0,0,0,0,0,0,0,0,0,0,0,0,0,0,0,0,0,0
2786,210,4,1,61411,54,"Idle Initiatives",0,0,0,0,0,0,0,0,0,0,0,0,0,0,0,0,0,0,0,0,0,0,0,0
2787,103,4,2,61411,57,"Death to the Bean Thieves",0,0,0,0,0,0,0,0,0,0,0,0,0,0,0,0,0,0,0,0,0,0,0,0
2788,171,3,3,61411,57,"The Valued Vilekin",0,0,0,0,0,0,0,0,0,0,0,0,0,0,0,0,0,0,0,0,0,0,0,0
2789,199,4,2,61411,57,"A Clear Sign",0,0,0,0,0,0,0,0,0,0,0,0,0,0,0,0,0,0,0,0,0,0,0,0
2790,95,4,3,61411,57,"Hematophagic Harassment",0,0,0,0,0,0,0,0,0,0,0,0,0,0,0,0,0,0,0,0,0,0,0,0
2791,172,4,3,61411,54,"More than a Flesh Wound",0,0,0,0,0,0,0,0,0,0,0,0,0,0,0,0,0,0,0,0,0,0,0,0
2792,174,4,3,61411,57,"No Quarter Given",0,0,0,0,0,0,0,0,0,0,0,0,0,0,0,0,0,0,0,0,0,0,0,0
2793,197,4,3,61411,54,"Splitting Shells",0,0,0,0,0,0,0,0,0,0,0,0,0,0,0,0,0,0,0,0,0,0,0,0
2794,97,4,4,61411,57,"Harriers of the Hedgetree",0,0,0,0,0,0,0,0,0,0,0,0,0,0,0,0,0,0,0,0,0,0,0,0
2795,98,4,4,61411,57,"Drink Your Beans, Dear",0,0,0,0,0,0,0,0,0,0,0,0,0,0,0,0,0,0,0,0,0,0,0,0
2796,127,4,4,61411,54,"Parasite Cleave",0,0,0,0,0,0,0,0,0,0,0,0,0,0,0,0,0,0,0,0,0,0,0,0
2797,130,4,4,61411,54,"Soil Despoilers",0,0,0,0,0,0,0,0,0,0,0,0,0,0,0,0,0,0,0,0,0,0,0,0
2798,99,4,5,61411,57,"The Kindness of Strangers",0,0,0,0,0,0,0,0,0,0,0,0,0,0,0,0,0,0,0,0,0,0,0,0
2799,1428,9,0,61411,39,"He's Got a Ticket to Ride",0,0,0,0,0,0,0,0,0,0,0,0,0,0,0,0,0,0,0,0,0,0,0,0
2800,60,10,0,61419,54,"Simply the Hest",0,0,0,0,0,0,0,0,0,0,0,0,0,0,0,0,0,0,0,0,0,0,0,0
2801,220,10,0,61419,39,"Leves of Bentbranch",0,0,0,0,0,0,0,0,0,0,0,0,0,0,0,0,0,0,0,0,0,0,0,0
2802,375,10,0,61411,54,"Not a Material Girl",0,0,0,0,0,0,0,0,0,0,0,0,0,0,0,0,0,0,0,0,0,0,0,0
2803,378,10,0,61411,54,"Look, but Won't Touch",0,0,0,0,0,0,0,0,0,0,0,0,0,0,0,0,0,0,0,0,0,0,0,0
2804,1212,10,0,61419,54,"Where the Heart Is (The Lavender Beds)",413,0,0,0,0,0,0,0,0,0,0,0,0,0,0,0,0,0,0,0,0,0,0,0
2805,157,10,1,61411,54,"Extending Fences",0,0,0,0,0,0,0,0,0,0,0,0,0,0,0,0,0,0,0,0,0,0,0,0
2806,386,10,1,61411,54,"Walking the Planks",0,0,0,0,0,0,0,0,0,0,0,0,0,0,0,0,0,0,0,0,0,0,0,0
2807,158,10,2,61411,54,"Sting in a Bottle",0,0,0,0,0,0,0,0,0,0,0,0,0,0,0,0,0,0,0,0,0,0,0,0
2808,383,10,2,61411,54,"If Ye Break Faith",0,0,0,0,0,0,0,0,0,0,0,0,0,0,0,0,0,0,0,0,0,0,0,0
2809,385,10,2,61411,54,"Favor for the Fisherwoman",0,0,0,0,0,0,0,0,0,0,0,0,0,0,0,0,0,0,0,0,0,0,0,0
2810,160,10,3,61411,54,"Slimy Hollows",0,0,0,0,0,0,0,0,0,0,0,0,0,0,0,0,0,0,0,0,0,0,0,0
2811,1425,14,0,61411,39,"Saw That One Coming",0,0,0,0,0,0,0,0,0,0,0,0,0,0,0,0,0,0,0,0,0,0,0,0
2812,221,15,0,61419,55,"Leves of Hawthorne",0,0,0,0,0,0,0,0,0,0,0,0,0,0,0,0,0,0,0,0,0,0,0,0
2813,565,15,0,61419,54,"So You Think You Can Ride This Chocobo",0,0,0,0,0,0,0,0,0,0,0,0,0,0,0,0,0,0,0,0,0,0,0,0
2814,1432,17,0,61419,39,"An Ill-conceived Venture",0,0,0,0,0,0,0,0,0,0,0,0,0,0,0,0,0,0,0,0,0,0,0,0
2815,162,20,0,61419,39,"A Sight to Behold",0,0,0,0,0,0,0,0,0,0,0,0,0,0,0,0,0,0,0,0,0,0,0,0
2816,443,20,0,61419,56,"Leves of Quarrymill",0,0,0,0,0,0,0,0,0,0,0,0,0,0,0,0,0,0,0,0,0,0,0,0
2817,700,20,0,61419,39,"My Little Chocobo (Twin Adder)",237,0,0,0,0,0,0,0,0,0,0,0,0,0,0,0,0,0,0,0,0,0,0,0
2818,711,20,0,61411,55,"The Replacement Culler",0,0,0,0,0,0,0,0,0,0,0,0,0,0,0,0,0,0,0,0,0,0,0,0
2819,712,20,0,61411,55,"Meat of the Matter",0,0,0,0,0,0,0,0,0,0,0,0,0,0,0,0,0,0,0,0,0,0,0,0
2820,713,20,0,61411,55,"Stand-in Sentry",0,0,0,0,0,0,0,0,0,0,0,0,0,0,0,0,0,0,0,0,0,0,0,0
2821,714,20,0,61411,55,"Swinophobia",0,0,0,0,0,0,0,0,0,0,0,0,0,0,0,0,0,0,0,0,0,0,0,0
2822,716,21,0,61411,55,"Roof Riders",0,0,0,0,0,0,0,0,0,0,0,0,0,0,0,0,0,0,0,0,0,0,0,0
2823,720,21,0,61411,55,"Sylph Says",0,0,0,0,0,0,0,0,0,0,0,0,0,0,0,0,0,0,0,0,0,0,0,0
2824,721,21,0,61411,55,"Buzz Kill",0,0,0,0,0,0,0,0,0,0,0,0,0,0,0,0,0,0,0,0,0,0,0,0
2825,722,21,0,61411,55,"A Porcine Plight",0,0,0,0,0,0,0,0,0,0,0,0,0,0,0,0,0,0,0,0,0,0,0,0
2826,723,21,0,61411,55,"Threads Unraveled",0,0,0,0,0,0,0,0,0,0,0,0,0,0,0,0,0,0,0,0,0,0,0,0
2827,727,22,0,61411,56,"Cloven-hoofed Horrors",0,0,0,0,0,0,0,0,0,0,0,0,0,0,0,0,0,0,0,0,0,0,0,0
2828,728,22,0,61411,56,"The Trees Have Eyes",0,0,0,0,0,0,0,0,0,0,0,0,0,0,0,0,0,0,0,0,0,0,0,0
2829,729,22,0,61411,56,"No Guts, No Glory",0,0,0,0,0,0,0,0,0,0,0,0,0,0,0,0,0,0,0,0,0,0,0,0
2830,730,22,0,61411,56,"Occupational Hazards",0,0,0,0,0,0,0,0,0,0,0,0,0,0,0,0,0,0,0,0,0,0,0,0
2831,731,22,0,61411,56,"Potsherds for Posterity",0,0,0,0,0,0,0,0,0,0,0,0,0,0,0,0,0,0,0,0,0,0,0,0
2832,732,22,0,61411,56,"Stash Saboteur",0,0,0,0,0,0,0,0,0,0,0,0,0,0,0,0,0,0,0,0,0,0,0,0
2833,739,23,0,61411,56,"Enemy Mine",0,0,0,0,0,0,0,0,0,0,0,0,0,0,0,0,0,0,0,0,0,0,0,0
2834,742,24,0,61411,56,"Shadows of the Empire",0,0,0,0,0,0,0,0,0,0,0,0,0,0,0,0,0,0,0,0,0,0,0,0
2835,745,24,0,61411,55,"The Blood Price",0,0,0,0,0,0,0,0,0,0,0,0,0,0,0,0,0,0,0,0,0,0,0,0
2836,766,26,0,61411,56,"Savage Snares",0,0,0,0,0,0,0,0,0,0,0,0,0,0,0,0,0,0,0,0,0,0,0,0
2837,767,26,0,61411,56,"Forest Law",0,0,0,0,0,0,0,0,0,0,0,0,0,0,0,0,0,0,0,0,0,0,0,0
2838,768,26,0,61411,56,"An Apple a Day",0,0,0,0,0,0,0,0,0,0,0,0,0,0,0,0,0,0,0,0,0,0,0,0
2839,769,26,0,61411,56,"A Bumper Crop",0,0,0,0,0,0,0,0,0,0,0,0,0,0,0,0,0,0,0,0,0,0,0,0
2840,770,26,0,61411,56,"Wretched Hive of Villainy",0,0,0,0,0,0,0,0,0,0,0,0,0,0,0,0,0,0,0,0,0,0,0,0
2841,771,26,0,61411,56,"In Grandfather's Name",0,0,0,0,0,0,0,0,0,0,0,0,0,0,0,0,0,0,0,0,0,0,0,0
2842,772,26,0,61411,56,"The Marvelous Mun-Tuy Bean",0,0,0,0,0,0,0,0,0,0,0,0,0,0,0,0,0,0,0,0,0,0,0,0
2843,773,26,0,61411,56,"Masher for a Day",0,0,0,0,0,0,0,0,0,0,0,0,0,0,0,0,0,0,0,0,0,0,0,0
2844,788,28,0,61411,57,"Potable Perils",0,0,0,0,0,0,0,0,0,0,0,0,0,0,0,0,0,0,0,0,0,0,0,0
2845,789,28,0,61411,57,"No News Is Good News",0,0,0,0,0,0,0,0,0,0,0,0,0,0,0,0,0,0,0,0,0,0,0,0
2846,790,28,0,61411,57,"Save the Trees",0,0,0,0,0,0,0,0,0,0,0,0,0,0,0,0,0,0,0,0,0,0,0,0
2847,791,28,0,61411,57,"Pumiceous Pursuits",0,0,0,0,0,0,0,0,0,0,0,0,0,0,0,0,0,0,0,0,0,0,0,0
2848,792,28,0,61411,57,"Cleaning House",0,0,0,0,0,0,0,0,0,0,0,0,0,0,0,0,0,0,0,0,0,0,0,0
2849,793,28,0,61411,57,"Trouble on the Road",0,0,0,0,0,0,0,0,0,0,0,0,0,0,0,0,0,0,0,0,0,0,0,0
2850,794,28,0,61411,57,"A Welcome Overstayed",0,0,0,0,0,0,0,0,0,0,0,0,0,0,0,0,0,0,0,0,0,0,0,0
2851,795,28,0,61411,57,"No Place Like Home",0,0,0,0,0,0,0,0,0,0,0,0,0,0,0,0,0,0,0,0,0,0,0,0
2852,796,28,0,61411,57,"Meals for Miners",0,0,0,0,0,0,0,0,0,0,0,0,0,0,0,0,0,0,0,0,0,0,0,0
2853,797,28,0,61411,57,"Digging in the Dark",0,0,0,0,0,0,0,0,0,0,0,0,0,0,0,0,0,0,0,0,0,0,0,0
2854,798,28,0,61411,57,"A Leg Up",0,0,0,0,0,0,0,0,0,0,0,0,0,0,0,0,0,0,0,0,0,0,0,0
2855,802,29,0,61419,39,"Broadening Horizons",0,0,0,0,0,0,0,0,0,0,0,0,0,0,0,0,0,0,0,0,0,0,0,0
2856,803,29,0,61411,39,"Beneath the Planks",0,0,0,0,0,0,0,0,0,0,0,0,0,0,0,0,0,0,0,0,0,0,0,0
2857,804,29,0,61411,54,"Fungal Frolic",0,0,0,0,0,0,0,0,0,0,0,0,0,0,0,0,0,0,0,0,0,0,0,0
2858,805,29,0,61411,54,"Shocking Discoveries",0,0,0,0,0,0,0,0,0,0,0,0,0,0,0,0,0,0,0,0,0,0,0,0
2859,806,29,0,61411,54,"In Too Deep",0,0,0,0,0,0,0,0,0,0,0,0,0,0,0,0,0,0,0,0,0,0,0,0
2860,807,29,0,61411,54,"Doing the Dirty Work",0,0,0,0,0,0,0,0,0,0,0,0,0,0,0,0,0,0,0,0,0,0,0,0
2861,194,30,0,61411,39,"Unicorn Power",0,0,0,0,0,0,0,0,0,0,0,0,0,0,0,0,0,0,0,0,0,0,0,0
2862,444,30,0,61419,56,"Leves of Camp Tranquil",0,0,0,0,0,0,0,0,0,0,0,0,0,0,0,0,0,0,0,0,0,0,0,0
2863,817,30,0,61411,56,"We'll Always Have Ul'dah",0,0,0,0,0,0,0,0,0,0,0,0,0,0,0,0,0,0,0,0,0,0,0,0
2864,818,30,0,61411,56,"A Burning Request",0,0,0,0,0,0,0,0,0,0,0,0,0,0,0,0,0,0,0,0,0,0,0,0
2865,1162,30,0,61419,56,"My Feisty Little Chocobo",0,0,0,0,0,0,0,0,0,0,0,0,0,0,0,0,0,0,0,0,0,0,0,0
2866,1560,30,0,61419,54,"Bird in Hand",0,0,0,0,0,0,0,0,0,0,0,0,0,0,0,0,0,0,0,0,0,0,0,0
2867,885,36,0,61411,57,"Hunger Is the Best Sauce",0,0,0,0,0,0,0,0,0,0,0,0,0,0,0,0,0,0,0,0,0,0,0,0
2868,906,37,0,61411,57,"Tit for Tat",0,0,0,0,0,0,0,0,0,0,0,0,0,0,0,0,0,0,0,0,0,0,0,0
2869,907,37,0,61411,57,"Inquire at the Spire",0,0,0,0,0,0,0,0,0,0,0,0,0,0,0,0,0,0,0,0,0,0,0,0
2870,908,37,0,61411,57,"Don't Shut Me Out",0,0,0,0,0,0,0,0,0,0,0,0,0,0,0,0,0,0,0,0,0,0,0,0
2871,909,37,0,61411,57,"From Gridania, with Love",0,0,0,0,0,0,0,0,0,0,0,0,0,0,0,0,0,0,0,0,0,0,0,0
2872,969,43,0,61411,39,"Adventurer for Hire",0,0,0,0,0,0,0,0,0,0,0,0,0,0,0,0,0,0,0,0,0,0,0,0
2873,970,43,0,61411,55,"Some Seedy Business",0,0,0,0,0,0,0,0,0,0,0,0,0,0,0,0,0,0,0,0,0,0,0,0
2874,972,43,0,61411,55,"This One's for the Lovers",0,0,0,0,0,0,0,0,0,0,0,0,0,0,0,0,0,0,0,0,0,0,0,0
2875,973,43,0,61411,55,"Windy Wedding",0,0,0,0,0,0,0,0,0,0,0,0,0,0,0,0,0,0,0,0,0,0,0,0
2876,1008,46,0,61419,39,"Who Was That Man in Black",0,0,0,0,0,0,0,0,0,0,0,0,0,0,0,0,0,0,0,0,0,0,0,0
2877,1009,46,0,61419,39,"The Dark Divinity",0,0,0,0,0,0,0,0,0,0,0,0,0,0,0,0,0,0,0,0,0,0,0,0
2878,1010,46,0,61411,56,"Slim Pickings",0,0,0,0,0,0,0,0,0,0,0,0,0,0,0,0,0,0,0,0,0,0,0,0
2879,1011,46,0,61411,56,"Serveth Thy Master",0,0,0,0,0,0,0,0,0,0,0,0,0,0,0,0,0,0,0,0,0,0,0,0
2880,1012,46,0,61419,56,"All You Wanted to Know about Odin",0,0,0,0,0,0,0,0,0,0,0,0,0,0,0,0,0,0,0,0,0,0,0,0
2881,1140,50,0,61419,57,"One Man's Trash",0,0,0,0,0,0,0,0,0,0,0,0,0,0,0,0,0,0,0,0,0,0,0,0
2882,1389,50,0,61419,39,"One Night in Amdapor",0,0,0,0,0,0,0,0,0,0,0,0,0,0,0,0,0,0,0,0,0,0,0,0
2883,1670,50,0,61419,57,"Kettle to the Mettle",0,0,0,0,0,0,0,0,0,0,0,0,0,0,0,0,0,0,0,0,0,0,0,0
2884,2282,60,0,61419,39,"One More Night in Amdapor",0,0,0,0,0,0,0,0,0,0,0,0,0,0,0,0,0,0,0,0,0,0,0,0
2885,594,1,0,61411,51,"Coming to Ul'dah",2,186,147,139,145,187,188,0,0,0,0,0,0,0,0,0,0,0,0,0,0,0,0,0
2886,149,1,0,61411,51,"Due Diligence",0,0,0,0,0,0,0,0,0,0,0,0,0,0,0,0,0,0,0,0,0,0,0,0
2887,150,1,0,61411,51,"Motivational Speaking",0,0,0,0,0,0,0,0,0,0,0,0,0,0,0,0,0,0,0,0,0,0,0,0
2888,151,1,0,61411,51,"Gil for Gold",0,0,0,0,0,0,0,0,0,0,0,0,0,0,0,0,0,0,0,0,0,0,0,0
2889,153,1,0,61411,51,"Unholy Matrimony",0,0,0,0,0,0,0,0,0,0,0,0,0,0,0,0,0,0,0,0,0,0,0,0
2890,165,1,0,61411,51,"The Great Gladiator",0,0,0,0,0,0,0,0,0,0,0,0,0,0,0,0,0,0,0,0,0,0,0,0
2891,167,1,0,61411,51,"With Open Arms",0,0,0,0,0,0,0,0,0,0,0,0,0,0,0,0,0,0,0,0,0,0,0,0
2892,396,1,0,61411,51,"No Lady Is an Island",0,0,0,0,0,0,0,0,0,0,0,0,0,0,0,0,0,0,0,0,0,0,0,0
2893,1437,1,0,61411,42,"The Greatest Story Never Told",0,0,0,0,0,0,0,0,0,0,0,0,0,0,0,0,0,0,0,0,0,0,0,0
2894,392,1,1,61411,51,"Decisions, Decisions",0,0,0,0,0,0,0,0,0,0,0,0,0,0,0,0,0,0,0,0,0,0,0,0
2895,393,1,1,61411,51,"Vox Populi",0,0,0,0,0,0,0,0,0,0,0,0,0,0,0,0,0,0,0,0,0,0,0,0
2896,394,1,1,61411,51,"A Luxury Long Lost",0,0,0,0,0,0,0,0,0,0,0,0,0,0,0,0,0,0,0,0,0,0,0,0
2897,395,1,1,61411,51,"The Wealth of Nations",0,0,0,0,0,0,0,0,0,0,0,0,0,0,0,0,0,0,0,0,0,0,0,0
2898,163,1,2,61411,51,"Tougher than Leather",0,0,0,0,0,0,0,0,0,0,0,0,0,0,0,0,0,0,0,0,0,0,0,0
2899,571,1,2,61411,51,"Beet Red Beetles Beat Red",0,0,0,0,0,0,0,0,0,0,0,0,0,0,0,0,0,0,0,0,0,0,0,0
2900,572,1,2,61411,51,"In the Name of Science",0,0,0,0,0,0,0,0,0,0,0,0,0,0,0,0,0,0,0,0,0,0,0,0
2901,5187,1,0,61419,51,"Bottled Fantasy",0,0,0,0,0,0,0,0,0,0,0,0,0,0,0,0,0,0,0,0,0,0,0,0
2902,222,4,0,61411,42,"Nor Rain nor Heat nor Gloom of Night",0,0,0,0,0,0,0,0,0,0,0,0,0,0,0,0,0,0,0,0,0,0,0,0
2903,389,4,0,61411,51,"Fantastic Voyage",0,0,0,0,0,0,0,0,0,0,0,0,0,0,0,0,0,0,0,0,0,0,0,0
2904,390,4,0,61411,51,"Catch Your Breath",0,0,0,0,0,0,0,0,0,0,0,0,0,0,0,0,0,0,0,0,0,0,0,0
2905,223,4,1,61411,42,"A Dab'll Do Ya",0,0,0,0,0,0,0,0,0,0,0,0,0,0,0,0,0,0,0,0,0,0,0,0
2906,231,4,1,61411,42,"Ticked Off",0,0,0,0,0,0,0,0,0,0,0,0,0,0,0,0,0,0,0,0,0,0,0,0
2907,1213,5,0,61419,42,"Where the Heart Is (The Goblet)",412,0,0,0,0,0,0,0,0,0,0,0,0,0,0,0,0,0,0,0,0,0,0,0
2908,224,4,2,61411,42,"I Believe You Can Fly",0,0,0,0,0,0,0,0,0,0,0,0,0,0,0,0,0,0,0,0,0,0,0,0
2909,226,4,2,61411,42,"Reasonable /Doubt",0,0,0,0,0,0,0,0,0,0,0,0,0,0,0,0,0,0,0,0,0,0,0,0
2910,321,4,2,61411,43,"The Slaying of the Shrews",0,0,0,0,0,0,0,0,0,0,0,0,0,0,0,0,0,0,0,0,0,0,0,0
2911,227,4,3,61411,42,"Greasing the Cogs",0,0,0,0,0,0,0,0,0,0,0,0,0,0,0,0,0,0,0,0,0,0,0,0
2912,228,4,3,61411,42,"Getting Your Bearings",0,0,0,0,0,0,0,0,0,0,0,0,0,0,0,0,0,0,0,0,0,0,0,0
2913,304,4,3,61411,43,"The Tasting of the Shrews",0,0,0,0,0,0,0,0,0,0,0,0,0,0,0,0,0,0,0,0,0,0,0,0
2914,322,4,3,61411,43,"Listen to Your Fish",0,0,0,0,0,0,0,0,0,0,0,0,0,0,0,0,0,0,0,0,0,0,0,0
2915,225,4,4,61411,42,"So Close yet So Far",0,0,0,0,0,0,0,0,0,0,0,0,0,0,0,0,0,0,0,0,0,0,0,0
2916,229,4,4,61411,42,"Tackle the Problem",0,0,0,0,0,0,0,0,0,0,0,0,0,0,0,0,0,0,0,0,0,0,0,0
2917,388,4,4,61411,43,"Bloodied and Bowed",0,0,0,0,0,0,0,0,0,0,0,0,0,0,0,0,0,0,0,0,0,0,0,0
2918,230,4,5,61411,42,"Search and Seizure",0,0,0,0,0,0,0,0,0,0,0,0,0,0,0,0,0,0,0,0,0,0,0,0
2919,308,4,5,61411,43,"In the Court of the Rat King",0,0,0,0,0,0,0,0,0,0,0,0,0,0,0,0,0,0,0,0,0,0,0,0
2920,326,4,5,61411,43,"Sometimes the Old Ways Are Best",0,0,0,0,0,0,0,0,0,0,0,0,0,0,0,0,0,0,0,0,0,0,0,0
2921,1429,9,0,61411,51,"Lend Me Your Ears Already",0,0,0,0,0,0,0,0,0,0,0,0,0,0,0,0,0,0,0,0,0,0,0,0
2922,58,10,0,61419,42,"Simply the Hest",0,0,0,0,0,0,0,0,0,0,0,0,0,0,0,0,0,0,0,0,0,0,0,0
2923,337,10,0,61411,42,"By the Toe",0,0,0,0,0,0,0,0,0,0,0,0,0,0,0,0,0,0,0,0,0,0,0,0
2924,339,10,0,61411,42,"For Their Eyes Only",0,0,0,0,0,0,0,0,0,0,0,0,0,0,0,0,0,0,0,0,0,0,0,0
2925,687,10,0,61419,51,"Leves of Horizon",0,0,0,0,0,0,0,0,0,0,0,0,0,0,0,0,0,0,0,0,0,0,0,0
2926,341,10,1,61411,42,"The Scent of a Mongrel",0,0,0,0,0,0,0,0,0,0,0,0,0,0,0,0,0,0,0,0,0,0,0,0
2927,504,10,1,61411,42,"No Tool Gets Left Behind",0,0,0,0,0,0,0,0,0,0,0,0,0,0,0,0,0,0,0,0,0,0,0,0
2928,531,10,1,61411,43,"Need Not Apply in Person",0,0,0,0,0,0,0,0,0,0,0,0,0,0,0,0,0,0,0,0,0,0,0,0
2929,506,10,2,61411,42,"This Fishwife's Life",0,0,0,0,0,0,0,0,0,0,0,0,0,0,0,0,0,0,0,0,0,0,0,0
2930,530,10,2,61411,43,"Alternative Medicine",0,0,0,0,0,0,0,0,0,0,0,0,0,0,0,0,0,0,0,0,0,0,0,0
2931,573,10,2,61411,43,"Fringe Benefits",0,0,0,0,0,0,0,0,0,0,0,0,0,0,0,0,0,0,0,0,0,0,0,0
2932,342,10,3,61411,42,"Lominsan Rubbish",0,0,0,0,0,0,0,0,0,0,0,0,0,0,0,0,0,0,0,0,0,0,0,0
2933,505,10,3,61411,42,"Angling Ankle-biters",0,0,0,0,0,0,0,0,0,0,0,0,0,0,0,0,0,0,0,0,0,0,0,0
2934,1427,14,0,61411,51,"Help Me, Lord of the Dance",0,0,0,0,0,0,0,0,0,0,0,0,0,0,0,0,0,0,0,0,0,0,0,0
2935,434,15,0,61419,51,"It Could Happen to You",769,770,0,0,0,0,0,0,0,0,0,0,0,0,0,0,0,0,0,0,0,0,0,0
2936,435,15,0,61419,1484,"World of Wonders",0,0,0,0,0,0,0,0,0,0,0,0,0,0,0,0,0,0,0,0,0,0,0,0
2937,436,15,0,61419,1500,"So You Want to Be a Jockey",0,0,0,0,0,0,0,0,0,0,0,0,0,0,0,0,0,0,0,0,0,0,0,0
2938,576,15,0,61419,1500,"Like Sire Like Fledgling",0,0,0,0,0,0,0,0,0,0,0,0,0,0,0,0,0,0,0,0,0,0,0,0
2939,688,15,0,61419,44,"Leves of Camp Drybone",0,0,0,0,0,0,0,0,0,0,0,0,0,0,0,0,0,0,0,0,0,0,0,0
2940,699,15,0,61419,42,"Color Your World",0,0,0,0,0,0,0,0,0,0,0,0,0,0,0,0,0,0,0,0,0,0,0,0
2941,3017,15,0,61419,42,"If I Had a Glamour",0,0,0,0,0,0,0,0,0,0,0,0,0,0,0,0,0,0,0,0,0,0,0,0
2942,3018,15,0,61419,42,"Absolutely Glamourous",0,0,0,0,0,0,0,0,0,0,0,0,0,0,0,0,0,0,0,0,0,0,0,0
2943,624,17,0,61411,44,"A Dying Wish",0,0,0,0,0,0,0,0,0,0,0,0,0,0,0,0,0,0,0,0,0,0,0,0
2944,630,17,0,61411,44,"The Circle of Life",0,0,0,0,0,0,0,0,0,0,0,0,0,0,0,0,0,0,0,0,0,0,0,0
2945,637,17,0,61411,44,"Green Thumb",0,0,0,0,0,0,0,0,0,0,0,0,0,0,0,0,0,0,0,0,0,0,0,0
2946,1424,17,0,61411,42,"Seeds of Change",0,0,0,0,0,0,0,0,0,0,0,0,0,0,0,0,0,0,0,0,0,0,0,0
2947,1434,17,0,61419,51,"An Ill-conceived Venture",0,0,0,0,0,0,0,0,0,0,0,0,0,0,0,0,0,0,0,0,0,0,0,0
2948,625,18,0,61411,44,"All Dogs Go to Hell",0,0,0,0,0,0,0,0,0,0,0,0,0,0,0,0,0,0,0,0,0,0,0,0
2949,626,18,0,61411,44,"Buzzing at Church",0,0,0,0,0,0,0,0,0,0,0,0,0,0,0,0,0,0,0,0,0,0,0,0
2950,627,18,0,61411,44,"Lichyard Lilies",0,0,0,0,0,0,0,0,0,0,0,0,0,0,0,0,0,0,0,0,0,0,0,0
2951,629,18,0,61411,44,"Honoring the Dead",0,0,0,0,0,0,0,0,0,0,0,0,0,0,0,0,0,0,0,0,0,0,0,0
2952,642,18,0,61411,44,"Dead Bodies Everywhere",0,0,0,0,0,0,0,0,0,0,0,0,0,0,0,0,0,0,0,0,0,0,0,0
2953,631,19,0,61411,44,"Steaking Claims",0,0,0,0,0,0,0,0,0,0,0,0,0,0,0,0,0,0,0,0,0,0,0,0
2954,632,19,0,61411,44,"Now Hiring",0,0,0,0,0,0,0,0,0,0,0,0,0,0,0,0,0,0,0,0,0,0,0,0
2955,633,19,0,61411,44,"Impish Implications",0,0,0,0,0,0,0,0,0,0,0,0,0,0,0,0,0,0,0,0,0,0,0,0
2956,634,19,0,61411,44,"There's Mythril in Them Thar Hills",0,0,0,0,0,0,0,0,0,0,0,0,0,0,0,0,0,0,0,0,0,0,0,0
2957,635,19,0,61411,44,"Purging the Earth",0,0,0,0,0,0,0,0,0,0,0,0,0,0,0,0,0,0,0,0,0,0,0,0
2958,638,19,0,61419,43,"Forging the Spirit",0,0,0,0,0,0,0,0,0,0,0,0,0,0,0,0,0,0,0,0,0,0,0,0
2959,639,19,0,61419,43,"Waking the Spirit",0,0,0,0,0,0,0,0,0,0,0,0,0,0,0,0,0,0,0,0,0,0,0,0
2960,1463,19,0,61419,43,"Marvelously Mutable Materia",0,0,0,0,0,0,0,0,0,0,0,0,0,0,0,0,0,0,0,0,0,0,0,0
2961,697,19,1,61419,42,"Hallo Halatali",0,0,0,0,0,0,0,0,0,0,0,0,0,0,0,0,0,0,0,0,0,0,0,0
2962,702,20,0,61419,51,"My Little Chocobo (Immortal Flames)",238,0,0,0,0,0,0,0,0,0,0,0,0,0,0,0,0,0,0,0,0,0,0,0
2963,749,24,0,61411,44,"Strawman Defense",0,0,0,0,0,0,0,0,0,0,0,0,0,0,0,0,0,0,0,0,0,0,0,0
2964,750,24,0,61411,44,"Buzz Off, Birds",0,0,0,0,0,0,0,0,0,0,0,0,0,0,0,0,0,0,0,0,0,0,0,0
2965,751,24,0,61411,44,"Hair Club for Hyur",0,0,0,0,0,0,0,0,0,0,0,0,0,0,0,0,0,0,0,0,0,0,0,0
2966,640,25,0,61419,43,"Melding Materia Muchly",0,0,0,0,0,0,0,0,0,0,0,0,0,0,0,0,0,0,0,0,0,0,0,0
2967,692,25,0,61419,45,"Leves of Little Ala Mhigo",0,0,0,0,0,0,0,0,0,0,0,0,0,0,0,0,0,0,0,0,0,0,0,0
2968,753,24,1,61411,44,"Scholarly Funds",0,0,0,0,0,0,0,0,0,0,0,0,0,0,0,0,0,0,0,0,0,0,0,0
2969,754,24,1,61411,44,"The Perils of Pilgrimage",0,0,0,0,0,0,0,0,0,0,0,0,0,0,0,0,0,0,0,0,0,0,0,0
2970,755,24,1,61411,44,"Friendlier Skies",0,0,0,0,0,0,0,0,0,0,0,0,0,0,0,0,0,0,0,0,0,0,0,0
2971,758,25,0,61411,45,"Bad Blood",0,0,0,0,0,0,0,0,0,0,0,0,0,0,0,0,0,0,0,0,0,0,0,0
2972,759,25,0,61411,45,"Prickly Patients",0,0,0,0,0,0,0,0,0,0,0,0,0,0,0,0,0,0,0,0,0,0,0,0
2973,760,25,0,61411,45,"Blast from the Past",0,0,0,0,0,0,0,0,0,0,0,0,0,0,0,0,0,0,0,0,0,0,0,0
2974,779,27,0,61411,45,"Corpse Confrontation",0,0,0,0,0,0,0,0,0,0,0,0,0,0,0,0,0,0,0,0,0,0,0,0
2975,780,27,0,61411,45,"What's Your Poison",0,0,0,0,0,0,0,0,0,0,0,0,0,0,0,0,0,0,0,0,0,0,0,0
2976,781,27,0,61411,45,"Death from Above",0,0,0,0,0,0,0,0,0,0,0,0,0,0,0,0,0,0,0,0,0,0,0,0
2977,152,30,0,61419,51,"Gone to Pieces",0,0,0,0,0,0,0,0,0,0,0,0,0,0,0,0,0,0,0,0,0,0,0,0
2978,823,31,0,61411,45,"Fetch the Freshman",0,0,0,0,0,0,0,0,0,0,0,0,0,0,0,0,0,0,0,0,0,0,0,0
2979,824,31,0,61411,45,"Survey Says",0,0,0,0,0,0,0,0,0,0,0,0,0,0,0,0,0,0,0,0,0,0,0,0
2980,825,31,0,61411,45,"Tools of Office",0,0,0,0,0,0,0,0,0,0,0,0,0,0,0,0,0,0,0,0,0,0,0,0
2981,826,31,0,61411,45,"Minority Rapport",0,0,0,0,0,0,0,0,0,0,0,0,0,0,0,0,0,0,0,0,0,0,0,0
2982,827,31,0,61411,45,"Heat of the Moment",0,0,0,0,0,0,0,0,0,0,0,0,0,0,0,0,0,0,0,0,0,0,0,0
2983,828,31,0,61411,45,"The Eyes Have It",0,0,0,0,0,0,0,0,0,0,0,0,0,0,0,0,0,0,0,0,0,0,0,0
2984,829,31,0,61411,45,"Mind Games",0,0,0,0,0,0,0,0,0,0,0,0,0,0,0,0,0,0,0,0,0,0,0,0
2985,830,31,0,61411,45,"U Don't Know Me",0,0,0,0,0,0,0,0,0,0,0,0,0,0,0,0,0,0,0,0,0,0,0,0
2986,764,32,3,61419,42,"Braving New Depths",0,0,0,0,0,0,0,0,0,0,0,0,0,0,0,0,0,0,0,0,0,0,0,0
2987,873,35,0,61411,44,"Plagued by Indecision",0,0,0,0,0,0,0,0,0,0,0,0,0,0,0,0,0,0,0,0,0,0,0,0
2988,874,35,0,61411,44,"The Voyage of the Goobbue",0,0,0,0,0,0,0,0,0,0,0,0,0,0,0,0,0,0,0,0,0,0,0,0
2989,875,35,0,61411,44,"Scent of Cinnamon",0,0,0,0,0,0,0,0,0,0,0,0,0,0,0,0,0,0,0,0,0,0,0,0
2990,879,35,0,61411,44,"Mr. Slipshod and Ms. Uptight",0,0,0,0,0,0,0,0,0,0,0,0,0,0,0,0,0,0,0,0,0,0,0,0
2991,880,35,0,61411,44,"Out of Whole Cloth",0,0,0,0,0,0,0,0,0,0,0,0,0,0,0,0,0,0,0,0,0,0,0,0
2992,919,38,0,61411,51,"Hold for Customer Support",0,0,0,0,0,0,0,0,0,0,0,0,0,0,0,0,0,0,0,0,0,0,0,0
2993,920,38,0,61411,46,"Thieves and Robbers",0,0,0,0,0,0,0,0,0,0,0,0,0,0,0,0,0,0,0,0,0,0,0,0
2994,921,35,3,61419,51,"Dishonor Before Death",0,0,0,0,0,0,0,0,0,0,0,0,0,0,0,0,0,0,0,0,0,0,0,0
2995,922,38,0,61411,46,"The Ceruleum Must Flow",0,0,0,0,0,0,0,0,0,0,0,0,0,0,0,0,0,0,0,0,0,0,0,0
2996,923,38,0,61411,51,"A Tale of Three Cities",0,0,0,0,0,0,0,0,0,0,0,0,0,0,0,0,0,0,0,0,0,0,0,0
2997,15,40,0,61419,46,"Leves of Camp Bluefog",0,0,0,0,0,0,0,0,0,0,0,0,0,0,0,0,0,0,0,0,0,0,0,0
2998,957,41,0,61411,44,"Tresses in Distress",0,0,0,0,0,0,0,0,0,0,0,0,0,0,0,0,0,0,0,0,0,0,0,0
2999,958,41,0,61411,44,"D Is for Dead",0,0,0,0,0,0,0,0,0,0,0,0,0,0,0,0,0,0,0,0,0,0,0,0
3000,1007,46,0,61419,356,"Primal Fear",0,0,0,0,0,0,0,0,0,0,0,0,0,0,0,0,0,0,0,0,0,0,0,0
3001,1014,44,3,61419,42,"Going for Gold",0,0,0,0,0,0,0,0,0,0,0,0,0,0,0,0,0,0,0,0,0,0,0,0
3002,1015,47,0,61411,356,"A Kobold Initiative",0,0,0,0,0,0,0,0,0,0,0,0,0,0,0,0,0,0,0,0,0,0,0,0
3003,1021,47,0,61411,45,"What's It to U",0,0,0,0,0,0,0,0,0,0,0,0,0,0,0,0,0,0,0,0,0,0,0,0
3004,1022,47,0,61411,45,"Zombies Are People Too",0,0,0,0,0,0,0,0,0,0,0,0,0,0,0,0,0,0,0,0,0,0,0,0
3005,1023,47,0,61411,45,"U! Ow! That Stings",0,0,0,0,0,0,0,0,0,0,0,0,0,0,0,0,0,0,0,0,0,0,0,0
3006,1024,47,0,61411,45,"True U",0,0,0,0,0,0,0,0,0,0,0,0,0,0,0,0,0,0,0,0,0,0,0,0
3007,1553,47,0,61411,356,"Can't Do It without U",0,0,0,0,0,0,0,0,0,0,0,0,0,0,0,0,0,0,0,0,0,0,0,0
3008,1025,48,0,61411,356,"Into the Valley of the Skull",0,0,0,0,0,0,0,0,0,0,0,0,0,0,0,0,0,0,0,0,0,0,0,0
3009,1038,49,0,61411,46,"High Standards",0,0,0,0,0,0,0,0,0,0,0,0,0,0,0,0,0,0,0,0,0,0,0,0
3010,1040,49,0,61411,46,"Crate Expectations",0,0,0,0,0,0,0,0,0,0,0,0,0,0,0,0,0,0,0,0,0,0,0,0
3011,1041,49,0,61411,46,"Jumping on a Grenade",0,0,0,0,0,0,0,0,0,0,0,0,0,0,0,0,0,0,0,0,0,0,0,0
3012,1044,49,0,61411,46,"The Life of the Party",0,0,0,0,0,0,0,0,0,0,0,0,0,0,0,0,0,0,0,0,0,0,0,0
3013,1045,49,0,61411,46,"An Eye for Elixirs",0,0,0,0,0,0,0,0,0,0,0,0,0,0,0,0,0,0,0,0,0,0,0,0
3014,705,50,0,61419,42,"The Weaponsmith of Legend",0,0,0,0,0,0,0,0,0,0,0,0,0,0,0,0,0,0,0,0,0,0,0,0
3015,870,47,3,61419,42,"Trauma Queen",0,0,0,0,0,0,0,0,0,0,0,0,0,0,0,0,0,0,0,0,0,0,0,0
3016,1135,50,0,61419,42,"Ghosts of Amdapor",0,0,0,0,0,0,0,0,0,0,0,0,0,0,0,0,0,0,0,0,0,0,0,0
3017,1524,50,0,61419,51,"Corpse Groom",577,0,0,0,0,0,0,0,0,0,0,0,0,0,0,0,0,0,0,0,0,0,0,0
3018,2886,70,0,61411,45,"For Wilred",0,0,0,0,0,0,0,0,0,0,0,0,0,0,0,0,0,0,0,0,0,0,0,0
3019,2887,70,0,61411,45,"Journey's Beginning",0,0,0,0,0,0,0,0,0,0,0,0,0,0,0,0,0,0,0,0,0,0,0,0
3020,3081,15,0,61419,1484,"Passion for Fashion",0,0,0,0,0,0,0,0,0,0,0,0,0,0,0,0,0,0,0,0,0,0,0,0
3021,3201,15,0,61419,1484,"Every Little Thing She Does Is Mahjong",0,0,0,0,0,0,0,0,0,0,0,0,0,0,0,0,0,0,0,0,0,0,0,0
3022,4081,1,0,61411,1484,"The Adventurer with All the Cards",0,0,0,0,0,0,0,0,0,0,0,0,0,0,0,0,0,0,0,0,0,0,0,0
3023,16,35,0,61419,63,"Leves of the Observatorium",0,0,0,0,0,0,0,0,0,0,0,0,0,0,0,0,0,0,0,0,0,0,0,0
3024,888,36,0,61411,63,"Speak Softly to Me",0,0,0,0,0,0,0,0,0,0,0,0,0,0,0,0,0,0,0,0,0,0,0,0
3025,891,36,0,61411,63,"White Mischief",0,0,0,0,0,0,0,0,0,0,0,0,0,0,0,0,0,0,0,0,0,0,0,0
3026,892,36,0,61411,63,"Adding Fuel to the Fire",0,0,0,0,0,0,0,0,0,0,0,0,0,0,0,0,0,0,0,0,0,0,0,0
3027,893,36,0,61411,63,"Sheep to the Slaughter",0,0,0,0,0,0,0,0,0,0,0,0,0,0,0,0,0,0,0,0,0,0,0,0
3028,894,36,0,61411,63,"I'd Rather Be Cannon Fodder",0,0,0,0,0,0,0,0,0,0,0,0,0,0,0,0,0,0,0,0,0,0,0,0
3029,895,36,0,61411,63,"Death Becomes You",0,0,0,0,0,0,0,0,0,0,0,0,0,0,0,0,0,0,0,0,0,0,0,0
3030,1310,36,0,61411,63,"Toss Fit Workout",0,0,0,0,0,0,0,0,0,0,0,0,0,0,0,0,0,0,0,0,0,0,0,0
3031,1311,36,0,61411,63,"Rolling with the Snowies",0,0,0,0,0,0,0,0,0,0,0,0,0,0,0,0,0,0,0,0,0,0,0,0
3032,898,37,0,61411,63,"Papa Do Preach",0,0,0,0,0,0,0,0,0,0,0,0,0,0,0,0,0,0,0,0,0,0,0,0
3033,899,37,0,61411,63,"Dead Is Dead",0,0,0,0,0,0,0,0,0,0,0,0,0,0,0,0,0,0,0,0,0,0,0,0
3034,900,37,0,61411,63,"Don't Light My Fire",0,0,0,0,0,0,0,0,0,0,0,0,0,0,0,0,0,0,0,0,0,0,0,0
3035,902,37,0,61411,63,"Dark and Stormy Night",0,0,0,0,0,0,0,0,0,0,0,0,0,0,0,0,0,0,0,0,0,0,0,0
3036,903,37,0,61411,63,"Too Many Enemies",0,0,0,0,0,0,0,0,0,0,0,0,0,0,0,0,0,0,0,0,0,0,0,0
3037,904,37,0,61411,63,"The Forest for the Trees",0,0,0,0,0,0,0,0,0,0,0,0,0,0,0,0,0,0,0,0,0,0,0,0
3038,905,37,0,61411,63,"Stand and Quiver",0,0,0,0,0,0,0,0,0,0,0,0,0,0,0,0,0,0,0,0,0,0,0,0
3039,915,37,0,61411,63,"A Fool and His Life Are Soon Parted",0,0,0,0,0,0,0,0,0,0,0,0,0,0,0,0,0,0,0,0,0,0,0,0
3040,901,38,0,61411,63,"Sebastian vs. the Ogre",0,0,0,0,0,0,0,0,0,0,0,0,0,0,0,0,0,0,0,0,0,0,0,0
3041,913,38,0,61411,63,"A Cup of Joy",0,0,0,0,0,0,0,0,0,0,0,0,0,0,0,0,0,0,0,0,0,0,0,0
3042,914,38,0,61411,63,"Second Lives",0,0,0,0,0,0,0,0,0,0,0,0,0,0,0,0,0,0,0,0,0,0,0,0
3043,916,38,0,61411,63,"Burn Before Reading",0,0,0,0,0,0,0,0,0,0,0,0,0,0,0,0,0,0,0,0,0,0,0,0
3044,918,38,0,61411,63,"Where's My Juice",0,0,0,0,0,0,0,0,0,0,0,0,0,0,0,0,0,0,0,0,0,0,0,0
3045,928,39,0,61411,63,"Cleaning Out the Dead",0,0,0,0,0,0,0,0,0,0,0,0,0,0,0,0,0,0,0,0,0,0,0,0
3046,929,39,0,61411,63,"A Few Good Men",0,0,0,0,0,0,0,0,0,0,0,0,0,0,0,0,0,0,0,0,0,0,0,0
3047,930,39,0,61411,63,"The Pecking Order",0,0,0,0,0,0,0,0,0,0,0,0,0,0,0,0,0,0,0,0,0,0,0,0
3048,931,39,0,61411,63,"Rubble Rouser",0,0,0,0,0,0,0,0,0,0,0,0,0,0,0,0,0,0,0,0,0,0,0,0
3049,932,39,0,61411,63,"Salving the Wounds",0,0,0,0,0,0,0,0,0,0,0,0,0,0,0,0,0,0,0,0,0,0,0,0
3050,933,39,0,61411,63,"Run, Fido, Run",0,0,0,0,0,0,0,0,0,0,0,0,0,0,0,0,0,0,0,0,0,0,0,0
3051,934,39,0,61411,63,"An Augury of Innocence",0,0,0,0,0,0,0,0,0,0,0,0,0,0,0,0,0,0,0,0,0,0,0,0
3052,935,39,0,61411,63,"Love's Hard Labor",0,0,0,0,0,0,0,0,0,0,0,0,0,0,0,0,0,0,0,0,0,0,0,0
3053,936,39,0,61411,63,"The King Rat Must Die",0,0,0,0,0,0,0,0,0,0,0,0,0,0,0,0,0,0,0,0,0,0,0,0
3054,17,40,0,61419,63,"Leves of Whitebrim",0,0,0,0,0,0,0,0,0,0,0,0,0,0,0,0,0,0,0,0,0,0,0,0
3055,942,40,0,61411,63,"It Tolls for Us",0,0,0,0,0,0,0,0,0,0,0,0,0,0,0,0,0,0,0,0,0,0,0,0
3056,943,40,0,61411,63,"Physician, Find Yourself",0,0,0,0,0,0,0,0,0,0,0,0,0,0,0,0,0,0,0,0,0,0,0,0
3057,944,40,0,61411,63,"Blood Sacrifice",0,0,0,0,0,0,0,0,0,0,0,0,0,0,0,0,0,0,0,0,0,0,0,0
3058,945,40,0,61411,63,"The Bone Collector",0,0,0,0,0,0,0,0,0,0,0,0,0,0,0,0,0,0,0,0,0,0,0,0
3059,946,40,0,61411,63,"Ice Ice Daily",0,0,0,0,0,0,0,0,0,0,0,0,0,0,0,0,0,0,0,0,0,0,0,0
3060,947,40,0,61411,63,"A Heart Divided",0,0,0,0,0,0,0,0,0,0,0,0,0,0,0,0,0,0,0,0,0,0,0,0
3061,948,40,0,61411,63,"When a Man Loves a Woman",0,0,0,0,0,0,0,0,0,0,0,0,0,0,0,0,0,0,0,0,0,0,0,0
3062,949,40,0,61411,63,"Whey Too into You",0,0,0,0,0,0,0,0,0,0,0,0,0,0,0,0,0,0,0,0,0,0,0,0
3063,950,40,0,61411,63,"Days of Brandewine and Behemoths",0,0,0,0,0,0,0,0,0,0,0,0,0,0,0,0,0,0,0,0,0,0,0,0
3064,951,40,0,61411,63,"Living on the Edge",0,0,0,0,0,0,0,0,0,0,0,0,0,0,0,0,0,0,0,0,0,0,0,0
3065,979,41,3,61419,63,"Fort of Fear",0,0,0,0,0,0,0,0,0,0,0,0,0,0,0,0,0,0,0,0,0,0,0,0
3066,985,44,0,61411,63,"Doubt Truth to Be a Liar",0,0,0,0,0,0,0,0,0,0,0,0,0,0,0,0,0,0,0,0,0,0,0,0
3067,1732,50,0,61411,2200,"Contingency Supplies",0,0,0,0,0,0,0,0,0,0,0,0,0,0,0,0,0,0,0,0,0,0,0,0
3068,1735,50,0,61411,2200,"Dances with Wolves",0,0,0,0,0,0,0,0,0,0,0,0,0,0,0,0,0,0,0,0,0,0,0,0
3069,1736,50,0,61411,2200,"Grandfather's Belongings",0,0,0,0,0,0,0,0,0,0,0,0,0,0,0,0,0,0,0,0,0,0,0,0
3070,1737,50,0,61411,2200,"An Attractive Charm",0,0,0,0,0,0,0,0,0,0,0,0,0,0,0,0,0,0,0,0,0,0,0,0
3071,1744,50,0,61419,2200,"Bridge over Frozen Water",0,0,0,0,0,0,0,0,0,0,0,0,0,0,0,0,0,0,0,0,0,0,0,0
3072,1733,50,0,61411,2200,"Stolen Goods",0,0,0,0,0,0,0,0,0,0,0,0,0,0,0,0,0,0,0,0,0,0,0,0
3073,1734,50,0,61411,2200,"Memories in the Snow",0,0,0,0,0,0,0,0,0,0,0,0,0,0,0,0,0,0,0,0,0,0,0,0
3074,1745,50,0,61411,2200,"A Mystery Illness",0,0,0,0,0,0,0,0,0,0,0,0,0,0,0,0,0,0,0,0,0,0,0,0
3075,1746,50,0,61411,2200,"Bad Wine",0,0,0,0,0,0,0,0,0,0,0,0,0,0,0,0,0,0,0,0,0,0,0,0
3076,1747,50,0,61411,2200,"Ancient Wisdom",0,0,0,0,0,0,0,0,0,0,0,0,0,0,0,0,0,0,0,0,0,0,0,0
3077,1752,51,0,61411,2200,"Flower Mill",0,0,0,0,0,0,0,0,0,0,0,0,0,0,0,0,0,0,0,0,0,0,0,0
3078,1753,51,0,61411,2200,"Lonely Vigil",0,0,0,0,0,0,0,0,0,0,0,0,0,0,0,0,0,0,0,0,0,0,0,0
3079,1759,51,0,61419,2200,"Protecting What's Important",0,0,0,0,0,0,0,0,0,0,0,0,0,0,0,0,0,0,0,0,0,0,0,0
3080,1760,51,0,61419,2200,"Baby Steps",0,0,0,0,0,0,0,0,0,0,0,0,0,0,0,0,0,0,0,0,0,0,0,0
3081,1763,51,0,61411,2200,"Winter Is Coming",0,0,0,0,0,0,0,0,0,0,0,0,0,0,0,0,0,0,0,0,0,0,0,0
3082,1761,51,0,61411,2200,"Baby Strides",0,0,0,0,0,0,0,0,0,0,0,0,0,0,0,0,0,0,0,0,0,0,0,0
3083,1768,51,0,61411,2200,"A Faithful Companion",0,0,0,0,0,0,0,0,0,0,0,0,0,0,0,0,0,0,0,0,0,0,0,0
3084,1767,51,0,61411,2200,"Spring into Action",0,0,0,0,0,0,0,0,0,0,0,0,0,0,0,0,0,0,0,0,0,0,0,0
3085,1754,51,0,61411,2200,"Cat on a Cold Stone Roof",0,0,0,0,0,0,0,0,0,0,0,0,0,0,0,0,0,0,0,0,0,0,0,0
3086,1762,51,0,61411,2200,"The Secret to Success",0,0,0,0,0,0,0,0,0,0,0,0,0,0,0,0,0,0,0,0,0,0,0,0
3087,1764,51,0,61411,2200,"Introductory Dragonslaying",0,0,0,0,0,0,0,0,0,0,0,0,0,0,0,0,0,0,0,0,0,0,0,0
3088,1765,51,0,61411,2200,"Intermediate Dragonslaying",0,0,0,0,0,0,0,0,0,0,0,0,0,0,0,0,0,0,0,0,0,0,0,0
3089,1766,51,0,61411,2200,"Advanced Dragonslaying",0,0,0,0,0,0,0,0,0,0,0,0,0,0,0,0,0,0,0,0,0,0,0,0
3090,1769,51,0,61411,2200,"Expert Dragonslaying",0,0,0,0,0,0,0,0,0,0,0,0,0,0,0,0,0,0,0,0,0,0,0,0
3091,1885,56,0,61411,2200,"Two Scoops",0,0,0,0,0,0,0,0,0,0,0,0,0,0,0,0,0,0,0,0,0,0,0,0
3092,1886,56,0,61411,2200,"A Den of Evil",0,0,0,0,0,0,0,0,0,0,0,0,0,0,0,0,0,0,0,0,0,0,0,0
3093,1887,56,0,61411,2200,"The Old Man and the Lake",0,0,0,0,0,0,0,0,0,0,0,0,0,0,0,0,0,0,0,0,0,0,0,0
3094,1888,56,0,61411,2200,"When the Ice Melts",0,0,0,0,0,0,0,0,0,0,0,0,0,0,0,0,0,0,0,0,0,0,0,0
3095,1895,56,0,61411,2200,"To the Convictor Go the Spoils",0,0,0,0,0,0,0,0,0,0,0,0,0,0,0,0,0,0,0,0,0,0,0,0
3096,1894,56,0,61411,2200,"Remember the Fallen",0,0,0,0,0,0,0,0,0,0,0,0,0,0,0,0,0,0,0,0,0,0,0,0
3097,1896,56,0,61411,2200,"Supply Lines",0,0,0,0,0,0,0,0,0,0,0,0,0,0,0,0,0,0,0,0,0,0,0,0
3098,1897,56,0,61411,2200,"The Mother of Invention",0,0,0,0,0,0,0,0,0,0,0,0,0,0,0,0,0,0,0,0,0,0,0,0
3099,1889,56,0,61411,2200,"Unknown Ultimatum",0,0,0,0,0,0,0,0,0,0,0,0,0,0,0,0,0,0,0,0,0,0,0,0
3100,1890,56,0,61411,2200,"Personal Effects",0,0,0,0,0,0,0,0,0,0,0,0,0,0,0,0,0,0,0,0,0,0,0,0
3101,1891,56,0,61411,2200,"Ayleth Absconds",0,0,0,0,0,0,0,0,0,0,0,0,0,0,0,0,0,0,0,0,0,0,0,0
3102,1892,56,0,61411,2200,"A Missing Tooth",0,0,0,0,0,0,0,0,0,0,0,0,0,0,0,0,0,0,0,0,0,0,0,0
3103,1893,56,0,61411,2200,"A Noble Purpose",0,0,0,0,0,0,0,0,0,0,0,0,0,0,0,0,0,0,0,0,0,0,0,0
3104,1898,56,0,61411,2200,"A War without End",0,0,0,0,0,0,0,0,0,0,0,0,0,0,0,0,0,0,0,0,0,0,0,0
3105,2111,51,0,61419,2200,"For All the Nights to Come",0,0,0,0,0,0,0,0,0,0,0,0,0,0,0,0,0,0,0,0,0,0,0,0
3106,432,1,0,61411,67,"A Legend for a Legend",0,0,0,0,0,0,0,0,0,0,0,0,0,0,0,0,0,0,0,0,0,0,0,0
3107,1558,1,0,61419,67,"Simply to Dye For",0,0,0,0,0,0,0,0,0,0,0,0,0,0,0,0,0,0,0,0,0,0,0,0
3108,1421,15,0,61419,67,"A Self-improving Man",0,0,0,0,0,0,0,0,0,0,0,0,0,0,0,0,0,0,0,0,0,0,0,0
3109,1422,15,0,61419,67,"Submission Impossible",0,0,0,0,0,0,0,0,0,0,0,0,0,0,0,0,0,0,0,0,0,0,0,0
3110,988,44,0,61411,67,"Crazy about Crystals",0,0,0,0,0,0,0,0,0,0,0,0,0,0,0,0,0,0,0,0,0,0,0,0
3111,997,44,0,61411,67,"Passing the Smell Test",0,0,0,0,0,0,0,0,0,0,0,0,0,0,0,0,0,0,0,0,0,0,0,0
3112,18,45,0,61419,67,"Leves of Saint Coinach's Find",0,0,0,0,0,0,0,0,0,0,0,0,0,0,0,0,0,0,0,0,0,0,0,0
3113,987,45,0,61411,67,"Problem with Plasma",0,0,0,0,0,0,0,0,0,0,0,0,0,0,0,0,0,0,0,0,0,0,0,0
3114,989,45,0,61411,67,"Dirt and Ashes",0,0,0,0,0,0,0,0,0,0,0,0,0,0,0,0,0,0,0,0,0,0,0,0
3115,990,45,0,61411,67,"The Sons Also Rise",0,0,0,0,0,0,0,0,0,0,0,0,0,0,0,0,0,0,0,0,0,0,0,0
3116,991,45,0,61411,67,"Playing the Postman",0,0,0,0,0,0,0,0,0,0,0,0,0,0,0,0,0,0,0,0,0,0,0,0
3117,992,45,0,61411,67,"Hit the Hippogryphs",0,0,0,0,0,0,0,0,0,0,0,0,0,0,0,0,0,0,0,0,0,0,0,0
3118,993,45,0,61411,67,"Straight Outta Abalathia",0,0,0,0,0,0,0,0,0,0,0,0,0,0,0,0,0,0,0,0,0,0,0,0
3119,994,45,0,61411,67,"Moon Sliver and Me",0,0,0,0,0,0,0,0,0,0,0,0,0,0,0,0,0,0,0,0,0,0,0,0
3120,995,45,0,61411,67,"Holier than Thou",0,0,0,0,0,0,0,0,0,0,0,0,0,0,0,0,0,0,0,0,0,0,0,0
3121,996,45,0,61411,67,"Dropping Out",0,0,0,0,0,0,0,0,0,0,0,0,0,0,0,0,0,0,0,0,0,0,0,0
3122,998,45,0,61411,67,"The Organ of Choice",0,0,0,0,0,0,0,0,0,0,0,0,0,0,0,0,0,0,0,0,0,0,0,0
3123,999,45,0,61411,67,"The Trickster of the Toll",0,0,0,0,0,0,0,0,0,0,0,0,0,0,0,0,0,0,0,0,0,0,0,0
3124,1000,45,0,61411,67,"Heart of Cermet",0,0,0,0,0,0,0,0,0,0,0,0,0,0,0,0,0,0,0,0,0,0,0,0
3125,164,50,0,61411,67,"Magiteknical Difficulties",0,0,0,0,0,0,0,0,0,0,0,0,0,0,0,0,0,0,0,0,0,0,0,0
3126,1141,50,0,61921,67,"Morbid Motivation",0,0,0,0,0,0,0,0,0,0,0,0,0,0,0,0,0,0,0,0,0,0,0,0
3127,1215,50,0,61419,67,"Maniac Manor",0,0,0,0,0,0,0,0,0,0,0,0,0,0,0,0,0,0,0,0,0,0,0,0
3128,1216,50,0,61419,67,"Out of Sight, Out of Mine",0,0,0,0,0,0,0,0,0,0,0,0,0,0,0,0,0,0,0,0,0,0,0,0
3129,1410,50,0,61419,67,"This Time's for Fun",0,0,0,0,0,0,0,0,0,0,0,0,0,0,0,0,0,0,0,0,0,0,0,0
3130,1411,50,0,61419,67,"Curds and Slay",0,0,0,0,0,0,0,0,0,0,0,0,0,0,0,0,0,0,0,0,0,0,0,0
3131,1423,50,0,61419,67,"Just Tooling Around",0,0,0,0,0,0,0,0,0,0,0,0,0,0,0,0,0,0,0,0,0,0,0,0
3132,1525,50,0,61419,67,"Blood for Stone",0,0,0,0,0,0,0,0,0,0,0,0,0,0,0,0,0,0,0,0,0,0,0,0
3133,1526,50,0,61419,67,"King of the Hull",0,0,0,0,0,0,0,0,0,0,0,0,0,0,0,0,0,0,0,0,0,0,0,0
3134,1308,50,0,61419,67,"The Ultimate Ballad",403,404,0,0,0,0,0,0,0,0,0,0,0,0,0,0,0,0,0,0,0,0,0,0
3135,1559,50,0,61419,67,"Sing Me Another Song",0,0,0,0,0,0,0,0,0,0,0,0,0,0,0,0,0,0,0,0,0,0,0,0
3136,94,50,0,61419,67,"It's Definitely Pirates",0,0,0,0,0,0,0,0,0,0,0,0,0,0,0,0,0,0,0,0,0,0,0,0
3137,96,50,0,61419,67,"The Wrath of Qarn",0,0,0,0,0,0,0,0,0,0,0,0,0,0,0,0,0,0,0,0,0,0,0,0
3138,430,50,0,61419,67,"For Keep's Sake",0,0,0,0,0,0,0,0,0,0,0,0,0,0,0,0,0,0,0,0,0,0,0,0
3139,431,50,0,61419,67,"Not Easy Being Green",0,0,0,0,0,0,0,0,0,0,0,0,0,0,0,0,0,0,0,0,0,0,0,0
3140,2096,55,0,61419,67,"Beloved of the Builder",0,0,0,0,0,0,0,0,0,0,0,0,0,0,0,0,0,0,0,0,0,0,0,0
3141,2097,56,0,61419,67,"No Longer a Collectable",0,0,0,0,0,0,0,0,0,0,0,0,0,0,0,0,0,0,0,0,0,0,0,0
3142,2283,30,0,61419,67,"A Seat at the Feast",0,0,0,0,0,0,0,0,0,0,0,0,0,0,0,0,0,0,0,0,0,0,0,0
3143,2098,60,0,61419,67,"Go West, Craftsman",0,0,0,0,0,0,0,0,0,0,0,0,0,0,0,0,0,0,0,0,0,0,0,0
3144,2203,60,0,61419,67,"Thordan's Reign",0,0,0,0,0,0,0,0,0,0,0,0,0,0,0,0,0,0,0,0,0,0,0,0
3145,2289,60,0,61419,67,"Nidhogg's Rage",0,0,0,0,0,0,0,0,0,0,0,0,0,0,0,0,0,0,0,0,0,0,0,0
3146,2108,60,0,61419,67,"A Song of Steam and Steel",0,0,0,0,0,0,0,0,0,0,0,0,0,0,0,0,0,0,0,0,0,0,0,0
3147,2254,60,0,61419,67,"A Refrain for the Undaunted",0,0,0,0,0,0,0,0,0,0,0,0,0,0,0,0,0,0,0,0,0,0,0,0
3148,2340,60,0,61419,67,"Who Lives, Who Dies, Who Retells Your Story",0,0,0,0,0,0,0,0,0,0,0,0,0,0,0,0,0,0,0,0,0,0,0,0
3149,3186,70,0,61411,67,"Take with a Tonze of Salt",0,0,0,0,0,0,0,0,0,0,0,0,0,0,0,0,0,0,0,0,0,0,0,0
3150,1726,50,0,61411,62,"Remembering Ishgard",0,0,0,0,0,0,0,0,0,0,0,0,0,0,0,0,0,0,0,0,0,0,0,0
3151,1727,50,0,61411,62,"The Best-laid Plans",0,0,0,0,0,0,0,0,0,0,0,0,0,0,0,0,0,0,0,0,0,0,0,0
3152,1728,50,0,61411,62,"Drinking the Pain Away",0,0,0,0,0,0,0,0,0,0,0,0,0,0,0,0,0,0,0,0,0,0,0,0
3153,1729,50,0,61411,62,"Landing a Stable Job",0,0,0,0,0,0,0,0,0,0,0,0,0,0,0,0,0,0,0,0,0,0,0,0
3154,1730,50,0,61411,62,"Cold Days, Colder Nights",0,0,0,0,0,0,0,0,0,0,0,0,0,0,0,0,0,0,0,0,0,0,0,0
3155,1731,50,0,61411,62,"Dinner for Four",0,0,0,0,0,0,0,0,0,0,0,0,0,0,0,0,0,0,0,0,0,0,0,0
3156,1742,50,0,61411,62,"Mum's the Word",0,0,0,0,0,0,0,0,0,0,0,0,0,0,0,0,0,0,0,0,0,0,0,0
3157,1743,50,0,61411,62,"An Unwanted Delivery",0,0,0,0,0,0,0,0,0,0,0,0,0,0,0,0,0,0,0,0,0,0,0,0
3158,1750,51,0,61411,62,"Homesick",0,0,0,0,0,0,0,0,0,0,0,0,0,0,0,0,0,0,0,0,0,0,0,0
3159,1751,51,0,61411,62,"Looking to the Future",0,0,0,0,0,0,0,0,0,0,0,0,0,0,0,0,0,0,0,0,0,0,0,0
3160,1873,56,0,61411,62,"Enlisted",0,0,0,0,0,0,0,0,0,0,0,0,0,0,0,0,0,0,0,0,0,0,0,0
3161,1874,56,0,61419,62,"Honoring the Past",0,0,0,0,0,0,0,0,0,0,0,0,0,0,0,0,0,0,0,0,0,0,0,0
3162,1870,56,0,61411,62,"Caught in the Act",0,0,0,0,0,0,0,0,0,0,0,0,0,0,0,0,0,0,0,0,0,0,0,0
3163,1872,56,0,61411,62,"Into the Mists",0,0,0,0,0,0,0,0,0,0,0,0,0,0,0,0,0,0,0,0,0,0,0,0
3164,1905,57,0,61411,62,"A Full Stomach and Happy Heart",0,0,0,0,0,0,0,0,0,0,0,0,0,0,0,0,0,0,0,0,0,0,0,0
3165,1906,57,0,61411,62,"Unfulfilled Dreams",0,0,0,0,0,0,0,0,0,0,0,0,0,0,0,0,0,0,0,0,0,0,0,0
3166,1972,59,0,61411,62,"Moogles in the Sky",0,0,0,0,0,0,0,0,0,0,0,0,0,0,0,0,0,0,0,0,0,0,0,0
3167,2095,50,0,61419,62,"Inscrutable Tastes",0,0,0,0,0,0,0,0,0,0,0,0,0,0,0,0,0,0,0,0,0,0,0,0
3168,2119,53,0,61419,62,"Let the Clan Hunt Begin",0,0,0,0,0,0,0,0,0,0,0,0,0,0,0,0,0,0,0,0,0,0,0,0
3169,2120,56,0,61419,62,"Better Bill Hunting",0,0,0,0,0,0,0,0,0,0,0,0,0,0,0,0,0,0,0,0,0,0,0,0
3170,2122,60,0,61419,62,"Elite and Dangerous",0,0,0,0,0,0,0,0,0,0,0,0,0,0,0,0,0,0,0,0,0,0,0,0
3171,2113,60,0,61419,62,"Do It for Gilly",0,0,0,0,0,0,0,0,0,0,0,0,0,0,0,0,0,0,0,0,0,0,0,0
3172,4172,60,0,61419,62,"Ascending to Empyreum",2801,0,0,0,0,0,0,0,0,0,0,0,0,0,0,0,0,0,0,0,0,0,0,0
3173,1738,50,0,61411,2100,"The Way of the Dodo",0,0,0,0,0,0,0,0,0,0,0,0,0,0,0,0,0,0,0,0,0,0,0,0
3174,1739,50,0,61411,2100,"Made to Order",0,0,0,0,0,0,0,0,0,0,0,0,0,0,0,0,0,0,0,0,0,0,0,0
3175,1748,50,0,61419,2100,"Clipped Wings",0,0,0,0,0,0,0,0,0,0,0,0,0,0,0,0,0,0,0,0,0,0,0,0
3176,1740,50,0,61411,2100,"Bargaining Chip",0,0,0,0,0,0,0,0,0,0,0,0,0,0,0,0,0,0,0,0,0,0,0,0
3177,1741,50,0,61411,2100,"Dragons in the Mist",0,0,0,0,0,0,0,0,0,0,0,0,0,0,0,0,0,0,0,0,0,0,0,0
3178,1749,50,0,61411,2100,"Unclear Motives",0,0,0,0,0,0,0,0,0,0,0,0,0,0,0,0,0,0,0,0,0,0,0,0
3179,1756,51,0,61411,2100,"Featherbrained Schemes",0,0,0,0,0,0,0,0,0,0,0,0,0,0,0,0,0,0,0,0,0,0,0,0
3180,1755,51,0,61411,2100,"Behind Enemy Lines",0,0,0,0,0,0,0,0,0,0,0,0,0,0,0,0,0,0,0,0,0,0,0,0
3181,1757,51,0,61411,2100,"Calling Back the Troops",0,0,0,0,0,0,0,0,0,0,0,0,0,0,0,0,0,0,0,0,0,0,0,0
3182,1758,51,0,61411,2100,"A Hasty Recovery",0,0,0,0,0,0,0,0,0,0,0,0,0,0,0,0,0,0,0,0,0,0,0,0
3183,1899,56,0,61411,2100,"Crying over Spilled Food",0,0,0,0,0,0,0,0,0,0,0,0,0,0,0,0,0,0,0,0,0,0,0,0
3184,1904,56,0,61411,2100,"A Tall Order to Fill",0,0,0,0,0,0,0,0,0,0,0,0,0,0,0,0,0,0,0,0,0,0,0,0
3185,1900,56,0,61411,2100,"Beefing Up the Reserves",0,0,0,0,0,0,0,0,0,0,0,0,0,0,0,0,0,0,0,0,0,0,0,0
3186,1903,56,0,61411,2100,"Hatching Ideas",0,0,0,0,0,0,0,0,0,0,0,0,0,0,0,0,0,0,0,0,0,0,0,0
3187,1901,56,0,61411,2100,"Search and Rescue",0,0,0,0,0,0,0,0,0,0,0,0,0,0,0,0,0,0,0,0,0,0,0,0
3188,1902,56,0,61411,2100,"A Cropper's Duty",0,0,0,0,0,0,0,0,0,0,0,0,0,0,0,0,0,0,0,0,0,0,0,0
3189,1907,57,0,61411,2100,"Nutritious and Delicious",0,0,0,0,0,0,0,0,0,0,0,0,0,0,0,0,0,0,0,0,0,0,0,0
3190,1908,57,0,61411,2100,"The Feast Must Go On",0,0,0,0,0,0,0,0,0,0,0,0,0,0,0,0,0,0,0,0,0,0,0,0
3191,1909,57,0,61419,2100,"Sleepless in Ok' Zundu",0,0,0,0,0,0,0,0,0,0,0,0,0,0,0,0,0,0,0,0,0,0,0,0
3192,1912,57,0,61411,2100,"Returning What's Ours",0,0,0,0,0,0,0,0,0,0,0,0,0,0,0,0,0,0,0,0,0,0,0,0
3193,1913,57,0,61411,2100,"One Flew over the Vundu's Nest",0,0,0,0,0,0,0,0,0,0,0,0,0,0,0,0,0,0,0,0,0,0,0,0
3194,1917,57,0,61411,2100,"Winds of Ill Omen",0,0,0,0,0,0,0,0,0,0,0,0,0,0,0,0,0,0,0,0,0,0,0,0
3195,1920,57,0,61411,2100,"For Your Spies Only",0,0,0,0,0,0,0,0,0,0,0,0,0,0,0,0,0,0,0,0,0,0,0,0
3196,1919,57,0,61411,2100,"Not Free as a Bird",0,0,0,0,0,0,0,0,0,0,0,0,0,0,0,0,0,0,0,0,0,0,0,0
3197,1918,57,0,61411,2100,"On Wings of Vanu",0,0,0,0,0,0,0,0,0,0,0,0,0,0,0,0,0,0,0,0,0,0,0,0
3198,1921,57,0,61411,2100,"An Awkward Situation",0,0,0,0,0,0,0,0,0,0,0,0,0,0,0,0,0,0,0,0,0,0,0,0
3199,1910,57,0,61419,2100,"Flying the Nest",0,0,0,0,0,0,0,0,0,0,0,0,0,0,0,0,0,0,0,0,0,0,0,0
3200,1911,57,0,61411,2100,"Growing Pains",0,0,0,0,0,0,0,0,0,0,0,0,0,0,0,0,0,0,0,0,0,0,0,0
3201,1914,57,0,61411,2100,"Ok' Zundu's Got Talent",0,0,0,0,0,0,0,0,0,0,0,0,0,0,0,0,0,0,0,0,0,0,0,0
3202,1915,57,0,61411,2100,"Lazing Saddles",0,0,0,0,0,0,0,0,0,0,0,0,0,0,0,0,0,0,0,0,0,0,0,0
3203,1916,57,0,61411,2100,"The Black Storm",0,0,0,0,0,0,0,0,0,0,0,0,0,0,0,0,0,0,0,0,0,0,0,0
3204,1974,59,0,61411,2100,"A Tale of Two Moogles",0,0,0,0,0,0,0,0,0,0,0,0,0,0,0,0,0,0,0,0,0,0,0,0
3205,1975,59,0,61411,2100,"Birds of a Feather",0,0,0,0,0,0,0,0,0,0,0,0,0,0,0,0,0,0,0,0,0,0,0,0
3206,1976,59,0,61411,2100,"An Eggcellent Disguise",0,0,0,0,0,0,0,0,0,0,0,0,0,0,0,0,0,0,0,0,0,0,0,0
3207,1977,59,0,61411,2100,"The Skies That Bind",0,0,0,0,0,0,0,0,0,0,0,0,0,0,0,0,0,0,0,0,0,0,0,0
3208,2112,60,0,61419,2100,"Reap What You Sow",0,0,0,0,0,0,0,0,0,0,0,0,0,0,0,0,0,0,0,0,0,0,0,0
3209,1771,52,0,61419,2000,"Some Bad News",0,0,0,0,0,0,0,0,0,0,0,0,0,0,0,0,0,0,0,0,0,0,0,0
3210,1772,52,0,61411,2000,"Something's Bugging the Chocobos",0,0,0,0,0,0,0,0,0,0,0,0,0,0,0,0,0,0,0,0,0,0,0,0
3211,1773,52,0,61411,2000,"Why Does the Caged Bird Sing",0,0,0,0,0,0,0,0,0,0,0,0,0,0,0,0,0,0,0,0,0,0,0,0
3212,1774,52,0,61411,2000,"Saving the Bait",0,0,0,0,0,0,0,0,0,0,0,0,0,0,0,0,0,0,0,0,0,0,0,0
3213,1770,52,0,61411,2000,"Clever Chicks",0,0,0,0,0,0,0,0,0,0,0,0,0,0,0,0,0,0,0,0,0,0,0,0
3214,1778,52,0,61411,2000,"A Trap to Yawn For",0,0,0,0,0,0,0,0,0,0,0,0,0,0,0,0,0,0,0,0,0,0,0,0
3215,1779,52,0,61411,2000,"Needs More Salt",0,0,0,0,0,0,0,0,0,0,0,0,0,0,0,0,0,0,0,0,0,0,0,0
3216,1784,52,0,61411,2000,"Wet Strings Attached",0,0,0,0,0,0,0,0,0,0,0,0,0,0,0,0,0,0,0,0,0,0,0,0
3217,1780,52,0,61411,2000,"Uninvited Guests",0,0,0,0,0,0,0,0,0,0,0,0,0,0,0,0,0,0,0,0,0,0,0,0
3218,1785,52,0,61411,2000,"What Remaclon Saw",0,0,0,0,0,0,0,0,0,0,0,0,0,0,0,0,0,0,0,0,0,0,0,0
3219,1775,52,0,61411,2000,"I Wanna Be the Hunter",0,0,0,0,0,0,0,0,0,0,0,0,0,0,0,0,0,0,0,0,0,0,0,0
3220,1776,52,0,61411,2000,"A Natural Instinct",0,0,0,0,0,0,0,0,0,0,0,0,0,0,0,0,0,0,0,0,0,0,0,0
3221,1777,52,0,61411,2000,"First Impressions Last",0,0,0,0,0,0,0,0,0,0,0,0,0,0,0,0,0,0,0,0,0,0,0,0
3222,1781,52,0,61411,2000,"The Man Who Slew Too Much",0,0,0,0,0,0,0,0,0,0,0,0,0,0,0,0,0,0,0,0,0,0,0,0
3223,1782,52,0,61411,2000,"A Budding Partnership",0,0,0,0,0,0,0,0,0,0,0,0,0,0,0,0,0,0,0,0,0,0,0,0
3224,1783,52,0,61411,2000,"Persistence Makes Perfect",0,0,0,0,0,0,0,0,0,0,0,0,0,0,0,0,0,0,0,0,0,0,0,0
3225,1786,52,0,61411,2000,"To Each His Own",0,0,0,0,0,0,0,0,0,0,0,0,0,0,0,0,0,0,0,0,0,0,0,0
3226,1787,52,0,61411,2000,"Low-hanging Fruit",0,0,0,0,0,0,0,0,0,0,0,0,0,0,0,0,0,0,0,0,0,0,0,0
3227,1788,52,0,61411,2000,"Freedom of Choice",0,0,0,0,0,0,0,0,0,0,0,0,0,0,0,0,0,0,0,0,0,0,0,0
3228,1789,52,0,61411,2000,"Aggressive Pruning",0,0,0,0,0,0,0,0,0,0,0,0,0,0,0,0,0,0,0,0,0,0,0,0
3229,1790,52,0,61419,2000,"Stolen Munitions",0,0,0,0,0,0,0,0,0,0,0,0,0,0,0,0,0,0,0,0,0,0,0,0
3230,1791,52,0,61411,2000,"Feat of Clay",0,0,0,0,0,0,0,0,0,0,0,0,0,0,0,0,0,0,0,0,0,0,0,0
3231,1792,52,0,61411,2000,"Natural Repellent",0,0,0,0,0,0,0,0,0,0,0,0,0,0,0,0,0,0,0,0,0,0,0,0
3232,1797,53,0,61419,2000,"The Hunter Becomes the Kweh",0,0,0,0,0,0,0,0,0,0,0,0,0,0,0,0,0,0,0,0,0,0,0,0
3233,1798,53,0,61411,2000,"Chocobo's Last Stand",0,0,0,0,0,0,0,0,0,0,0,0,0,0,0,0,0,0,0,0,0,0,0,0
3234,1795,53,0,61411,2000,"Treason and Plot",0,0,0,0,0,0,0,0,0,0,0,0,0,0,0,0,0,0,0,0,0,0,0,0
3235,1793,53,0,61411,2000,"Yellow Stones",0,0,0,0,0,0,0,0,0,0,0,0,0,0,0,0,0,0,0,0,0,0,0,0
3236,1796,53,0,61411,2000,"Vindictive Vath Vendetta",0,0,0,0,0,0,0,0,0,0,0,0,0,0,0,0,0,0,0,0,0,0,0,0
3237,1794,53,0,61411,2000,"A Curious Herb",0,0,0,0,0,0,0,0,0,0,0,0,0,0,0,0,0,0,0,0,0,0,0,0
3238,1804,53,0,61411,2000,"Awakened",0,0,0,0,0,0,0,0,0,0,0,0,0,0,0,0,0,0,0,0,0,0,0,0
3239,1805,53,0,61411,2000,"It's the Thought That Counts",0,0,0,0,0,0,0,0,0,0,0,0,0,0,0,0,0,0,0,0,0,0,0,0
3240,1806,53,0,61411,2000,"Advanced Vathematics",0,0,0,0,0,0,0,0,0,0,0,0,0,0,0,0,0,0,0,0,0,0,0,0
3241,1807,53,0,61411,2000,"Something Worth Protecting",0,0,0,0,0,0,0,0,0,0,0,0,0,0,0,0,0,0,0,0,0,0,0,0
3242,1808,53,0,61411,2000,"Nipped in the Bud",0,0,0,0,0,0,0,0,0,0,0,0,0,0,0,0,0,0,0,0,0,0,0,0
3243,1799,53,0,61411,2000,"How to Feed Your Dragon",0,0,0,0,0,0,0,0,0,0,0,0,0,0,0,0,0,0,0,0,0,0,0,0
3244,1800,53,0,61411,2000,"Hungry for Seconds",0,0,0,0,0,0,0,0,0,0,0,0,0,0,0,0,0,0,0,0,0,0,0,0
3245,1801,53,0,61411,2000,"A Taste of the Peculiar",0,0,0,0,0,0,0,0,0,0,0,0,0,0,0,0,0,0,0,0,0,0,0,0
3246,1802,53,0,61419,2000,"A Lesson in Humility",0,0,0,0,0,0,0,0,0,0,0,0,0,0,0,0,0,0,0,0,0,0,0,0
3247,1812,53,0,61411,2000,"Back in the Game",0,0,0,0,0,0,0,0,0,0,0,0,0,0,0,0,0,0,0,0,0,0,0,0
3248,1813,53,0,61411,2000,"Where Dragons Lie",0,0,0,0,0,0,0,0,0,0,0,0,0,0,0,0,0,0,0,0,0,0,0,0
3249,1803,53,0,61411,2000,"No Smoking Allowed",0,0,0,0,0,0,0,0,0,0,0,0,0,0,0,0,0,0,0,0,0,0,0,0
3250,1809,53,0,61411,2000,"Like Gnaths to a Flame",0,0,0,0,0,0,0,0,0,0,0,0,0,0,0,0,0,0,0,0,0,0,0,0
3251,1810,53,0,61411,2000,"Fit to Be Tied",0,0,0,0,0,0,0,0,0,0,0,0,0,0,0,0,0,0,0,0,0,0,0,0
3252,1811,53,0,61411,2000,"Blunders in Dragonsitting",0,0,0,0,0,0,0,0,0,0,0,0,0,0,0,0,0,0,0,0,0,0,0,0
3253,1814,53,0,61411,2000,"When Mother Calls",0,0,0,0,0,0,0,0,0,0,0,0,0,0,0,0,0,0,0,0,0,0,0,0
3254,1815,53,0,61411,2000,"A Dragon and His Boy",0,0,0,0,0,0,0,0,0,0,0,0,0,0,0,0,0,0,0,0,0,0,0,0
3255,1816,53,0,61411,2000,"Between Friends and Family",0,0,0,0,0,0,0,0,0,0,0,0,0,0,0,0,0,0,0,0,0,0,0,0
3256,1817,53,0,61411,2000,"The Heart of a Dragon",0,0,0,0,0,0,0,0,0,0,0,0,0,0,0,0,0,0,0,0,0,0,0,0
3257,1818,53,0,61411,2000,"Let Bygones Be Bygones",0,0,0,0,0,0,0,0,0,0,0,0,0,0,0,0,0,0,0,0,0,0,0,0
3258,1819,54,0,61419,2002,"The Bathing Bully",0,0,0,0,0,0,0,0,0,0,0,0,0,0,0,0,0,0,0,0,0,0,0,0
3259,1820,54,0,61411,2002,"A Show of Devotion",0,0,0,0,0,0,0,0,0,0,0,0,0,0,0,0,0,0,0,0,0,0,0,0
3260,1822,54,0,61411,2002,"A Dream Blooms",0,0,0,0,0,0,0,0,0,0,0,0,0,0,0,0,0,0,0,0,0,0,0,0
3261,1823,54,0,61419,2002,"Road Kill",0,0,0,0,0,0,0,0,0,0,0,0,0,0,0,0,0,0,0,0,0,0,0,0
3262,1830,54,0,61411,2002,"Nut Job",0,0,0,0,0,0,0,0,0,0,0,0,0,0,0,0,0,0,0,0,0,0,0,0
3263,1825,54,0,61411,2002,"Who's Got the Baskets",0,0,0,0,0,0,0,0,0,0,0,0,0,0,0,0,0,0,0,0,0,0,0,0
3264,1826,54,0,61411,2002,"Where Dragons Tread",0,0,0,0,0,0,0,0,0,0,0,0,0,0,0,0,0,0,0,0,0,0,0,0
3265,1827,54,0,61411,2002,"Something Needs to Change",0,0,0,0,0,0,0,0,0,0,0,0,0,0,0,0,0,0,0,0,0,0,0,0
3266,1833,54,0,61411,2002,"My Friend the Enabler",0,0,0,0,0,0,0,0,0,0,0,0,0,0,0,0,0,0,0,0,0,0,0,0
3267,1834,54,0,61411,2002,"Pom-pom Panic",0,0,0,0,0,0,0,0,0,0,0,0,0,0,0,0,0,0,0,0,0,0,0,0
3268,1828,54,0,61419,2002,"Hide Your Moogles",0,0,0,0,0,0,0,0,0,0,0,0,0,0,0,0,0,0,0,0,0,0,0,0
3269,1829,54,0,61411,2002,"The Unceasing Gardener",0,0,0,0,0,0,0,0,0,0,0,0,0,0,0,0,0,0,0,0,0,0,0,0
3270,1835,54,0,61419,2002,"Waiting to Inhale",0,0,0,0,0,0,0,0,0,0,0,0,0,0,0,0,0,0,0,0,0,0,0,0
3271,1821,54,0,61411,2002,"A Pebble for Your Thoughts",0,0,0,0,0,0,0,0,0,0,0,0,0,0,0,0,0,0,0,0,0,0,0,0
3272,1824,54,0,61411,2002,"Spineless Wadjets",0,0,0,0,0,0,0,0,0,0,0,0,0,0,0,0,0,0,0,0,0,0,0,0
3273,1831,54,0,61411,2002,"Far from Home",0,0,0,0,0,0,0,0,0,0,0,0,0,0,0,0,0,0,0,0,0,0,0,0
3274,1832,54,0,61411,2002,"A Nutty Initiation",0,0,0,0,0,0,0,0,0,0,0,0,0,0,0,0,0,0,0,0,0,0,0,0
3275,1836,55,0,61411,2002,"I Won't Leaf You Behind",0,0,0,0,0,0,0,0,0,0,0,0,0,0,0,0,0,0,0,0,0,0,0,0
3276,1837,55,0,61411,2002,"Something in the Water",0,0,0,0,0,0,0,0,0,0,0,0,0,0,0,0,0,0,0,0,0,0,0,0
3277,1838,55,0,61411,2002,"Moogles' Marvelous Medicine",0,0,0,0,0,0,0,0,0,0,0,0,0,0,0,0,0,0,0,0,0,0,0,0
3278,1839,55,0,61411,2002,"Worried Sick",0,0,0,0,0,0,0,0,0,0,0,0,0,0,0,0,0,0,0,0,0,0,0,0
3279,1840,55,0,61411,2002,"A Secret from Everyone",0,0,0,0,0,0,0,0,0,0,0,0,0,0,0,0,0,0,0,0,0,0,0,0
3280,1860,55,0,61411,2002,"Mallow in Sadness",0,0,0,0,0,0,0,0,0,0,0,0,0,0,0,0,0,0,0,0,0,0,0,0
3281,1841,55,0,61411,2002,"An Immaculate Home",0,0,0,0,0,0,0,0,0,0,0,0,0,0,0,0,0,0,0,0,0,0,0,0
3282,1842,55,0,61411,2002,"Just Another Bug Hunt",0,0,0,0,0,0,0,0,0,0,0,0,0,0,0,0,0,0,0,0,0,0,0,0
3283,1843,55,0,61411,2002,"Wyvern Let Die",0,0,0,0,0,0,0,0,0,0,0,0,0,0,0,0,0,0,0,0,0,0,0,0
3284,1844,55,0,61411,2002,"Root Maneuvers",0,0,0,0,0,0,0,0,0,0,0,0,0,0,0,0,0,0,0,0,0,0,0,0
3285,1847,55,0,61411,2002,"Back to Baskets",0,0,0,0,0,0,0,0,0,0,0,0,0,0,0,0,0,0,0,0,0,0,0,0
3286,1848,55,0,61411,2002,"If Living Is without Nuts",0,0,0,0,0,0,0,0,0,0,0,0,0,0,0,0,0,0,0,0,0,0,0,0
3287,1849,55,0,61411,2002,"The Nest Episode",0,0,0,0,0,0,0,0,0,0,0,0,0,0,0,0,0,0,0,0,0,0,0,0
3288,1846,55,0,61411,2002,"There Will Be Blades",0,0,0,0,0,0,0,0,0,0,0,0,0,0,0,0,0,0,0,0,0,0,0,0
3289,1845,55,0,61411,2002,"No Country for Young Moogles",0,0,0,0,0,0,0,0,0,0,0,0,0,0,0,0,0,0,0,0,0,0,0,0
3290,1850,55,0,61411,2002,"The Mog Squad Assembles",0,0,0,0,0,0,0,0,0,0,0,0,0,0,0,0,0,0,0,0,0,0,0,0
3291,1851,55,0,61411,2002,"Branching Out",0,0,0,0,0,0,0,0,0,0,0,0,0,0,0,0,0,0,0,0,0,0,0,0
3292,1852,55,0,61411,2002,"What Learning Entails",0,0,0,0,0,0,0,0,0,0,0,0,0,0,0,0,0,0,0,0,0,0,0,0
3293,1853,55,0,61411,2002,"A Rocky Start",0,0,0,0,0,0,0,0,0,0,0,0,0,0,0,0,0,0,0,0,0,0,0,0
3294,1854,55,0,61411,2002,"Walking the Walk",0,0,0,0,0,0,0,0,0,0,0,0,0,0,0,0,0,0,0,0,0,0,0,0
3295,1859,55,0,61411,2002,"Seedy Business",0,0,0,0,0,0,0,0,0,0,0,0,0,0,0,0,0,0,0,0,0,0,0,0
3296,1861,55,0,61411,2002,"The Sins of Our Landlords",0,0,0,0,0,0,0,0,0,0,0,0,0,0,0,0,0,0,0,0,0,0,0,0
3297,1855,55,0,61411,2002,"Unwanted Attention",0,0,0,0,0,0,0,0,0,0,0,0,0,0,0,0,0,0,0,0,0,0,0,0
3298,1856,55,0,61411,2002,"Walking on Eggshells",0,0,0,0,0,0,0,0,0,0,0,0,0,0,0,0,0,0,0,0,0,0,0,0
3299,1857,55,0,61411,2002,"It's Not a Bug, It's a Creature",0,0,0,0,0,0,0,0,0,0,0,0,0,0,0,0,0,0,0,0,0,0,0,0
3300,1858,55,0,61411,2002,"A Frightening Field Trip",0,0,0,0,0,0,0,0,0,0,0,0,0,0,0,0,0,0,0,0,0,0,0,0
3301,1862,55,0,61411,2002,"Give Back My Precious",0,0,0,0,0,0,0,0,0,0,0,0,0,0,0,0,0,0,0,0,0,0,0,0
3302,1863,55,0,61411,2002,"Protecting the Pom",0,0,0,0,0,0,0,0,0,0,0,0,0,0,0,0,0,0,0,0,0,0,0,0
3303,1864,55,0,61411,2002,"Save the Pomguard",0,0,0,0,0,0,0,0,0,0,0,0,0,0,0,0,0,0,0,0,0,0,0,0
3304,1865,55,0,61411,2002,"An Urgent Message",0,0,0,0,0,0,0,0,0,0,0,0,0,0,0,0,0,0,0,0,0,0,0,0
3305,1866,55,0,61411,2002,"An Uneasy Feeling",0,0,0,0,0,0,0,0,0,0,0,0,0,0,0,0,0,0,0,0,0,0,0,0
3306,1867,55,0,61411,2002,"A Moogle's Intuition",0,0,0,0,0,0,0,0,0,0,0,0,0,0,0,0,0,0,0,0,0,0,0,0
3307,1868,55,0,61411,2002,"Trouble at Zenith",0,0,0,0,0,0,0,0,0,0,0,0,0,0,0,0,0,0,0,0,0,0,0,0
3308,1875,56,0,61411,2002,"Respecting the Sheave",0,0,0,0,0,0,0,0,0,0,0,0,0,0,0,0,0,0,0,0,0,0,0,0
3309,1876,56,0,61411,2002,"Spring Cleaning",0,0,0,0,0,0,0,0,0,0,0,0,0,0,0,0,0,0,0,0,0,0,0,0
3310,1877,56,0,61411,2002,"No Nests Allowed",0,0,0,0,0,0,0,0,0,0,0,0,0,0,0,0,0,0,0,0,0,0,0,0
3311,1878,56,0,61411,2002,"Bitter Is the Night",0,0,0,0,0,0,0,0,0,0,0,0,0,0,0,0,0,0,0,0,0,0,0,0
3312,1881,56,0,61411,2002,"Scouting and Maiming",0,0,0,0,0,0,0,0,0,0,0,0,0,0,0,0,0,0,0,0,0,0,0,0
3313,1882,56,0,61411,2002,"Finders Keepers",0,0,0,0,0,0,0,0,0,0,0,0,0,0,0,0,0,0,0,0,0,0,0,0
3314,1879,56,0,61411,2002,"These Things Take Time",0,0,0,0,0,0,0,0,0,0,0,0,0,0,0,0,0,0,0,0,0,0,0,0
3315,1883,56,0,61411,2002,"An Unwelcome Surprise",0,0,0,0,0,0,0,0,0,0,0,0,0,0,0,0,0,0,0,0,0,0,0,0
3316,1884,56,0,61411,2002,"A Meter Too Far",0,0,0,0,0,0,0,0,0,0,0,0,0,0,0,0,0,0,0,0,0,0,0,0
3317,1880,56,0,61411,2002,"Thar Be Dragons",0,0,0,0,0,0,0,0,0,0,0,0,0,0,0,0,0,0,0,0,0,0,0,0
3318,1871,56,0,61411,2002,"Laying the First Brick",0,0,0,0,0,0,0,0,0,0,0,0,0,0,0,0,0,0,0,0,0,0,0,0
3319,1550,1,0,61411,2082,"Fiery Wings, Fiery Hearts",0,0,0,0,0,0,0,0,0,0,0,0,0,0,0,0,0,0,0,0,0,0,0,0
3320,1928,57,0,61411,2000,"Smarter than the Average Beast",0,0,0,0,0,0,0,0,0,0,0,0,0,0,0,0,0,0,0,0,0,0,0,0
3321,1551,60,0,61419,2082,"Arms Wide Open",0,0,0,0,0,0,0,0,0,0,0,0,0,0,0,0,0,0,0,0,0,0,0,0
3322,1922,57,0,61411,2000,"Getting a Legtrap Up",0,0,0,0,0,0,0,0,0,0,0,0,0,0,0,0,0,0,0,0,0,0,0,0
3323,3177,66,0,61419,2082,"Between a Rock and the Hard Place",0,0,0,0,0,0,0,0,0,0,0,0,0,0,0,0,0,0,0,0,0,0,0,0
3324,1923,57,0,61411,2000,"Pest Control",0,0,0,0,0,0,0,0,0,0,0,0,0,0,0,0,0,0,0,0,0,0,0,0
3325,3178,66,0,61419,2082,"He Ain't Piggy, He's My Brother",0,0,0,0,0,0,0,0,0,0,0,0,0,0,0,0,0,0,0,0,0,0,0,0
3326,1924,57,0,61411,2000,"A Step in the Right Direction",0,0,0,0,0,0,0,0,0,0,0,0,0,0,0,0,0,0,0,0,0,0,0,0
3327,1925,57,0,61411,2000,"Garbage Duty",0,0,0,0,0,0,0,0,0,0,0,0,0,0,0,0,0,0,0,0,0,0,0,0
3328,1926,57,0,61411,2000,"A Hunter's True Nature",0,0,0,0,0,0,0,0,0,0,0,0,0,0,0,0,0,0,0,0,0,0,0,0
3329,1927,57,0,61411,2000,"Smells Like Team Spirit",0,0,0,0,0,0,0,0,0,0,0,0,0,0,0,0,0,0,0,0,0,0,0,0
3330,1930,57,0,61411,2000,"The Best Defense",0,0,0,0,0,0,0,0,0,0,0,0,0,0,0,0,0,0,0,0,0,0,0,0
3331,1929,57,0,61411,2000,"From the Jaws of Hunger",0,0,0,0,0,0,0,0,0,0,0,0,0,0,0,0,0,0,0,0,0,0,0,0
3332,1931,58,0,61411,2082,"Stop Bugging Me",0,0,0,0,0,0,0,0,0,0,0,0,0,0,0,0,0,0,0,0,0,0,0,0
3333,1936,58,0,61419,2001,"Louder than Words",0,0,0,0,0,0,0,0,0,0,0,0,0,0,0,0,0,0,0,0,0,0,0,0
3334,1932,58,0,61411,2082,"Community Service",0,0,0,0,0,0,0,0,0,0,0,0,0,0,0,0,0,0,0,0,0,0,0,0
3335,1947,58,0,61411,2001,"A Bum Rap",0,0,0,0,0,0,0,0,0,0,0,0,0,0,0,0,0,0,0,0,0,0,0,0
3336,1933,58,0,61411,2001,"Feltsmox Needs Bait",0,0,0,0,0,0,0,0,0,0,0,0,0,0,0,0,0,0,0,0,0,0,0,0
3337,1938,58,0,61411,2082,"Cry Havoc",0,0,0,0,0,0,0,0,0,0,0,0,0,0,0,0,0,0,0,0,0,0,0,0
3338,1934,58,0,61411,2001,"Feltsmox's Reel Problems",0,0,0,0,0,0,0,0,0,0,0,0,0,0,0,0,0,0,0,0,0,0,0,0
3339,1939,58,0,61411,2082,"Sacking the Foe",0,0,0,0,0,0,0,0,0,0,0,0,0,0,0,0,0,0,0,0,0,0,0,0
3340,1940,58,0,61411,2082,"Can You Hear Me Now",0,0,0,0,0,0,0,0,0,0,0,0,0,0,0,0,0,0,0,0,0,0,0,0
3341,1960,58,0,61411,2001,"Feltsmox Can't Bear It",0,0,0,0,0,0,0,0,0,0,0,0,0,0,0,0,0,0,0,0,0,0,0,0
3342,1941,58,0,61411,2082,"A New Leaf",0,0,0,0,0,0,0,0,0,0,0,0,0,0,0,0,0,0,0,0,0,0,0,0
3343,1961,58,0,61411,2001,"Feltsmox Tackles the Morbols",0,0,0,0,0,0,0,0,0,0,0,0,0,0,0,0,0,0,0,0,0,0,0,0
3344,1943,58,0,61411,2082,"Feltsmox Switches Bait",0,0,0,0,0,0,0,0,0,0,0,0,0,0,0,0,0,0,0,0,0,0,0,0
3345,1958,58,0,61411,2001,"A Slimier Stymier",0,0,0,0,0,0,0,0,0,0,0,0,0,0,0,0,0,0,0,0,0,0,0,0
3346,1945,58,0,61419,2082,"Ebb and Aetherflow",0,0,0,0,0,0,0,0,0,0,0,0,0,0,0,0,0,0,0,0,0,0,0,0
3347,1959,58,0,61411,2001,"Mission Unpossible",0,0,0,0,0,0,0,0,0,0,0,0,0,0,0,0,0,0,0,0,0,0,0,0
3348,1946,58,0,61411,2082,"The Vangob Job",0,0,0,0,0,0,0,0,0,0,0,0,0,0,0,0,0,0,0,0,0,0,0,0
3349,1964,58,0,61411,2001,"What the Boat Brought In",0,0,0,0,0,0,0,0,0,0,0,0,0,0,0,0,0,0,0,0,0,0,0,0
3350,1957,58,0,61411,2082,"Many Hands Make Light Checkwork",0,0,0,0,0,0,0,0,0,0,0,0,0,0,0,0,0,0,0,0,0,0,0,0
3351,1965,58,0,61411,2001,"Over My Dead Gobbie",0,0,0,0,0,0,0,0,0,0,0,0,0,0,0,0,0,0,0,0,0,0,0,0
3352,1937,58,0,61411,2001,"Uncoordinated Defense",0,0,0,0,0,0,0,0,0,0,0,0,0,0,0,0,0,0,0,0,0,0,0,0
3353,1963,58,0,61419,2082,"Taking Stock",0,0,0,0,0,0,0,0,0,0,0,0,0,0,0,0,0,0,0,0,0,0,0,0
3354,1944,58,0,61411,2001,"The Missing Logbook",0,0,0,0,0,0,0,0,0,0,0,0,0,0,0,0,0,0,0,0,0,0,0,0
3355,1962,58,0,61411,2082,"Watchcogs",0,0,0,0,0,0,0,0,0,0,0,0,0,0,0,0,0,0,0,0,0,0,0,0
3356,1935,58,0,61411,2082,"The Pick of the Bunch",0,0,0,0,0,0,0,0,0,0,0,0,0,0,0,0,0,0,0,0,0,0,0,0
3357,1942,58,0,61411,2082,"Administrative Difficulties",0,0,0,0,0,0,0,0,0,0,0,0,0,0,0,0,0,0,0,0,0,0,0,0
3358,1948,58,0,61411,2082,"Red Tape",0,0,0,0,0,0,0,0,0,0,0,0,0,0,0,0,0,0,0,0,0,0,0,0
3359,1949,58,0,61411,2082,"The Golden Rule",0,0,0,0,0,0,0,0,0,0,0,0,0,0,0,0,0,0,0,0,0,0,0,0
3360,1950,58,0,61411,2082,"The New Arrivals",0,0,0,0,0,0,0,0,0,0,0,0,0,0,0,0,0,0,0,0,0,0,0,0
3361,1951,58,0,61411,2082,"Notched Bone's Suspicions",0,0,0,0,0,0,0,0,0,0,0,0,0,0,0,0,0,0,0,0,0,0,0,0
3362,1952,58,0,61411,2082,"Dedean's Doubts",0,0,0,0,0,0,0,0,0,0,0,0,0,0,0,0,0,0,0,0,0,0,0,0
3363,1953,58,0,61411,2082,"Lean and Hungry Gentlemen",0,0,0,0,0,0,0,0,0,0,0,0,0,0,0,0,0,0,0,0,0,0,0,0
3364,1954,58,0,61411,2082,"Private Investigations",0,0,0,0,0,0,0,0,0,0,0,0,0,0,0,0,0,0,0,0,0,0,0,0
3365,1955,58,0,61411,2082,"Ancient Goblin Secrets",0,0,0,0,0,0,0,0,0,0,0,0,0,0,0,0,0,0,0,0,0,0,0,0
3366,1956,58,0,61411,2082,"Cityfriends",0,0,0,0,0,0,0,0,0,0,0,0,0,0,0,0,0,0,0,0,0,0,0,0
3367,1966,59,0,61419,2036,"Saro Roggo's Common Life",0,0,0,0,0,0,0,0,0,0,0,0,0,0,0,0,0,0,0,0,0,0,0,0
3368,1973,59,0,61411,2002,"Classic Misdirection",0,0,0,0,0,0,0,0,0,0,0,0,0,0,0,0,0,0,0,0,0,0,0,0
3369,2121,59,0,61419,2082,"Top Marks",0,0,0,0,0,0,0,0,0,0,0,0,0,0,0,0,0,0,0,0,0,0,0,0
3370,1967,59,0,61411,2036,"A Straightforward Fancy",0,0,0,0,0,0,0,0,0,0,0,0,0,0,0,0,0,0,0,0,0,0,0,0
3371,1978,59,0,61411,2002,"A Moogle by Any Other Name",0,0,0,0,0,0,0,0,0,0,0,0,0,0,0,0,0,0,0,0,0,0,0,0
3372,1968,59,0,61411,2036,"A Statuesque Interest",0,0,0,0,0,0,0,0,0,0,0,0,0,0,0,0,0,0,0,0,0,0,0,0
3373,1969,59,0,61411,2036,"A Self-possessed Pastime",0,0,0,0,0,0,0,0,0,0,0,0,0,0,0,0,0,0,0,0,0,0,0,0
3374,1970,59,0,61411,2036,"The Magic Word",0,0,0,0,0,0,0,0,0,0,0,0,0,0,0,0,0,0,0,0,0,0,0,0
3375,1971,59,0,61411,2036,"Have I Toad You Lately",0,0,0,0,0,0,0,0,0,0,0,0,0,0,0,0,0,0,0,0,0,0,0,0
3376,2118,60,0,61419,2082,"A Striking Opportunity",1197,0,0,0,0,0,0,0,0,0,0,0,0,0,0,0,0,0,0,0,0,0,0,0
3377,2202,60,0,61419,2001,"An Overgrown Ambition",0,0,0,0,0,0,0,0,0,0,0,0,0,0,0,0,0,0,0,0,0,0,0,0
3378,2386,60,0,61419,2082,"Let Me Gubal That for You",0,0,0,0,0,0,0,0,0,0,0,0,0,0,0,0,0,0,0,0,0,0,0,0
3379,2392,60,0,61419,2082,"Keeping Up with the Aliapohs",0,0,0,0,0,0,0,0,0,0,0,0,0,0,0,0,0,0,0,0,0,0,0,0
3380,2402,60,0,61419,2082,"The Fires of Sohm Al",0,0,0,0,0,0,0,0,0,0,0,0,0,0,0,0,0,0,0,0,0,0,0,0
3381,3965,80,0,61419,2082,"Fantastic Mr. Faux",0,0,0,0,0,0,0,0,0,0,0,0,0,0,0,0,0,0,0,0,0,0,0,0
3382,1979,59,0,61411,2101,"Basic Training",0,0,0,0,0,0,0,0,0,0,0,0,0,0,0,0,0,0,0,0,0,0,0,0
3383,1980,59,0,61411,2101,"Good Clean Fun",0,0,0,0,0,0,0,0,0,0,0,0,0,0,0,0,0,0,0,0,0,0,0,0
3384,1981,59,0,61411,2101,"General Protection Fault",0,0,0,0,0,0,0,0,0,0,0,0,0,0,0,0,0,0,0,0,0,0,0,0
3385,1982,59,0,61411,2101,"Excessive Force",0,0,0,0,0,0,0,0,0,0,0,0,0,0,0,0,0,0,0,0,0,0,0,0
3386,1983,59,0,61411,2101,"Chimerical Abominations",0,0,0,0,0,0,0,0,0,0,0,0,0,0,0,0,0,0,0,0,0,0,0,0
3387,1984,59,0,61411,2101,"Pollution Solution",0,0,0,0,0,0,0,0,0,0,0,0,0,0,0,0,0,0,0,0,0,0,0,0
3388,1985,59,0,61411,2101,"Good Hunting",0,0,0,0,0,0,0,0,0,0,0,0,0,0,0,0,0,0,0,0,0,0,0,0
3389,1986,59,0,61411,2101,"Defense Protocols",0,0,0,0,0,0,0,0,0,0,0,0,0,0,0,0,0,0,0,0,0,0,0,0
3390,1987,59,0,61411,2101,"Snikt",0,0,0,0,0,0,0,0,0,0,0,0,0,0,0,0,0,0,0,0,0,0,0,0
3391,1988,59,0,61411,2101,"A Crude Facsimile",0,0,0,0,0,0,0,0,0,0,0,0,0,0,0,0,0,0,0,0,0,0,0,0
3392,1989,59,0,61411,2101,"Recycling",0,0,0,0,0,0,0,0,0,0,0,0,0,0,0,0,0,0,0,0,0,0,0,0
3393,1990,59,0,61411,2101,"Inadequate Safety Measures",0,0,0,0,0,0,0,0,0,0,0,0,0,0,0,0,0,0,0,0,0,0,0,0
3394,1991,59,0,61411,2101,"Environmental Unbalance",0,0,0,0,0,0,0,0,0,0,0,0,0,0,0,0,0,0,0,0,0,0,0,0
3395,1992,59,0,61411,2101,"Elevated Aggression Levels",0,0,0,0,0,0,0,0,0,0,0,0,0,0,0,0,0,0,0,0,0,0,0,0
3396,2639,60,0,61419,2406,"Magiteknical Failure",0,0,0,0,0,0,0,0,0,0,0,0,0,0,0,0,0,0,0,0,0,0,0,0
3397,2645,60,0,61411,2407,"Dark Water",0,0,0,0,0,0,0,0,0,0,0,0,0,0,0,0,0,0,0,0,0,0,0,0
3398,0,0,0,0,0,"",0,0,0,0,0,0,0,0,0,0,0,0,0,0,0,0,0,0,0,0,0,0,0,0
3399,2640,60,0,61411,2406,"Gross Encounters",0,0,0,0,0,0,0,0,0,0,0,0,0,0,0,0,0,0,0,0,0,0,0,0
3400,2647,60,0,61411,2407,"Home Comforts",0,0,0,0,0,0,0,0,0,0,0,0,0,0,0,0,0,0,0,0,0,0,0,0
3401,2641,60,0,61411,2406,"Prison Break",0,0,0,0,0,0,0,0,0,0,0,0,0,0,0,0,0,0,0,0,0,0,0,0
3402,2646,60,0,61411,2407,"An Honest Day's Work",0,0,0,0,0,0,0,0,0,0,0,0,0,0,0,0,0,0,0,0,0,0,0,0
3403,2642,60,0,61411,2406,"What a Tangled Web We Weave",0,0,0,0,0,0,0,0,0,0,0,0,0,0,0,0,0,0,0,0,0,0,0,0
3404,2648,60,0,61411,2407,"Bears over Flowers",0,0,0,0,0,0,0,0,0,0,0,0,0,0,0,0,0,0,0,0,0,0,0,0
3405,2644,60,0,61411,2406,"Spicing Things Up",0,0,0,0,0,0,0,0,0,0,0,0,0,0,0,0,0,0,0,0,0,0,0,0
3406,2649,60,0,61411,2407,"Beastly Bandits",0,0,0,0,0,0,0,0,0,0,0,0,0,0,0,0,0,0,0,0,0,0,0,0
3407,2643,60,0,61411,2406,"Doing Her Part",0,0,0,0,0,0,0,0,0,0,0,0,0,0,0,0,0,0,0,0,0,0,0,0
3408,2650,60,0,61411,2407,"Midge Madness",0,0,0,0,0,0,0,0,0,0,0,0,0,0,0,0,0,0,0,0,0,0,0,0
3409,3005,60,0,61419,2403,"None Forgotten, None Forsaken",0,0,0,0,0,0,0,0,0,0,0,0,0,0,0,0,0,0,0,0,0,0,0,0
3410,3006,60,0,61419,2403,"Not While Their Names Are Still Spoken",0,0,0,0,0,0,0,0,0,0,0,0,0,0,0,0,0,0,0,0,0,0,0,0
3411,2651,61,0,61411,2403,"Hard Blow",0,0,0,0,0,0,0,0,0,0,0,0,0,0,0,0,0,0,0,0,0,0,0,0
3412,2653,61,0,61411,2407,"Of Rats and Men",0,0,0,0,0,0,0,0,0,0,0,0,0,0,0,0,0,0,0,0,0,0,0,0
3413,2660,61,0,61411,2406,"A Second Assessment",0,0,0,0,0,0,0,0,0,0,0,0,0,0,0,0,0,0,0,0,0,0,0,0
3414,2652,61,0,61411,2403,"Mother's Boy",0,0,0,0,0,0,0,0,0,0,0,0,0,0,0,0,0,0,0,0,0,0,0,0
3415,2655,61,0,61419,2407,"Saint Sayer",0,0,0,0,0,0,0,0,0,0,0,0,0,0,0,0,0,0,0,0,0,0,0,0
3416,2659,61,0,61411,2406,"A Good Role Model",0,0,0,0,0,0,0,0,0,0,0,0,0,0,0,0,0,0,0,0,0,0,0,0
3417,2656,61,0,61411,2407,"As Stubborn as Stone",0,0,0,0,0,0,0,0,0,0,0,0,0,0,0,0,0,0,0,0,0,0,0,0
3418,2661,61,0,61419,2406,"The Hidden Truth",0,0,0,0,0,0,0,0,0,0,0,0,0,0,0,0,0,0,0,0,0,0,0,0
3419,2657,61,0,61411,2407,"The Sound of the Quarry",0,0,0,0,0,0,0,0,0,0,0,0,0,0,0,0,0,0,0,0,0,0,0,0
3420,2662,61,0,61419,2406,"Drawing a Blank",0,0,0,0,0,0,0,0,0,0,0,0,0,0,0,0,0,0,0,0,0,0,0,0
3421,2658,61,0,61411,2407,"Spooky Stones",0,0,0,0,0,0,0,0,0,0,0,0,0,0,0,0,0,0,0,0,0,0,0,0
3422,2663,61,0,61419,2406,"Seeking Answers",0,0,0,0,0,0,0,0,0,0,0,0,0,0,0,0,0,0,0,0,0,0,0,0
3423,2654,61,0,61411,2407,"Rat Bandits",0,0,0,0,0,0,0,0,0,0,0,0,0,0,0,0,0,0,0,0,0,0,0,0
3424,2664,61,0,61419,2406,"The Honest Truth",0,0,0,0,0,0,0,0,0,0,0,0,0,0,0,0,0,0,0,0,0,0,0,0
3425,2816,67,0,61419,2406,"Unexpected Guests",0,0,0,0,0,0,0,0,0,0,0,0,0,0,0,0,0,0,0,0,0,0,0,0
3426,2817,67,0,61411,2406,"Delicate as a Flower",0,0,0,0,0,0,0,0,0,0,0,0,0,0,0,0,0,0,0,0,0,0,0,0
3427,2818,67,0,61411,2406,"Slug It Out",0,0,0,0,0,0,0,0,0,0,0,0,0,0,0,0,0,0,0,0,0,0,0,0
3428,2819,67,0,61411,2406,"Hard to Swallow",0,0,0,0,0,0,0,0,0,0,0,0,0,0,0,0,0,0,0,0,0,0,0,0
3429,2820,67,0,61411,2406,"Gold Rush",0,0,0,0,0,0,0,0,0,0,0,0,0,0,0,0,0,0,0,0,0,0,0,0
3430,2821,67,0,61419,2406,"Eyes Bigger than Her Stomach",0,0,0,0,0,0,0,0,0,0,0,0,0,0,0,0,0,0,0,0,0,0,0,0
3431,2822,67,0,61411,2406,"The Perfect Gift",0,0,0,0,0,0,0,0,0,0,0,0,0,0,0,0,0,0,0,0,0,0,0,0
3432,2823,67,0,61411,2406,"Spooked",0,0,0,0,0,0,0,0,0,0,0,0,0,0,0,0,0,0,0,0,0,0,0,0
3433,2824,67,0,61419,2406,"A New Contender",0,0,0,0,0,0,0,0,0,0,0,0,0,0,0,0,0,0,0,0,0,0,0,0
3434,2825,67,0,61419,2406,"Down but Not Out",0,0,0,0,0,0,0,0,0,0,0,0,0,0,0,0,0,0,0,0,0,0,0,0
3435,2826,67,0,61419,2406,"Make a Man Out of You",0,0,0,0,0,0,0,0,0,0,0,0,0,0,0,0,0,0,0,0,0,0,0,0
3436,2827,67,0,61419,2406,"Honoring Family",0,0,0,0,0,0,0,0,0,0,0,0,0,0,0,0,0,0,0,0,0,0,0,0
3437,2828,67,0,61419,2406,"The Rose Blooms Twice",0,0,0,0,0,0,0,0,0,0,0,0,0,0,0,0,0,0,0,0,0,0,0,0
3438,2829,68,0,61411,2407,"Back to Business",0,0,0,0,0,0,0,0,0,0,0,0,0,0,0,0,0,0,0,0,0,0,0,0
3439,2831,68,0,61411,2407,"Undeserved Praise",0,0,0,0,0,0,0,0,0,0,0,0,0,0,0,0,0,0,0,0,0,0,0,0
3440,2832,68,0,61411,2407,"Like a Charm",0,0,0,0,0,0,0,0,0,0,0,0,0,0,0,0,0,0,0,0,0,0,0,0
3441,2833,68,0,61411,2407,"A Sister's Ambition",0,0,0,0,0,0,0,0,0,0,0,0,0,0,0,0,0,0,0,0,0,0,0,0
3442,2830,68,0,61411,2407,"Bottoms Up",0,0,0,0,0,0,0,0,0,0,0,0,0,0,0,0,0,0,0,0,0,0,0,0
3443,2838,68,0,61411,2407,"A Special Treat",0,0,0,0,0,0,0,0,0,0,0,0,0,0,0,0,0,0,0,0,0,0,0,0
3444,2834,68,0,61411,2407,"Lost in Transit",0,0,0,0,0,0,0,0,0,0,0,0,0,0,0,0,0,0,0,0,0,0,0,0
3445,2846,68,0,61411,2407,"Eau de Muud",0,0,0,0,0,0,0,0,0,0,0,0,0,0,0,0,0,0,0,0,0,0,0,0
3446,2847,68,0,61411,2407,"Strange Tastes",0,0,0,0,0,0,0,0,0,0,0,0,0,0,0,0,0,0,0,0,0,0,0,0
3447,2848,68,0,61411,2407,"Soup's On",0,0,0,0,0,0,0,0,0,0,0,0,0,0,0,0,0,0,0,0,0,0,0,0
3448,2835,68,0,61411,2407,"Picking Up the Slack",0,0,0,0,0,0,0,0,0,0,0,0,0,0,0,0,0,0,0,0,0,0,0,0
3449,2836,68,0,61411,2407,"We Need to Talk",0,0,0,0,0,0,0,0,0,0,0,0,0,0,0,0,0,0,0,0,0,0,0,0
3450,2837,68,0,61411,2407,"What's Mine Is Mine",0,0,0,0,0,0,0,0,0,0,0,0,0,0,0,0,0,0,0,0,0,0,0,0
3451,2839,68,0,61411,2407,"Live off the Land",0,0,0,0,0,0,0,0,0,0,0,0,0,0,0,0,0,0,0,0,0,0,0,0
3452,2840,68,0,61411,2407,"Runs in the Family",0,0,0,0,0,0,0,0,0,0,0,0,0,0,0,0,0,0,0,0,0,0,0,0
3453,2841,68,0,61411,2407,"Those Boys of Mine",0,0,0,0,0,0,0,0,0,0,0,0,0,0,0,0,0,0,0,0,0,0,0,0
3454,2842,68,0,61419,2407,"Out of Sight",0,0,0,0,0,0,0,0,0,0,0,0,0,0,0,0,0,0,0,0,0,0,0,0
3455,2843,68,0,61411,2407,"Public Opinion",0,0,0,0,0,0,0,0,0,0,0,0,0,0,0,0,0,0,0,0,0,0,0,0
3456,2844,68,0,61411,2407,"Dragged through the Mud",0,0,0,0,0,0,0,0,0,0,0,0,0,0,0,0,0,0,0,0,0,0,0,0
3457,2845,68,0,61411,2407,"Second Chances",0,0,0,0,0,0,0,0,0,0,0,0,0,0,0,0,0,0,0,0,0,0,0,0
3458,2849,68,0,61411,2407,"Shimmer in the Scales",0,0,0,0,0,0,0,0,0,0,0,0,0,0,0,0,0,0,0,0,0,0,0,0
3459,2850,68,0,61411,2407,"Radiata Stores",0,0,0,0,0,0,0,0,0,0,0,0,0,0,0,0,0,0,0,0,0,0,0,0
3460,2854,68,0,61411,2407,"Jhammel and Hide",0,0,0,0,0,0,0,0,0,0,0,0,0,0,0,0,0,0,0,0,0,0,0,0
3461,2851,68,0,61419,2407,"A Hunger for Trade",0,0,0,0,0,0,0,0,0,0,0,0,0,0,0,0,0,0,0,0,0,0,0,0
3462,2852,68,0,61411,2407,"Give Them the Evil Eye",0,0,0,0,0,0,0,0,0,0,0,0,0,0,0,0,0,0,0,0,0,0,0,0
3463,2853,68,0,61411,2407,"Explosive Profits",0,0,0,0,0,0,0,0,0,0,0,0,0,0,0,0,0,0,0,0,0,0,0,0
3464,2855,68,0,61411,2407,"Critical Moss",0,0,0,0,0,0,0,0,0,0,0,0,0,0,0,0,0,0,0,0,0,0,0,0
3465,2856,68,0,61411,2407,"Foper Faux Pas",0,0,0,0,0,0,0,0,0,0,0,0,0,0,0,0,0,0,0,0,0,0,0,0
3466,4057,1,0,61411,2408,"The Dragon Made",0,0,0,0,0,0,0,0,0,0,0,0,0,0,0,0,0,0,0,0,0,0,0,0
3467,2857,69,0,61411,2407,"Pest Problem",0,0,0,0,0,0,0,0,0,0,0,0,0,0,0,0,0,0,0,0,0,0,0,0
3468,2868,69,0,61411,2403,"Ant Juice",0,0,0,0,0,0,0,0,0,0,0,0,0,0,0,0,0,0,0,0,0,0,0,0
3469,2871,69,0,61411,2406,"Confessions of the Heart",0,0,0,0,0,0,0,0,0,0,0,0,0,0,0,0,0,0,0,0,0,0,0,0
3470,2877,69,0,61419,2408,"It's a Zu Out There",0,0,0,0,0,0,0,0,0,0,0,0,0,0,0,0,0,0,0,0,0,0,0,0
3471,2858,69,0,61411,2407,"Family First",0,0,0,0,0,0,0,0,0,0,0,0,0,0,0,0,0,0,0,0,0,0,0,0
3472,2869,69,0,61411,2403,"Dearest Daughter",0,0,0,0,0,0,0,0,0,0,0,0,0,0,0,0,0,0,0,0,0,0,0,0
3473,2872,69,0,61411,2406,"Falling Down on the Job",0,0,0,0,0,0,0,0,0,0,0,0,0,0,0,0,0,0,0,0,0,0,0,0
3474,2878,69,0,61411,2408,"Send in the Armor",0,0,0,0,0,0,0,0,0,0,0,0,0,0,0,0,0,0,0,0,0,0,0,0
3475,2859,69,0,61411,2407,"Boots Made for Walking",0,0,0,0,0,0,0,0,0,0,0,0,0,0,0,0,0,0,0,0,0,0,0,0
3476,2870,69,0,61411,2403,"Fallen Friend of Mine",0,0,0,0,0,0,0,0,0,0,0,0,0,0,0,0,0,0,0,0,0,0,0,0
3477,2873,69,0,61411,2406,"My Dear Brother",0,0,0,0,0,0,0,0,0,0,0,0,0,0,0,0,0,0,0,0,0,0,0,0
3478,2879,69,0,61411,2408,"A Fletching Suggestion",0,0,0,0,0,0,0,0,0,0,0,0,0,0,0,0,0,0,0,0,0,0,0,0
3479,2860,69,0,61419,2407,"Closing Up Shop",0,0,0,0,0,0,0,0,0,0,0,0,0,0,0,0,0,0,0,0,0,0,0,0
3480,2880,69,0,61419,2408,"A Rite to Rest",0,0,0,0,0,0,0,0,0,0,0,0,0,0,0,0,0,0,0,0,0,0,0,0
3481,2861,69,0,61411,2407,"Helping a Friend",0,0,0,0,0,0,0,0,0,0,0,0,0,0,0,0,0,0,0,0,0,0,0,0
3482,2881,69,0,61419,2408,"If I Were a Fish",0,0,0,0,0,0,0,0,0,0,0,0,0,0,0,0,0,0,0,0,0,0,0,0
3483,2862,69,0,61411,2407,"Finding Family",0,0,0,0,0,0,0,0,0,0,0,0,0,0,0,0,0,0,0,0,0,0,0,0
3484,2882,69,0,61411,2408,"Necessities of War",0,0,0,0,0,0,0,0,0,0,0,0,0,0,0,0,0,0,0,0,0,0,0,0
3485,2863,69,0,61411,2407,"Her Only Son",0,0,0,0,0,0,0,0,0,0,0,0,0,0,0,0,0,0,0,0,0,0,0,0
3486,2883,69,0,61419,2408,"Are They Ill-tempered",0,0,0,0,0,0,0,0,0,0,0,0,0,0,0,0,0,0,0,0,0,0,0,0
3487,2864,69,0,61411,2407,"His Last Words",0,0,0,0,0,0,0,0,0,0,0,0,0,0,0,0,0,0,0,0,0,0,0,0
3488,2884,69,0,61411,2408,"At the Top of the Stairs",0,0,0,0,0,0,0,0,0,0,0,0,0,0,0,0,0,0,0,0,0,0,0,0
3489,2865,69,0,61411,2407,"A Parting Gift",0,0,0,0,0,0,0,0,0,0,0,0,0,0,0,0,0,0,0,0,0,0,0,0
3490,2866,69,0,61411,2407,"A Friend on the Other Side",0,0,0,0,0,0,0,0,0,0,0,0,0,0,0,0,0,0,0,0,0,0,0,0
3491,2867,69,0,61411,2407,"Climbing for Atonement",0,0,0,0,0,0,0,0,0,0,0,0,0,0,0,0,0,0,0,0,0,0,0,0
3492,2874,69,0,61411,2407,"Religious Freedom",0,0,0,0,0,0,0,0,0,0,0,0,0,0,0,0,0,0,0,0,0,0,0,0
3493,2875,69,0,61411,2407,"The Qiqirn Strikes Back",0,0,0,0,0,0,0,0,0,0,0,0,0,0,0,0,0,0,0,0,0,0,0,0
3494,2876,69,0,61411,2407,"Bombs for Peace",0,0,0,0,0,0,0,0,0,0,0,0,0,0,0,0,0,0,0,0,0,0,0,0
3495,2885,70,0,61411,2403,"Dreaming of Home",0,0,0,0,0,0,0,0,0,0,0,0,0,0,0,0,0,0,0,0,0,0,0,0
3496,2633,70,0,61419,2403,"To Kill a Coeurl",0,0,0,0,0,0,0,0,0,0,0,0,0,0,0,0,0,0,0,0,0,0,0,0
3497,3077,70,0,61419,2403,"An Unwanted Truth",0,0,0,0,0,0,0,0,0,0,0,0,0,0,0,0,0,0,0,0,0,0,0,0
3498,3142,70,0,61419,2403,"Secret of the Ooze",0,0,0,0,0,0,0,0,0,0,0,0,0,0,0,0,0,0,0,0,0,0,0,0
3499,2888,70,0,61411,2407,"Journey's End",0,0,0,0,0,0,0,0,0,0,0,0,0,0,0,0,0,0,0,0,0,0,0,0
3500,2940,70,0,61419,2403,"Another Striking Opportunity",0,0,0,0,0,0,0,0,0,0,0,0,0,0,0,0,0,0,0,0,0,0,0,0
3501,2889,70,0,61411,2408,"Those We Hold Dear",0,0,0,0,0,0,0,0,0,0,0,0,0,0,0,0,0,0,0,0,0,0,0,0
3502,3030,70,0,61411,2403,"A Fortune in Salt",0,0,0,0,0,0,0,0,0,0,0,0,0,0,0,0,0,0,0,0,0,0,0,0
3503,2922,61,0,61419,2409,"A New Fishing Ex-spear-ience",0,0,0,0,0,0,0,0,0,0,0,0,0,0,0,0,0,0,0,0,0,0,0,0
3504,3140,62,0,61419,2409,"Up Where They Trade All Day in the Sun",0,0,0,0,0,0,0,0,0,0,0,0,0,0,0,0,0,0,0,0,0,0,0,0
3505,2675,62,0,61411,2409,"The Devil's Cough",0,0,0,0,0,0,0,0,0,0,0,0,0,0,0,0,0,0,0,0,0,0,0,0
3506,2674,62,0,61411,2409,"The Organ of Sight",0,0,0,0,0,0,0,0,0,0,0,0,0,0,0,0,0,0,0,0,0,0,0,0
3507,2673,62,0,61419,2409,"The Price of Betrayal",0,0,0,0,0,0,0,0,0,0,0,0,0,0,0,0,0,0,0,0,0,0,0,0
3508,2676,62,0,61411,2409,"First Line of Defense",0,0,0,0,0,0,0,0,0,0,0,0,0,0,0,0,0,0,0,0,0,0,0,0
3509,2677,62,0,61411,2409,"Ethereal Lights",0,0,0,0,0,0,0,0,0,0,0,0,0,0,0,0,0,0,0,0,0,0,0,0
3510,2678,62,0,61411,2409,"Protector of the Small",0,0,0,0,0,0,0,0,0,0,0,0,0,0,0,0,0,0,0,0,0,0,0,0
3511,2680,62,0,61411,2409,"A Dance with Snakes",0,0,0,0,0,0,0,0,0,0,0,0,0,0,0,0,0,0,0,0,0,0,0,0
3512,2682,62,0,61411,2409,"Stranded",0,0,0,0,0,0,0,0,0,0,0,0,0,0,0,0,0,0,0,0,0,0,0,0
3513,2683,62,0,61411,2409,"In Cold Blood",0,0,0,0,0,0,0,0,0,0,0,0,0,0,0,0,0,0,0,0,0,0,0,0
3514,2684,62,0,61411,2409,"Pirate Stew",0,0,0,0,0,0,0,0,0,0,0,0,0,0,0,0,0,0,0,0,0,0,0,0
3515,2685,62,0,61411,2409,"The Soul's Remembrance",0,0,0,0,0,0,0,0,0,0,0,0,0,0,0,0,0,0,0,0,0,0,0,0
3516,2686,62,0,61411,2409,"Fight or Flight",0,0,0,0,0,0,0,0,0,0,0,0,0,0,0,0,0,0,0,0,0,0,0,0
3517,2687,62,0,61419,2409,"Pulling Double Booty",0,0,0,0,0,0,0,0,0,0,0,0,0,0,0,0,0,0,0,0,0,0,0,0
3518,2688,62,0,61411,2409,"Unfinished Business",0,0,0,0,0,0,0,0,0,0,0,0,0,0,0,0,0,0,0,0,0,0,0,0
3519,2689,62,0,61411,2409,"The Girl with the Pearl Ring",0,0,0,0,0,0,0,0,0,0,0,0,0,0,0,0,0,0,0,0,0,0,0,0
3520,2690,62,0,61411,2409,"Family Affairs",0,0,0,0,0,0,0,0,0,0,0,0,0,0,0,0,0,0,0,0,0,0,0,0
3521,2691,62,0,61411,2409,"Our Most Venerated Ancestor",0,0,0,0,0,0,0,0,0,0,0,0,0,0,0,0,0,0,0,0,0,0,0,0
3522,2692,62,0,61411,2409,"Not Just Any Banquet",0,0,0,0,0,0,0,0,0,0,0,0,0,0,0,0,0,0,0,0,0,0,0,0
3523,2693,62,0,61419,2409,"The Sword in the Stone",0,0,0,0,0,0,0,0,0,0,0,0,0,0,0,0,0,0,0,0,0,0,0,0
3524,2694,62,0,61411,2409,"Unmeasured Strength",0,0,0,0,0,0,0,0,0,0,0,0,0,0,0,0,0,0,0,0,0,0,0,0
3525,2695,62,0,61411,2409,"Treasure Cove",0,0,0,0,0,0,0,0,0,0,0,0,0,0,0,0,0,0,0,0,0,0,0,0
3526,2696,62,0,61411,2409,"The Mysterious Assailant",0,0,0,0,0,0,0,0,0,0,0,0,0,0,0,0,0,0,0,0,0,0,0,0
3527,2697,63,0,61411,2409,"An Unforgettable Taste",0,0,0,0,0,0,0,0,0,0,0,0,0,0,0,0,0,0,0,0,0,0,0,0
3528,2698,63,0,61411,2409,"The Bond between Brothers",0,0,0,0,0,0,0,0,0,0,0,0,0,0,0,0,0,0,0,0,0,0,0,0
3529,2699,63,0,61411,2409,"The Core of Life",0,0,0,0,0,0,0,0,0,0,0,0,0,0,0,0,0,0,0,0,0,0,0,0
3530,2700,63,0,61411,2409,"All Good Deeds",0,0,0,0,0,0,0,0,0,0,0,0,0,0,0,0,0,0,0,0,0,0,0,0
3531,2701,63,0,61411,2409,"Fear Her Almighty Waves",0,0,0,0,0,0,0,0,0,0,0,0,0,0,0,0,0,0,0,0,0,0,0,0
3532,2702,63,0,61411,2409,"The Fight for Survival",0,0,0,0,0,0,0,0,0,0,0,0,0,0,0,0,0,0,0,0,0,0,0,0
3533,2703,63,0,61411,2409,"A Daughter's Love",0,0,0,0,0,0,0,0,0,0,0,0,0,0,0,0,0,0,0,0,0,0,0,0
3534,2632,63,0,61419,2409,"The Palace of Lost Souls",0,0,0,0,0,0,0,0,0,0,0,0,0,0,0,0,0,0,0,0,0,0,0,0
3535,2704,63,0,61419,2409,"Fathoms Below",0,0,0,0,0,0,0,0,0,0,0,0,0,0,0,0,0,0,0,0,0,0,0,0
3536,2705,63,0,61419,2409,"A Part of Your World",0,0,0,0,0,0,0,0,0,0,0,0,0,0,0,0,0,0,0,0,0,0,0,0
3537,2706,63,0,61419,2409,"The Elixir of Life",0,0,0,0,0,0,0,0,0,0,0,0,0,0,0,0,0,0,0,0,0,0,0,0
3538,2707,63,0,61419,2409,"The Two Princesses of Sui–no–Sato",0,0,0,0,0,0,0,0,0,0,0,0,0,0,0,0,0,0,0,0,0,0,0,0
3539,2708,63,0,61411,2409,"In Search of Treasure",0,0,0,0,0,0,0,0,0,0,0,0,0,0,0,0,0,0,0,0,0,0,0,0
3540,2711,63,0,61411,2409,"A True Kojin of the Blue",0,0,0,0,0,0,0,0,0,0,0,0,0,0,0,0,0,0,0,0,0,0,0,0
3541,2709,63,0,61411,2409,"A Stroll along the Seabed",0,0,0,0,0,0,0,0,0,0,0,0,0,0,0,0,0,0,0,0,0,0,0,0
3542,2710,63,0,61411,2409,"Forgotten Saviors of the Sea",0,0,0,0,0,0,0,0,0,0,0,0,0,0,0,0,0,0,0,0,0,0,0,0
3543,2712,63,0,61411,2409,"Serpent Troubles",0,0,0,0,0,0,0,0,0,0,0,0,0,0,0,0,0,0,0,0,0,0,0,0
3544,2713,63,0,61411,2409,"At the Mercy of Monsters",0,0,0,0,0,0,0,0,0,0,0,0,0,0,0,0,0,0,0,0,0,0,0,0
3545,2714,63,0,61411,2409,"A Dream to Remember",0,0,0,0,0,0,0,0,0,0,0,0,0,0,0,0,0,0,0,0,0,0,0,0
3546,2715,63,0,61411,2409,"Blessings of the Sea",0,0,0,0,0,0,0,0,0,0,0,0,0,0,0,0,0,0,0,0,0,0,0,0
3547,2716,63,0,61411,2409,"In Health and in Sickness",0,0,0,0,0,0,0,0,0,0,0,0,0,0,0,0,0,0,0,0,0,0,0,0
3548,2717,63,0,61411,2409,"Plunder on High",0,0,0,0,0,0,0,0,0,0,0,0,0,0,0,0,0,0,0,0,0,0,0,0
3549,2718,63,0,61411,2409,"Sink or Swim",0,0,0,0,0,0,0,0,0,0,0,0,0,0,0,0,0,0,0,0,0,0,0,0
3550,2719,63,0,61411,2409,"Thrice Cursed",0,0,0,0,0,0,0,0,0,0,0,0,0,0,0,0,0,0,0,0,0,0,0,0
3551,2720,63,0,61411,2409,"A Glimmer of Hope",0,0,0,0,0,0,0,0,0,0,0,0,0,0,0,0,0,0,0,0,0,0,0,0
3552,2721,63,0,61411,2409,"Rock Bottom",0,0,0,0,0,0,0,0,0,0,0,0,0,0,0,0,0,0,0,0,0,0,0,0
3553,2722,63,0,61411,2409,"Passing the Torch",0,0,0,0,0,0,0,0,0,0,0,0,0,0,0,0,0,0,0,0,0,0,0,0
3554,2723,63,0,61411,2409,"Up in Flames",0,0,0,0,0,0,0,0,0,0,0,0,0,0,0,0,0,0,0,0,0,0,0,0
3555,2724,64,0,61419,2410,"Something Smells",0,0,0,0,0,0,0,0,0,0,0,0,0,0,0,0,0,0,0,0,0,0,0,0
3556,2725,64,0,61411,2410,"Beyond the Powers of Stone",0,0,0,0,0,0,0,0,0,0,0,0,0,0,0,0,0,0,0,0,0,0,0,0
3557,2728,64,0,61419,2410,"Fly, My Pretties",0,0,0,0,0,0,0,0,0,0,0,0,0,0,0,0,0,0,0,0,0,0,0,0
3558,2729,64,0,61411,2410,"The Toon Patrol",0,0,0,0,0,0,0,0,0,0,0,0,0,0,0,0,0,0,0,0,0,0,0,0
3559,2731,64,0,61411,2410,"Hungry Hog",0,0,0,0,0,0,0,0,0,0,0,0,0,0,0,0,0,0,0,0,0,0,0,0
3560,2732,64,0,61411,2410,"Tiger Blood",0,0,0,0,0,0,0,0,0,0,0,0,0,0,0,0,0,0,0,0,0,0,0,0
3561,2733,64,0,61419,2410,"Wolves and Weeds",0,0,0,0,0,0,0,0,0,0,0,0,0,0,0,0,0,0,0,0,0,0,0,0
3562,2730,64,0,61419,2410,"Whacking Day",0,0,0,0,0,0,0,0,0,0,0,0,0,0,0,0,0,0,0,0,0,0,0,0
3563,2726,64,0,61411,2410,"Not Safe for Children",0,0,0,0,0,0,0,0,0,0,0,0,0,0,0,0,0,0,0,0,0,0,0,0
3564,2727,64,0,61411,2410,"Gone Fishing",0,0,0,0,0,0,0,0,0,0,0,0,0,0,0,0,0,0,0,0,0,0,0,0
3565,2735,64,0,61411,2410,"Dearest Keiko",0,0,0,0,0,0,0,0,0,0,0,0,0,0,0,0,0,0,0,0,0,0,0,0
3566,2736,64,0,61419,2410,"Courage the Cowardly Lupin",0,0,0,0,0,0,0,0,0,0,0,0,0,0,0,0,0,0,0,0,0,0,0,0
3567,2737,64,0,61419,2410,"Kurobana vs. the Rice Sacks",0,0,0,0,0,0,0,0,0,0,0,0,0,0,0,0,0,0,0,0,0,0,0,0
3568,2738,64,0,61419,2410,"Kurobana vs. the Arrowheads",0,0,0,0,0,0,0,0,0,0,0,0,0,0,0,0,0,0,0,0,0,0,0,0
3569,2739,64,0,61419,2410,"Kurobana Holmes",0,0,0,0,0,0,0,0,0,0,0,0,0,0,0,0,0,0,0,0,0,0,0,0
3570,2734,64,0,61419,2410,"Perchance to Hanami",0,0,0,0,0,0,0,0,0,0,0,0,0,0,0,0,0,0,0,0,0,0,0,0
3571,2741,64,0,61411,2410,"Drink Responsibly",0,0,0,0,0,0,0,0,0,0,0,0,0,0,0,0,0,0,0,0,0,0,0,0
3572,2742,64,0,61411,2410,"The Sound of Civilized Life",0,0,0,0,0,0,0,0,0,0,0,0,0,0,0,0,0,0,0,0,0,0,0,0
3573,2743,64,0,61411,2410,"Ring My Bell",0,0,0,0,0,0,0,0,0,0,0,0,0,0,0,0,0,0,0,0,0,0,0,0
3574,2744,64,0,61411,2410,"Not Just Any Vase",0,0,0,0,0,0,0,0,0,0,0,0,0,0,0,0,0,0,0,0,0,0,0,0
3575,2745,64,0,61411,2410,"Criminal Phrenology",0,0,0,0,0,0,0,0,0,0,0,0,0,0,0,0,0,0,0,0,0,0,0,0
3576,2746,64,0,61411,2410,"By Our Powers Combined",0,0,0,0,0,0,0,0,0,0,0,0,0,0,0,0,0,0,0,0,0,0,0,0
3577,2748,64,0,61419,2410,"Gyorin the Namazu",0,0,0,0,0,0,0,0,0,0,0,0,0,0,0,0,0,0,0,0,0,0,0,0
3578,2749,64,0,61419,2410,"No Wealth Like Mineral Wealth",0,0,0,0,0,0,0,0,0,0,0,0,0,0,0,0,0,0,0,0,0,0,0,0
3579,2750,64,0,61419,2410,"Fresh Flesh",0,0,0,0,0,0,0,0,0,0,0,0,0,0,0,0,0,0,0,0,0,0,0,0
3580,2751,64,0,61419,2410,"Show Me the New Money",0,0,0,0,0,0,0,0,0,0,0,0,0,0,0,0,0,0,0,0,0,0,0,0
3581,2747,64,0,61419,2410,"Amber Alert",0,0,0,0,0,0,0,0,0,0,0,0,0,0,0,0,0,0,0,0,0,0,0,0
3582,2740,64,0,61419,2410,"Kurobana vs. Gyorin",0,0,0,0,0,0,0,0,0,0,0,0,0,0,0,0,0,0,0,0,0,0,0,0
3583,2752,65,0,61411,2411,"Silent Banquet",0,0,0,0,0,0,0,0,0,0,0,0,0,0,0,0,0,0,0,0,0,0,0,0
3584,2753,65,0,61411,2411,"Who Needs Words",0,0,0,0,0,0,0,0,0,0,0,0,0,0,0,0,0,0,0,0,0,0,0,0
3585,2754,65,0,61411,2411,"Rip-off Reunion",0,0,0,0,0,0,0,0,0,0,0,0,0,0,0,0,0,0,0,0,0,0,0,0
3586,2755,65,0,61411,2411,"Merchant for a Day",0,0,0,0,0,0,0,0,0,0,0,0,0,0,0,0,0,0,0,0,0,0,0,0
3587,2756,65,0,61411,2411,"You Buuz, You Lose",0,0,0,0,0,0,0,0,0,0,0,0,0,0,0,0,0,0,0,0,0,0,0,0
3588,2757,65,0,61411,2411,"Fishing for Customers",0,0,0,0,0,0,0,0,0,0,0,0,0,0,0,0,0,0,0,0,0,0,0,0
3589,2758,65,0,61419,2411,"Purbol Rain",0,0,0,0,0,0,0,0,0,0,0,0,0,0,0,0,0,0,0,0,0,0,0,0
3590,2759,65,0,61411,2411,"Stranger Danger",0,0,0,0,0,0,0,0,0,0,0,0,0,0,0,0,0,0,0,0,0,0,0,0
3591,2760,65,0,61419,2411,"Words Are Very Unnecessary",0,0,0,0,0,0,0,0,0,0,0,0,0,0,0,0,0,0,0,0,0,0,0,0
3592,2761,65,0,61411,2411,"Words Are Trivial",0,0,0,0,0,0,0,0,0,0,0,0,0,0,0,0,0,0,0,0,0,0,0,0
3593,2762,65,0,61411,2411,"Words Are Meaningless",0,0,0,0,0,0,0,0,0,0,0,0,0,0,0,0,0,0,0,0,0,0,0,0
3594,2763,65,0,61411,2411,"Enjoy the Silence",0,0,0,0,0,0,0,0,0,0,0,0,0,0,0,0,0,0,0,0,0,0,0,0
3595,2764,65,0,61411,2411,"Oh Matron",0,0,0,0,0,0,0,0,0,0,0,0,0,0,0,0,0,0,0,0,0,0,0,0
3596,2765,65,0,61411,2411,"A Dicey Situation",0,0,0,0,0,0,0,0,0,0,0,0,0,0,0,0,0,0,0,0,0,0,0,0
3597,2766,65,0,61411,2411,"Absolute Faith",0,0,0,0,0,0,0,0,0,0,0,0,0,0,0,0,0,0,0,0,0,0,0,0
3598,2767,65,0,61411,2411,"Silence of the Lambs",0,0,0,0,0,0,0,0,0,0,0,0,0,0,0,0,0,0,0,0,0,0,0,0
3599,2768,65,0,61411,2411,"Keeping the Faith",0,0,0,0,0,0,0,0,0,0,0,0,0,0,0,0,0,0,0,0,0,0,0,0
3600,2769,65,0,61411,2411,"Tent That Rocked",0,0,0,0,0,0,0,0,0,0,0,0,0,0,0,0,0,0,0,0,0,0,0,0
3601,2770,65,0,61411,2411,"Sacred Sweeping",0,0,0,0,0,0,0,0,0,0,0,0,0,0,0,0,0,0,0,0,0,0,0,0
3602,2771,65,0,61419,2411,"Sheep Snatcher",0,0,0,0,0,0,0,0,0,0,0,0,0,0,0,0,0,0,0,0,0,0,0,0
3603,2772,65,0,61411,2411,"And Dzo It Goes",0,0,0,0,0,0,0,0,0,0,0,0,0,0,0,0,0,0,0,0,0,0,0,0
3604,2773,65,0,61411,2411,"Shop till the Warrior of Light Drops",0,0,0,0,0,0,0,0,0,0,0,0,0,0,0,0,0,0,0,0,0,0,0,0
3605,2774,65,0,61411,2411,"The Judgment",0,0,0,0,0,0,0,0,0,0,0,0,0,0,0,0,0,0,0,0,0,0,0,0
3606,2775,65,0,61411,2411,"A Warm Welcome",0,0,0,0,0,0,0,0,0,0,0,0,0,0,0,0,0,0,0,0,0,0,0,0
3607,2776,65,0,61411,2411,"The Fingers of Azim",0,0,0,0,0,0,0,0,0,0,0,0,0,0,0,0,0,0,0,0,0,0,0,0
3608,2777,65,0,61411,2411,"The Ideal Budugan Warrior",0,0,0,0,0,0,0,0,0,0,0,0,0,0,0,0,0,0,0,0,0,0,0,0
3609,2778,65,0,61411,2411,"The Lights That Guide Us Home",0,0,0,0,0,0,0,0,0,0,0,0,0,0,0,0,0,0,0,0,0,0,0,0
3610,2779,66,0,61411,2411,"The World without Her",0,0,0,0,0,0,0,0,0,0,0,0,0,0,0,0,0,0,0,0,0,0,0,0
3611,2780,66,0,61411,2411,"Spoils of War",0,0,0,0,0,0,0,0,0,0,0,0,0,0,0,0,0,0,0,0,0,0,0,0
3612,2781,66,0,61411,2411,"Broken Flowers",0,0,0,0,0,0,0,0,0,0,0,0,0,0,0,0,0,0,0,0,0,0,0,0
3613,2782,66,0,61419,2411,"Forty Years and Counting",0,0,0,0,0,0,0,0,0,0,0,0,0,0,0,0,0,0,0,0,0,0,0,0
3614,2783,66,0,61411,2411,"Chasing Rainbows",0,0,0,0,0,0,0,0,0,0,0,0,0,0,0,0,0,0,0,0,0,0,0,0
3615,2784,66,0,61411,2411,"The Tournament",0,0,0,0,0,0,0,0,0,0,0,0,0,0,0,0,0,0,0,0,0,0,0,0
3616,2785,66,0,61411,2411,"The Strongest among Us",0,0,0,0,0,0,0,0,0,0,0,0,0,0,0,0,0,0,0,0,0,0,0,0
3617,2786,66,0,61411,2411,"Welcome to the Family",0,0,0,0,0,0,0,0,0,0,0,0,0,0,0,0,0,0,0,0,0,0,0,0
3618,2787,66,0,61411,2411,"Brainy Bears",0,0,0,0,0,0,0,0,0,0,0,0,0,0,0,0,0,0,0,0,0,0,0,0
3619,2788,66,0,61411,2411,"Child's Play",0,0,0,0,0,0,0,0,0,0,0,0,0,0,0,0,0,0,0,0,0,0,0,0
3620,2789,66,0,61411,2411,"Dastardly Diremites",0,0,0,0,0,0,0,0,0,0,0,0,0,0,0,0,0,0,0,0,0,0,0,0
3621,2790,66,0,61411,2411,"Nhaama's Sweet Embrace",0,0,0,0,0,0,0,0,0,0,0,0,0,0,0,0,0,0,0,0,0,0,0,0
3622,2791,66,0,61419,2411,"Mauci of the Seven Worries",0,0,0,0,0,0,0,0,0,0,0,0,0,0,0,0,0,0,0,0,0,0,0,0
3623,2792,66,0,61411,2411,"Watch and Learn",0,0,0,0,0,0,0,0,0,0,0,0,0,0,0,0,0,0,0,0,0,0,0,0
3624,2793,66,0,61411,2411,"The Power of the Fist",0,0,0,0,0,0,0,0,0,0,0,0,0,0,0,0,0,0,0,0,0,0,0,0
3625,2794,66,0,61411,2411,"Do or Die",0,0,0,0,0,0,0,0,0,0,0,0,0,0,0,0,0,0,0,0,0,0,0,0
3626,2795,66,0,61411,2411,"Hungry Like the Wolf",0,0,0,0,0,0,0,0,0,0,0,0,0,0,0,0,0,0,0,0,0,0,0,0
3627,2796,66,0,61411,2411,"Ibakha Dreams of Birds",0,0,0,0,0,0,0,0,0,0,0,0,0,0,0,0,0,0,0,0,0,0,0,0
3628,2797,66,0,61411,2411,"The Melody of Ceol Aen",0,0,0,0,0,0,0,0,0,0,0,0,0,0,0,0,0,0,0,0,0,0,0,0
3629,2798,66,0,61411,2411,"Food Glorious Food",0,0,0,0,0,0,0,0,0,0,0,0,0,0,0,0,0,0,0,0,0,0,0,0
3630,2799,66,0,61411,2411,"Spelunker of Light",0,0,0,0,0,0,0,0,0,0,0,0,0,0,0,0,0,0,0,0,0,0,0,0
3631,2800,66,0,61411,2411,"Wouldn't Hurt a Fly",0,0,0,0,0,0,0,0,0,0,0,0,0,0,0,0,0,0,0,0,0,0,0,0
3632,2801,66,0,61411,2411,"Honor in Victory",0,0,0,0,0,0,0,0,0,0,0,0,0,0,0,0,0,0,0,0,0,0,0,0
3633,2802,66,0,61411,2411,"A Sheep to Fly For",0,0,0,0,0,0,0,0,0,0,0,0,0,0,0,0,0,0,0,0,0,0,0,0
3634,2803,66,0,61411,2411,"Steppe of Hard Knocks",0,0,0,0,0,0,0,0,0,0,0,0,0,0,0,0,0,0,0,0,0,0,0,0
3635,2804,67,0,61411,2410,"Assistants Anonymous",0,0,0,0,0,0,0,0,0,0,0,0,0,0,0,0,0,0,0,0,0,0,0,0
3636,2805,67,0,61411,2410,"The Rainbow Collection",0,0,0,0,0,0,0,0,0,0,0,0,0,0,0,0,0,0,0,0,0,0,0,0
3637,2806,67,0,61411,2410,"From the Bottom of My Gut",0,0,0,0,0,0,0,0,0,0,0,0,0,0,0,0,0,0,0,0,0,0,0,0
3638,2807,67,0,61411,2410,"Forgotten Resolve",0,0,0,0,0,0,0,0,0,0,0,0,0,0,0,0,0,0,0,0,0,0,0,0
3639,2808,67,0,61411,2410,"Wine for the Road",0,0,0,0,0,0,0,0,0,0,0,0,0,0,0,0,0,0,0,0,0,0,0,0
3640,2809,67,0,61411,2410,"An Eye for an Emblem",0,0,0,0,0,0,0,0,0,0,0,0,0,0,0,0,0,0,0,0,0,0,0,0
3641,2810,67,0,61411,2410,"Heart of Iron",0,0,0,0,0,0,0,0,0,0,0,0,0,0,0,0,0,0,0,0,0,0,0,0
3642,2811,67,0,61411,2410,"A View to a Spill",0,0,0,0,0,0,0,0,0,0,0,0,0,0,0,0,0,0,0,0,0,0,0,0
3643,3200,1,0,61411,2404,"A Lone Wolf No More",0,0,0,0,0,0,0,0,0,0,0,0,0,0,0,0,0,0,0,0,0,0,0,0
3644,3139,62,0,61419,2404,"The Seaweed Is Always Greener",0,0,0,0,0,0,0,0,0,0,0,0,0,0,0,0,0,0,0,0,0,0,0,0
3645,2631,61,0,61419,2404,"I Dream of Shirogane",1595,0,0,0,0,0,0,0,0,0,0,0,0,0,0,0,0,0,0,0,0,0,0,0
3646,2665,61,0,61411,2404,"Dedication to the Craft",0,0,0,0,0,0,0,0,0,0,0,0,0,0,0,0,0,0,0,0,0,0,0,0
3647,2666,61,0,61411,2404,"A Drink in the Tub",0,0,0,0,0,0,0,0,0,0,0,0,0,0,0,0,0,0,0,0,0,0,0,0
3648,2667,61,0,61411,2404,"I'll Show You Angry",0,0,0,0,0,0,0,0,0,0,0,0,0,0,0,0,0,0,0,0,0,0,0,0
3649,2668,61,0,61411,2404,"A Picture Is Worth a Thousand Moms",0,0,0,0,0,0,0,0,0,0,0,0,0,0,0,0,0,0,0,0,0,0,0,0
3650,2669,61,0,61411,2404,"Zero Tolerance Teahouse",0,0,0,0,0,0,0,0,0,0,0,0,0,0,0,0,0,0,0,0,0,0,0,0
3651,2670,61,0,61411,2404,"Where the Wild Pandas Are",0,0,0,0,0,0,0,0,0,0,0,0,0,0,0,0,0,0,0,0,0,0,0,0
3652,2671,61,0,61411,2404,"A Bleak Diagnosis",0,0,0,0,0,0,0,0,0,0,0,0,0,0,0,0,0,0,0,0,0,0,0,0
3653,2672,61,0,61411,2404,"To Bathe a Garlean",0,0,0,0,0,0,0,0,0,0,0,0,0,0,0,0,0,0,0,0,0,0,0,0
3654,2812,67,0,61411,2404,"The Perfect Woman",0,0,0,0,0,0,0,0,0,0,0,0,0,0,0,0,0,0,0,0,0,0,0,0
3655,2813,67,0,61411,2404,"Child Labor",0,0,0,0,0,0,0,0,0,0,0,0,0,0,0,0,0,0,0,0,0,0,0,0
3656,2814,67,0,61411,2404,"In the Line of Duty",0,0,0,0,0,0,0,0,0,0,0,0,0,0,0,0,0,0,0,0,0,0,0,0
3657,2815,67,0,61411,2404,"The Weight of a Dream",0,0,0,0,0,0,0,0,0,0,0,0,0,0,0,0,0,0,0,0,0,0,0,0
3658,2936,61,0,61419,2404,"One-star Veteran Clan Hunt",0,0,0,0,0,0,0,0,0,0,0,0,0,0,0,0,0,0,0,0,0,0,0,0
3659,2937,63,0,61419,2404,"Two-star Veteran Clan Hunt",0,0,0,0,0,0,0,0,0,0,0,0,0,0,0,0,0,0,0,0,0,0,0,0
3660,2938,66,0,61419,2404,"Three-star Veteran Clan Hunt",0,0,0,0,0,0,0,0,0,0,0,0,0,0,0,0,0,0,0,0,0,0,0,0
3661,2939,70,0,61419,2404,"Elite Veteran Clan Hunt",0,0,0,0,0,0,0,0,0,0,0,0,0,0,0,0,0,0,0,0,0,0,0,0
3662,2634,70,0,61419,2404,"King of the Castle",0,0,0,0,0,0,0,0,0,0,0,0,0,0,0,0,0,0,0,0,0,0,0,0
3663,3343,70,0,61411,2951," A Cry for Help",0,0,0,0,0,0,0,0,0,0,0,0,0,0,0,0,0,0,0,0,0,0,0,0
3664,3344,70,0,61411,2951," Rate and Review",0,0,0,0,0,0,0,0,0,0,0,0,0,0,0,0,0,0,0,0,0,0,0,0
3665,3345,70,0,61411,2951," Pour One Out",0,0,0,0,0,0,0,0,0,0,0,0,0,0,0,0,0,0,0,0,0,0,0,0
3666,3346,70,0,61411,2951," A Dirty Trick",0,0,0,0,0,0,0,0,0,0,0,0,0,0,0,0,0,0,0,0,0,0,0,0
3667,3347,70,0,61411,2951," From a Distance",0,0,0,0,0,0,0,0,0,0,0,0,0,0,0,0,0,0,0,0,0,0,0,0
3668,3348,70,0,61411,2951," A Fitting Challenge",0,0,0,0,0,0,0,0,0,0,0,0,0,0,0,0,0,0,0,0,0,0,0,0
3669,3379,70,0,61411,2951," Do You Believe in Magic",0,0,0,0,0,0,0,0,0,0,0,0,0,0,0,0,0,0,0,0,0,0,0,0
3670,3380,70,0,61419,2951," A Jobb Well Done",0,0,0,0,0,0,0,0,0,0,0,0,0,0,0,0,0,0,0,0,0,0,0,0
3671,3381,70,0,61411,2953," Stock and Barrel",0,0,0,0,0,0,0,0,0,0,0,0,0,0,0,0,0,0,0,0,0,0,0,0
3672,3382,70,0,61411,2953," Classical Condition",0,0,0,0,0,0,0,0,0,0,0,0,0,0,0,0,0,0,0,0,0,0,0,0
3673,3383,70,0,61411,2953," Desperate Measures",0,0,0,0,0,0,0,0,0,0,0,0,0,0,0,0,0,0,0,0,0,0,0,0
3674,3384,70,0,61419,2953," Imperative Repairs",0,0,0,0,0,0,0,0,0,0,0,0,0,0,0,0,0,0,0,0,0,0,0,0
3675,3385,70,0,61419,2953," The Astute Amaro",0,0,0,0,0,0,0,0,0,0,0,0,0,0,0,0,0,0,0,0,0,0,0,0
3676,3386,70,0,61419,2953," An Unreasonable Request",0,0,0,0,0,0,0,0,0,0,0,0,0,0,0,0,0,0,0,0,0,0,0,0
3677,3387,70,0,61411,2953," You've Got the Tatch",0,0,0,0,0,0,0,0,0,0,0,0,0,0,0,0,0,0,0,0,0,0,0,0
3678,3388,70,0,61411,2953," All That Heavenly Glory",0,0,0,0,0,0,0,0,0,0,0,0,0,0,0,0,0,0,0,0,0,0,0,0
3679,3389,70,0,61411,2953," Beers for Fears",0,0,0,0,0,0,0,0,0,0,0,0,0,0,0,0,0,0,0,0,0,0,0,0
3680,3390,70,0,61411,2953," Loot Justice Mode",0,0,0,0,0,0,0,0,0,0,0,0,0,0,0,0,0,0,0,0,0,0,0,0
3681,3391,70,0,61411,2953," Inglourious Bath Stewards",0,0,0,0,0,0,0,0,0,0,0,0,0,0,0,0,0,0,0,0,0,0,0,0
3682,3435,70,0,61411,2953," Lofty Goals",0,0,0,0,0,0,0,0,0,0,0,0,0,0,0,0,0,0,0,0,0,0,0,0
3683,4715,80,0,61419,2951,"That's So Anden",0,0,0,0,0,0,0,0,0,0,0,0,0,0,0,0,0,0,0,0,0,0,0,0
3684,3436,70,0,61411,2953," You Had One Jobb",0,0,0,0,0,0,0,0,0,0,0,0,0,0,0,0,0,0,0,0,0,0,0,0
3685,3437,70,0,61411,2953," Of Graveyards and Gremlins",0,0,0,0,0,0,0,0,0,0,0,0,0,0,0,0,0,0,0,0,0,0,0,0
3686,3456,70,0,61411,2953," On Her Own",0,0,0,0,0,0,0,0,0,0,0,0,0,0,0,0,0,0,0,0,0,0,0,0
3687,3457,70,0,61411,2953," Carrying On",0,0,0,0,0,0,0,0,0,0,0,0,0,0,0,0,0,0,0,0,0,0,0,0
3688,3458,70,0,61411,2953," In Father's Footsteps",0,0,0,0,0,0,0,0,0,0,0,0,0,0,0,0,0,0,0,0,0,0,0,0
3689,3459,70,0,61411,2953," Her True Calling",0,0,0,0,0,0,0,0,0,0,0,0,0,0,0,0,0,0,0,0,0,0,0,0
3690,3533,70,0,61411,2951," Scars of War",0,0,0,0,0,0,0,0,0,0,0,0,0,0,0,0,0,0,0,0,0,0,0,0
3691,3534,70,0,61411,2953," His Secret Shame",0,0,0,0,0,0,0,0,0,0,0,0,0,0,0,0,0,0,0,0,0,0,0,0
3692,3535,70,0,61411,2953," A Much-needed Respite",0,0,0,0,0,0,0,0,0,0,0,0,0,0,0,0,0,0,0,0,0,0,0,0
3693,3536,70,0,61411,2953," Resolve Regained",0,0,0,0,0,0,0,0,0,0,0,0,0,0,0,0,0,0,0,0,0,0,0,0
3694,3515,70,0,61411,2953," Flowering Friendships",0,0,0,0,0,0,0,0,0,0,0,0,0,0,0,0,0,0,0,0,0,0,0,0
3695,3564,70,0,61411,2951," Simple Gifts",0,0,0,0,0,0,0,0,0,0,0,0,0,0,0,0,0,0,0,0,0,0,0,0
3696,3565,70,0,61411,2951," His Own Medicine",0,0,0,0,0,0,0,0,0,0,0,0,0,0,0,0,0,0,0,0,0,0,0,0
3697,3566,70,0,61411,2951," Welcome to the Future",0,0,0,0,0,0,0,0,0,0,0,0,0,0,0,0,0,0,0,0,0,0,0,0
3698,3567,70,0,61411,2951," Made, Not Born",0,0,0,0,0,0,0,0,0,0,0,0,0,0,0,0,0,0,0,0,0,0,0,0
3699,3568,70,0,61411,2951," The Poet Doesn't Know It",0,0,0,0,0,0,0,0,0,0,0,0,0,0,0,0,0,0,0,0,0,0,0,0
3700,3569,70,0,61411,2953," The Sullen Man",0,0,0,0,0,0,0,0,0,0,0,0,0,0,0,0,0,0,0,0,0,0,0,0
3701,3570,70,0,61411,2953," Rite of Passage",0,0,0,0,0,0,0,0,0,0,0,0,0,0,0,0,0,0,0,0,0,0,0,0
3702,3571,70,0,61411,2953," Bigger Fish to Dry",0,0,0,0,0,0,0,0,0,0,0,0,0,0,0,0,0,0,0,0,0,0,0,0
3703,3572,70,0,61411,2953," Treasure-hunting Tykes",0,0,0,0,0,0,0,0,0,0,0,0,0,0,0,0,0,0,0,0,0,0,0,0
3704,3573,70,0,61411,2953," With Furious Anger",0,0,0,0,0,0,0,0,0,0,0,0,0,0,0,0,0,0,0,0,0,0,0,0
3705,3574,70,0,61411,2953," Scrumptious Squirmers",0,0,0,0,0,0,0,0,0,0,0,0,0,0,0,0,0,0,0,0,0,0,0,0
3706,3575,70,0,61411,2953," Simple Treasures",0,0,0,0,0,0,0,0,0,0,0,0,0,0,0,0,0,0,0,0,0,0,0,0
3707,3597,70,0,61419,2951,"Nuts to You",0,0,0,0,0,0,0,0,0,0,0,0,0,0,0,0,0,0,0,0,0,0,0,0
3708,3598,73,0,61419,2951,"Two Nuts Too Nutty",0,0,0,0,0,0,0,0,0,0,0,0,0,0,0,0,0,0,0,0,0,0,0,0
3709,3599,76,0,61419,2951,"How Do You Like Three Nuts",0,0,0,0,0,0,0,0,0,0,0,0,0,0,0,0,0,0,0,0,0,0,0,0
3710,3600,80,0,61419,2951,"Too Many Nutters",0,0,0,0,0,0,0,0,0,0,0,0,0,0,0,0,0,0,0,0,0,0,0,0
3711,3595,80,0,61419,2951,"By the Time You Hear This",0,0,0,0,0,0,0,0,0,0,0,0,0,0,0,0,0,0,0,0,0,0,0,0
3712,3349,70,0,61411,2954," Before the Tide Comes",0,0,0,0,0,0,0,0,0,0,0,0,0,0,0,0,0,0,0,0,0,0,0,0
3713,3350,70,0,61411,2954," Retaking Territory",0,0,0,0,0,0,0,0,0,0,0,0,0,0,0,0,0,0,0,0,0,0,0,0
3714,3351,70,0,61411,2954," A Clam to Die For",0,0,0,0,0,0,0,0,0,0,0,0,0,0,0,0,0,0,0,0,0,0,0,0
3715,3352,70,0,61411,2954," A Meating Long Overdue",0,0,0,0,0,0,0,0,0,0,0,0,0,0,0,0,0,0,0,0,0,0,0,0
3716,3353,70,0,61411,2954," Redolent Refuse",0,0,0,0,0,0,0,0,0,0,0,0,0,0,0,0,0,0,0,0,0,0,0,0
3717,3354,70,0,61411,2954," A Feeling in the Belly",0,0,0,0,0,0,0,0,0,0,0,0,0,0,0,0,0,0,0,0,0,0,0,0
3718,3355,70,0,61411,2954," Songstress of the Sea",0,0,0,0,0,0,0,0,0,0,0,0,0,0,0,0,0,0,0,0,0,0,0,0
3719,3356,70,0,61411,2954," Witch of the Sea",0,0,0,0,0,0,0,0,0,0,0,0,0,0,0,0,0,0,0,0,0,0,0,0
3720,3357,70,0,61411,2954," Following the Grain",0,0,0,0,0,0,0,0,0,0,0,0,0,0,0,0,0,0,0,0,0,0,0,0
3721,3358,70,0,61411,2954," Bridge to the Other Side",0,0,0,0,0,0,0,0,0,0,0,0,0,0,0,0,0,0,0,0,0,0,0,0
3722,3359,70,0,61411,2954," A Drop of Sunshine",0,0,0,0,0,0,0,0,0,0,0,0,0,0,0,0,0,0,0,0,0,0,0,0
3723,3371,70,0,61419,2954," Village of Woe",0,0,0,0,0,0,0,0,0,0,0,0,0,0,0,0,0,0,0,0,0,0,0,0
3724,3372,70,0,61419,2954," Talos, Interrupted",0,0,0,0,0,0,0,0,0,0,0,0,0,0,0,0,0,0,0,0,0,0,0,0
3725,3373,70,0,61419,2954," The Cape in Bloom",0,0,0,0,0,0,0,0,0,0,0,0,0,0,0,0,0,0,0,0,0,0,0,0
3726,3374,70,0,61419,2954," Wright for the Job",0,0,0,0,0,0,0,0,0,0,0,0,0,0,0,0,0,0,0,0,0,0,0,0
3727,3360,70,0,61419,2954," A Plankless Task",0,0,0,0,0,0,0,0,0,0,0,0,0,0,0,0,0,0,0,0,0,0,0,0
3728,3516,70,0,61411,2952," My Heart Will (Not) Go On",0,0,0,0,0,0,0,0,0,0,0,0,0,0,0,0,0,0,0,0,0,0,0,0
3729,3517,70,0,61411,2952," Near, Far, Wherever You Are",0,0,0,0,0,0,0,0,0,0,0,0,0,0,0,0,0,0,0,0,0,0,0,0
3730,3518,70,0,61411,2952," The Invisible Hand",0,0,0,0,0,0,0,0,0,0,0,0,0,0,0,0,0,0,0,0,0,0,0,0
3731,3519,70,0,61411,2952," Scattered to the Winds",0,0,0,0,0,0,0,0,0,0,0,0,0,0,0,0,0,0,0,0,0,0,0,0
3732,3520,70,0,61411,2952," One Good Meal",0,0,0,0,0,0,0,0,0,0,0,0,0,0,0,0,0,0,0,0,0,0,0,0
3733,3521,70,0,61411,2952," Little and Late",0,0,0,0,0,0,0,0,0,0,0,0,0,0,0,0,0,0,0,0,0,0,0,0
3734,3522,70,0,61411,2952," Children of the Derelicts",0,0,0,0,0,0,0,0,0,0,0,0,0,0,0,0,0,0,0,0,0,0,0,0
3735,3523,70,0,61411,2952," Rebuild, Reuse, Recycle",0,0,0,0,0,0,0,0,0,0,0,0,0,0,0,0,0,0,0,0,0,0,0,0
3736,3524,70,0,61411,2952," Of Legacies Lost and Reclaimed",0,0,0,0,0,0,0,0,0,0,0,0,0,0,0,0,0,0,0,0,0,0,0,0
3737,3544,70,0,61411,2954," Good, Honest Dirt",0,0,0,0,0,0,0,0,0,0,0,0,0,0,0,0,0,0,0,0,0,0,0,0
3738,3729,70,0,61419,2952,"Oh, Beehive Yourself",0,0,0,0,0,0,0,0,0,0,0,0,0,0,0,0,0,0,0,0,0,0,0,0
3739,3730,70,0,61419,2952,"Commercially Flyable",0,0,0,0,0,0,0,0,0,0,0,0,0,0,0,0,0,0,0,0,0,0,0,0
3740,3731,70,0,61419,2952,"A Ship on His Shoulder",0,0,0,0,0,0,0,0,0,0,0,0,0,0,0,0,0,0,0,0,0,0,0,0
3741,3545,70,0,61411,2954," Sisterly Concern",0,0,0,0,0,0,0,0,0,0,0,0,0,0,0,0,0,0,0,0,0,0,0,0
3742,3543,70,0,61411,2954," Supplying Estimates",0,0,0,0,0,0,0,0,0,0,0,0,0,0,0,0,0,0,0,0,0,0,0,0
3743,3538,70,0,61411,2954," Hobgob Smacker",0,0,0,0,0,0,0,0,0,0,0,0,0,0,0,0,0,0,0,0,0,0,0,0
3744,3540,70,0,61411,2954," Timber for the Taking",0,0,0,0,0,0,0,0,0,0,0,0,0,0,0,0,0,0,0,0,0,0,0,0
3745,3542,70,0,61411,2954," Fresh off the Wing",0,0,0,0,0,0,0,0,0,0,0,0,0,0,0,0,0,0,0,0,0,0,0,0
3746,3537,70,0,61419,2954," Fugitive of Fear",0,0,0,0,0,0,0,0,0,0,0,0,0,0,0,0,0,0,0,0,0,0,0,0
3747,3541,70,0,61411,2954," Rising to Her Apology",0,0,0,0,0,0,0,0,0,0,0,0,0,0,0,0,0,0,0,0,0,0,0,0
3748,3539,70,0,61411,2954," Small Nuisances",0,0,0,0,0,0,0,0,0,0,0,0,0,0,0,0,0,0,0,0,0,0,0,0
3749,3546,70,0,61411,2954," A Rocky Relationship",0,0,0,0,0,0,0,0,0,0,0,0,0,0,0,0,0,0,0,0,0,0,0,0
3750,3547,70,0,61411,2954," Too Sweet to Eat",0,0,0,0,0,0,0,0,0,0,0,0,0,0,0,0,0,0,0,0,0,0,0,0
3751,3548,70,0,61411,2954," Killer on the Loose",0,0,0,0,0,0,0,0,0,0,0,0,0,0,0,0,0,0,0,0,0,0,0,0
3752,3549,70,0,61411,2954," All for the Boom",0,0,0,0,0,0,0,0,0,0,0,0,0,0,0,0,0,0,0,0,0,0,0,0
3753,3550,70,0,61411,2954," Distract and Rescue",0,0,0,0,0,0,0,0,0,0,0,0,0,0,0,0,0,0,0,0,0,0,0,0
3754,3551,70,0,61411,2954," Beneath the Beard",0,0,0,0,0,0,0,0,0,0,0,0,0,0,0,0,0,0,0,0,0,0,0,0
3755,3552,70,0,61411,2954," Short on Courage",0,0,0,0,0,0,0,0,0,0,0,0,0,0,0,0,0,0,0,0,0,0,0,0
3756,3553,70,0,61411,2954," Knocking the Knockers",0,0,0,0,0,0,0,0,0,0,0,0,0,0,0,0,0,0,0,0,0,0,0,0
3757,3554,70,0,61411,2954," Goggeo and Tholliet",0,0,0,0,0,0,0,0,0,0,0,0,0,0,0,0,0,0,0,0,0,0,0,0
3758,3555,70,0,61411,2954," With Ale Due Respect",0,0,0,0,0,0,0,0,0,0,0,0,0,0,0,0,0,0,0,0,0,0,0,0
3759,3561,70,0,61411,2954," Brew as the Tholl Do",0,0,0,0,0,0,0,0,0,0,0,0,0,0,0,0,0,0,0,0,0,0,0,0
3760,3562,70,0,61411,2954," Bringing the Nibbles",0,0,0,0,0,0,0,0,0,0,0,0,0,0,0,0,0,0,0,0,0,0,0,0
3761,3563,70,0,61411,2954," You Know the Words",0,0,0,0,0,0,0,0,0,0,0,0,0,0,0,0,0,0,0,0,0,0,0,0
3762,3556,70,0,61419,2954," A Disagreeable Dwarf",0,0,0,0,0,0,0,0,0,0,0,0,0,0,0,0,0,0,0,0,0,0,0,0
3763,3557,70,0,61419,2954," Almost a Friend",0,0,0,0,0,0,0,0,0,0,0,0,0,0,0,0,0,0,0,0,0,0,0,0
3764,3558,70,0,61419,2954," A Practiced Greeting",0,0,0,0,0,0,0,0,0,0,0,0,0,0,0,0,0,0,0,0,0,0,0,0
3765,3559,70,0,61419,2954," Learning to Lali-ho",0,0,0,0,0,0,0,0,0,0,0,0,0,0,0,0,0,0,0,0,0,0,0,0
3766,3560,70,0,61419,2954," Ronitt to the Rescue",0,0,0,0,0,0,0,0,0,0,0,0,0,0,0,0,0,0,0,0,0,0,0,0
3767,3601,80,0,61419,2952,"Yet Another Striking Opportunity",0,0,0,0,0,0,0,0,0,0,0,0,0,0,0,0,0,0,0,0,0,0,0,0
3768,3596,80,0,61419,2952,"Akadaemia Anyder",0,0,0,0,0,0,0,0,0,0,0,0,0,0,0,0,0,0,0,0,0,0,0,0
3769,3361,70,0,61411,2955," Worm Food",0,0,0,0,0,0,0,0,0,0,0,0,0,0,0,0,0,0,0,0,0,0,0,0
3770,3362,70,0,61411,2955," The Most Succulent of Succulents",0,0,0,0,0,0,0,0,0,0,0,0,0,0,0,0,0,0,0,0,0,0,0,0
3771,3363,70,0,61411,2955," Mollycoddled Mord",0,0,0,0,0,0,0,0,0,0,0,0,0,0,0,0,0,0,0,0,0,0,0,0
3772,3364,70,0,61411,2955," I Felt Your Presents",0,0,0,0,0,0,0,0,0,0,0,0,0,0,0,0,0,0,0,0,0,0,0,0
3773,3365,70,0,61411,2955," A Shiver Down the Spine",0,0,0,0,0,0,0,0,0,0,0,0,0,0,0,0,0,0,0,0,0,0,0,0
3774,3366,70,0,61411,2955," Pass the Parcel",0,0,0,0,0,0,0,0,0,0,0,0,0,0,0,0,0,0,0,0,0,0,0,0
3775,3367,70,0,61411,2955," Succulent Secretions",0,0,0,0,0,0,0,0,0,0,0,0,0,0,0,0,0,0,0,0,0,0,0,0
3776,3368,70,0,61411,2955," From Darts till Dawn",0,0,0,0,0,0,0,0,0,0,0,0,0,0,0,0,0,0,0,0,0,0,0,0
3777,3369,70,0,61411,2955," Absent without Leave",0,0,0,0,0,0,0,0,0,0,0,0,0,0,0,0,0,0,0,0,0,0,0,0
3778,3370,70,0,61411,2955," Like a Tonze of Bricks",0,0,0,0,0,0,0,0,0,0,0,0,0,0,0,0,0,0,0,0,0,0,0,0
3779,3375,70,0,61419,2955," Work to Live or Live to Work",0,0,0,0,0,0,0,0,0,0,0,0,0,0,0,0,0,0,0,0,0,0,0,0
3780,3376,70,0,61411,2955," Mord of the Ring",0,0,0,0,0,0,0,0,0,0,0,0,0,0,0,0,0,0,0,0,0,0,0,0
3781,3377,70,0,61411,2955," Nabaath Breakdown",0,0,0,0,0,0,0,0,0,0,0,0,0,0,0,0,0,0,0,0,0,0,0,0
3782,3378,70,0,61411,2955," Semi Auto-malik",0,0,0,0,0,0,0,0,0,0,0,0,0,0,0,0,0,0,0,0,0,0,0,0
3783,3486,70,0,61411,2955," Where There's a Well, There's a Way",0,0,0,0,0,0,0,0,0,0,0,0,0,0,0,0,0,0,0,0,0,0,0,0
3784,3487,70,0,61411,2955," Assault on a Deadly Weapon",0,0,0,0,0,0,0,0,0,0,0,0,0,0,0,0,0,0,0,0,0,0,0,0
3785,3488,70,0,61411,2955," Water Palaver",0,0,0,0,0,0,0,0,0,0,0,0,0,0,0,0,0,0,0,0,0,0,0,0
3786,3489,70,0,61411,2955," Shovel or Boogie",0,0,0,0,0,0,0,0,0,0,0,0,0,0,0,0,0,0,0,0,0,0,0,0
3787,3490,70,0,61411,2955," Shine On You Crazy Mordling",0,0,0,0,0,0,0,0,0,0,0,0,0,0,0,0,0,0,0,0,0,0,0,0
3788,3491,70,0,61411,2955," And Justice Feral",0,0,0,0,0,0,0,0,0,0,0,0,0,0,0,0,0,0,0,0,0,0,0,0
3789,3492,70,0,61411,2955," A Relatively Miner Issue",0,0,0,0,0,0,0,0,0,0,0,0,0,0,0,0,0,0,0,0,0,0,0,0
3790,3493,70,0,61411,2955," I Drink, Therefore I Am (in Trouble)",0,0,0,0,0,0,0,0,0,0,0,0,0,0,0,0,0,0,0,0,0,0,0,0
3791,3494,70,0,61411,2955," To the Far Side",0,0,0,0,0,0,0,0,0,0,0,0,0,0,0,0,0,0,0,0,0,0,0,0
3792,3495,70,0,61411,2955," Whistle While You Shirk",0,0,0,0,0,0,0,0,0,0,0,0,0,0,0,0,0,0,0,0,0,0,0,0
3793,3496,70,0,61411,2955," Prankster's Paradise",0,0,0,0,0,0,0,0,0,0,0,0,0,0,0,0,0,0,0,0,0,0,0,0
3794,3497,70,0,61411,2955," A Tab in the Dark",0,0,0,0,0,0,0,0,0,0,0,0,0,0,0,0,0,0,0,0,0,0,0,0
3795,3498,70,0,61411,2955," The Creaky Mill Gets the Grease",0,0,0,0,0,0,0,0,0,0,0,0,0,0,0,0,0,0,0,0,0,0,0,0
3796,3499,70,0,61411,2955," Big Sister Is Watching You",0,0,0,0,0,0,0,0,0,0,0,0,0,0,0,0,0,0,0,0,0,0,0,0
3797,3500,70,0,61411,2955," The Brother Lode",0,0,0,0,0,0,0,0,0,0,0,0,0,0,0,0,0,0,0,0,0,0,0,0
3798,3501,70,0,61411,2955," Flower for a Friend",0,0,0,0,0,0,0,0,0,0,0,0,0,0,0,0,0,0,0,0,0,0,0,0
3799,3502,70,0,61411,2955," Church Warrant",0,0,0,0,0,0,0,0,0,0,0,0,0,0,0,0,0,0,0,0,0,0,0,0
3800,3503,70,0,61419,2955," Scavengers Assemble",0,0,0,0,0,0,0,0,0,0,0,0,0,0,0,0,0,0,0,0,0,0,0,0
3801,3504,70,0,61411,2955," Town Haul",0,0,0,0,0,0,0,0,0,0,0,0,0,0,0,0,0,0,0,0,0,0,0,0
3802,3505,70,0,61411,2955," Worm in the Ointment",0,0,0,0,0,0,0,0,0,0,0,0,0,0,0,0,0,0,0,0,0,0,0,0
3803,3506,70,0,61411,2955," The Yolk's on You",0,0,0,0,0,0,0,0,0,0,0,0,0,0,0,0,0,0,0,0,0,0,0,0
3804,3507,70,0,61411,2955," Taken Down a Peck or Two",0,0,0,0,0,0,0,0,0,0,0,0,0,0,0,0,0,0,0,0,0,0,0,0
3805,3508,70,0,61411,2955," Repair for the Worst",0,0,0,0,0,0,0,0,0,0,0,0,0,0,0,0,0,0,0,0,0,0,0,0
3806,3509,70,0,61411,2955," Stripe for the Picking",0,0,0,0,0,0,0,0,0,0,0,0,0,0,0,0,0,0,0,0,0,0,0,0
3807,3510,70,0,61411,2955," Mystery Miners",0,0,0,0,0,0,0,0,0,0,0,0,0,0,0,0,0,0,0,0,0,0,0,0
3808,3511,70,0,61419,2955," Charmless Man",0,0,0,0,0,0,0,0,0,0,0,0,0,0,0,0,0,0,0,0,0,0,0,0
3809,3512,70,0,61411,2955," Oil Be Back",0,0,0,0,0,0,0,0,0,0,0,0,0,0,0,0,0,0,0,0,0,0,0,0
3810,3513,70,0,61411,2955," Gnome Ore Heroes",0,0,0,0,0,0,0,0,0,0,0,0,0,0,0,0,0,0,0,0,0,0,0,0
3811,3514,70,0,61411,2955," The Piping of the Dead",0,0,0,0,0,0,0,0,0,0,0,0,0,0,0,0,0,0,0,0,0,0,0,0
3812,3530,70,0,61411,2955," No Disassemble",0,0,0,0,0,0,0,0,0,0,0,0,0,0,0,0,0,0,0,0,0,0,0,0
3813,3531,70,0,61411,2955," Thy Well Be Done",0,0,0,0,0,0,0,0,0,0,0,0,0,0,0,0,0,0,0,0,0,0,0,0
3814,3532,70,0,61411,2955," The Crystal Knaves",0,0,0,0,0,0,0,0,0,0,0,0,0,0,0,0,0,0,0,0,0,0,0,0
3815,3525,70,0,61419,2955," A Vein Pursuit",0,0,0,0,0,0,0,0,0,0,0,0,0,0,0,0,0,0,0,0,0,0,0,0
3816,3526,70,0,61411,2955," Tunnel Vision",0,0,0,0,0,0,0,0,0,0,0,0,0,0,0,0,0,0,0,0,0,0,0,0
3817,3527,70,0,61411,2955," Two Tails Are Better than One",0,0,0,0,0,0,0,0,0,0,0,0,0,0,0,0,0,0,0,0,0,0,0,0
3818,3528,70,0,61411,2955," The Rutabite at the End of the Tunnel",0,0,0,0,0,0,0,0,0,0,0,0,0,0,0,0,0,0,0,0,0,0,0,0
3819,3529,70,0,61411,2955," An Axle to Grind",0,0,0,0,0,0,0,0,0,0,0,0,0,0,0,0,0,0,0,0,0,0,0,0
3820,3392,70,0,61411,2956," What's in a Name",0,0,0,0,0,0,0,0,0,0,0,0,0,0,0,0,0,0,0,0,0,0,0,0
3821,3393,70,0,61411,2956," A Hairy Request",0,0,0,0,0,0,0,0,0,0,0,0,0,0,0,0,0,0,0,0,0,0,0,0
3822,3394,70,0,61411,2956," Flowers of Fury",0,0,0,0,0,0,0,0,0,0,0,0,0,0,0,0,0,0,0,0,0,0,0,0
3823,3395,70,0,61419,2956," The Forbidden Lran",0,0,0,0,0,0,0,0,0,0,0,0,0,0,0,0,0,0,0,0,0,0,0,0
3824,3396,70,0,61411,2956," When Beavers Cry",0,0,0,0,0,0,0,0,0,0,0,0,0,0,0,0,0,0,0,0,0,0,0,0
3825,3397,70,0,61411,2956," And Then There Were None",0,0,0,0,0,0,0,0,0,0,0,0,0,0,0,0,0,0,0,0,0,0,0,0
3826,3398,70,0,61419,2956," Delightful Decorations",0,0,0,0,0,0,0,0,0,0,0,0,0,0,0,0,0,0,0,0,0,0,0,0
3827,3399,70,0,61411,2956," Bewitched Books",0,0,0,0,0,0,0,0,0,0,0,0,0,0,0,0,0,0,0,0,0,0,0,0
3828,3400,70,0,61411,2956," Revolting Refreshments",0,0,0,0,0,0,0,0,0,0,0,0,0,0,0,0,0,0,0,0,0,0,0,0
3829,3401,70,0,61411,2956," An Artist's Tale",0,0,0,0,0,0,0,0,0,0,0,0,0,0,0,0,0,0,0,0,0,0,0,0
3830,3402,70,0,61411,2956," Counting Pixies",0,0,0,0,0,0,0,0,0,0,0,0,0,0,0,0,0,0,0,0,0,0,0,0
3831,3403,70,0,61411,2956," A Rosy Problem",0,0,0,0,0,0,0,0,0,0,0,0,0,0,0,0,0,0,0,0,0,0,0,0
3832,3404,70,0,61419,2956," The Path to Popularity",0,0,0,0,0,0,0,0,0,0,0,0,0,0,0,0,0,0,0,0,0,0,0,0
3833,3405,70,0,61411,2956," Painting for Praise",0,0,0,0,0,0,0,0,0,0,0,0,0,0,0,0,0,0,0,0,0,0,0,0
3834,3406,70,0,61411,2956," Gifts to Gladden",0,0,0,0,0,0,0,0,0,0,0,0,0,0,0,0,0,0,0,0,0,0,0,0
3835,3407,70,0,61411,2956," The Dependable Darling",0,0,0,0,0,0,0,0,0,0,0,0,0,0,0,0,0,0,0,0,0,0,0,0
3836,3408,70,0,61411,2956," Scents of Security",0,0,0,0,0,0,0,0,0,0,0,0,0,0,0,0,0,0,0,0,0,0,0,0
3837,3409,70,0,61411,2956," A Lawful Trade",0,0,0,0,0,0,0,0,0,0,0,0,0,0,0,0,0,0,0,0,0,0,0,0
3838,3410,70,0,61411,2956," The Mushroom Menace",0,0,0,0,0,0,0,0,0,0,0,0,0,0,0,0,0,0,0,0,0,0,0,0
3839,3411,70,0,61411,2956," Growing Pla Enni",0,0,0,0,0,0,0,0,0,0,0,0,0,0,0,0,0,0,0,0,0,0,0,0
3840,3412,70,0,61411,2956," Much Ado About Giving",0,0,0,0,0,0,0,0,0,0,0,0,0,0,0,0,0,0,0,0,0,0,0,0
3841,3413,70,0,61411,2956," Help My Porxie",0,0,0,0,0,0,0,0,0,0,0,0,0,0,0,0,0,0,0,0,0,0,0,0
3842,3414,70,0,61411,2956," One Good Trick Deserves Another",0,0,0,0,0,0,0,0,0,0,0,0,0,0,0,0,0,0,0,0,0,0,0,0
3843,3415,70,0,61411,2956," A Leafman and a Hero",0,0,0,0,0,0,0,0,0,0,0,0,0,0,0,0,0,0,0,0,0,0,0,0
3844,3416,70,0,61411,2956," Magic Is Love, Magic Is Life",0,0,0,0,0,0,0,0,0,0,0,0,0,0,0,0,0,0,0,0,0,0,0,0
3845,3417,70,0,61411,2956," Are You Being Served",0,0,0,0,0,0,0,0,0,0,0,0,0,0,0,0,0,0,0,0,0,0,0,0
3846,3418,70,0,61411,2956," A Stranger Fuath",0,0,0,0,0,0,0,0,0,0,0,0,0,0,0,0,0,0,0,0,0,0,0,0
3847,3419,70,0,61411,2956," Pushy for Patronage",0,0,0,0,0,0,0,0,0,0,0,0,0,0,0,0,0,0,0,0,0,0,0,0
3848,3421,70,0,61411,2956," Lurkers in the Lake",0,0,0,0,0,0,0,0,0,0,0,0,0,0,0,0,0,0,0,0,0,0,0,0
3849,3422,70,0,61411,2956," A Tale of a Tail",0,0,0,0,0,0,0,0,0,0,0,0,0,0,0,0,0,0,0,0,0,0,0,0
3850,3423,70,0,61411,2956," Not All Pixies",0,0,0,0,0,0,0,0,0,0,0,0,0,0,0,0,0,0,0,0,0,0,0,0
3851,3424,70,0,61411,2956," A Gift in Advance",0,0,0,0,0,0,0,0,0,0,0,0,0,0,0,0,0,0,0,0,0,0,0,0
3852,3427,70,0,61419,2956," A New Amaro",0,0,0,0,0,0,0,0,0,0,0,0,0,0,0,0,0,0,0,0,0,0,0,0
3853,3428,70,0,61411,2956," A Costly Meal",0,0,0,0,0,0,0,0,0,0,0,0,0,0,0,0,0,0,0,0,0,0,0,0
3854,3429,70,0,61411,2956," By Way of Reparation",0,0,0,0,0,0,0,0,0,0,0,0,0,0,0,0,0,0,0,0,0,0,0,0
3855,3430,70,0,61411,2956," The Key Ingredient",0,0,0,0,0,0,0,0,0,0,0,0,0,0,0,0,0,0,0,0,0,0,0,0
3856,3431,70,0,61411,2956," A New Favorite",0,0,0,0,0,0,0,0,0,0,0,0,0,0,0,0,0,0,0,0,0,0,0,0
3857,3432,70,0,61411,2956," Duplicity in the Depths",0,0,0,0,0,0,0,0,0,0,0,0,0,0,0,0,0,0,0,0,0,0,0,0
3858,3433,70,0,61411,2956," Marks of the Monarch",0,0,0,0,0,0,0,0,0,0,0,0,0,0,0,0,0,0,0,0,0,0,0,0
3859,3434,70,0,61411,2956," An Eggshell a Day",0,0,0,0,0,0,0,0,0,0,0,0,0,0,0,0,0,0,0,0,0,0,0,0
3860,3420,70,0,61411,2956," In His Mistress's Memory",0,0,0,0,0,0,0,0,0,0,0,0,0,0,0,0,0,0,0,0,0,0,0,0
3861,3425,70,0,61411,2956," In His Mistress's Name",0,0,0,0,0,0,0,0,0,0,0,0,0,0,0,0,0,0,0,0,0,0,0,0
3862,3426,70,0,61411,2956," Hide and Seek",0,0,0,0,0,0,0,0,0,0,0,0,0,0,0,0,0,0,0,0,0,0,0,0
3863,4716,80,0,61419,2956,"Every Anden of the Rainbow",3025,0,0,0,0,0,0,0,0,0,0,0,0,0,0,0,0,0,0,0,0,0,0,0
3864,4717,80,0,61419,2956,"A Labor of Leaf",0,0,0,0,0,0,0,0,0,0,0,0,0,0,0,0,0,0,0,0,0,0,0,0
3865,3440,70,0,61411,2957," Barking Up the Right Tree",0,0,0,0,0,0,0,0,0,0,0,0,0,0,0,0,0,0,0,0,0,0,0,0
3866,3441,70,0,61411,2957," Plans Gone Awry",0,0,0,0,0,0,0,0,0,0,0,0,0,0,0,0,0,0,0,0,0,0,0,0
3867,3442,70,0,61411,2957," Like Pulling Teeth",0,0,0,0,0,0,0,0,0,0,0,0,0,0,0,0,0,0,0,0,0,0,0,0
3868,3443,70,0,61411,2957," Tea Time",0,0,0,0,0,0,0,0,0,0,0,0,0,0,0,0,0,0,0,0,0,0,0,0
3869,3444,70,0,61419,2957," What We Do for Family",0,0,0,0,0,0,0,0,0,0,0,0,0,0,0,0,0,0,0,0,0,0,0,0
3870,3445,70,0,61411,2957," In His Memory",0,0,0,0,0,0,0,0,0,0,0,0,0,0,0,0,0,0,0,0,0,0,0,0
3871,3446,70,0,61411,2957," Pick Their Poison",0,0,0,0,0,0,0,0,0,0,0,0,0,0,0,0,0,0,0,0,0,0,0,0
3872,3447,70,0,61411,2957," Worth a Candle",0,0,0,0,0,0,0,0,0,0,0,0,0,0,0,0,0,0,0,0,0,0,0,0
3873,3449,70,0,61411,2957," You're a Gem",0,0,0,0,0,0,0,0,0,0,0,0,0,0,0,0,0,0,0,0,0,0,0,0
3874,3450,70,0,61411,2957," Oh, Snap",0,0,0,0,0,0,0,0,0,0,0,0,0,0,0,0,0,0,0,0,0,0,0,0
3875,3451,70,0,61411,2957," Disturbing the Peace",0,0,0,0,0,0,0,0,0,0,0,0,0,0,0,0,0,0,0,0,0,0,0,0
3876,3448,70,0,61411,2957," Paved with Good Intentions",0,0,0,0,0,0,0,0,0,0,0,0,0,0,0,0,0,0,0,0,0,0,0,0
3877,3452,70,0,61411,2957," Out of Place",0,0,0,0,0,0,0,0,0,0,0,0,0,0,0,0,0,0,0,0,0,0,0,0
3878,3453,70,0,61411,2957," From the Heart",0,0,0,0,0,0,0,0,0,0,0,0,0,0,0,0,0,0,0,0,0,0,0,0
3879,3454,70,0,61411,2957," Special Delivery",0,0,0,0,0,0,0,0,0,0,0,0,0,0,0,0,0,0,0,0,0,0,0,0
3880,3455,70,0,61411,2957," An Express Delivery",0,0,0,0,0,0,0,0,0,0,0,0,0,0,0,0,0,0,0,0,0,0,0,0
3881,3656,70,0,61419,2957," The Great Deceiver",0,0,0,0,0,0,0,0,0,0,0,0,0,0,0,0,0,0,0,0,0,0,0,0
3882,3657,70,0,61419,2957," Slither Along",0,0,0,0,0,0,0,0,0,0,0,0,0,0,0,0,0,0,0,0,0,0,0,0
3883,3658,70,0,61419,2957," Snake the Lead",0,0,0,0,0,0,0,0,0,0,0,0,0,0,0,0,0,0,0,0,0,0,0,0
3884,3659,70,0,61419,2957," Snakes in the Grass",0,0,0,0,0,0,0,0,0,0,0,0,0,0,0,0,0,0,0,0,0,0,0,0
3885,3460,70,0,61411,2957," Paying Respects",0,0,0,0,0,0,0,0,0,0,0,0,0,0,0,0,0,0,0,0,0,0,0,0
3886,3461,70,0,61411,2957," A Recipe for Trouble",0,0,0,0,0,0,0,0,0,0,0,0,0,0,0,0,0,0,0,0,0,0,0,0
3887,3462,70,0,61411,2957," Blessings of the Wood",0,0,0,0,0,0,0,0,0,0,0,0,0,0,0,0,0,0,0,0,0,0,0,0
3888,3463,70,0,61411,2957," Talk of the Town",0,0,0,0,0,0,0,0,0,0,0,0,0,0,0,0,0,0,0,0,0,0,0,0
3889,3464,70,0,61411,2957," A Sight Unseen",0,0,0,0,0,0,0,0,0,0,0,0,0,0,0,0,0,0,0,0,0,0,0,0
3890,3465,70,0,61411,2957," Back Where It Belongs",0,0,0,0,0,0,0,0,0,0,0,0,0,0,0,0,0,0,0,0,0,0,0,0
3891,3466,70,0,61411,2957," Not Unfamiliar",0,0,0,0,0,0,0,0,0,0,0,0,0,0,0,0,0,0,0,0,0,0,0,0
3892,3467,70,0,61419,2957," Suit Up",0,0,0,0,0,0,0,0,0,0,0,0,0,0,0,0,0,0,0,0,0,0,0,0
3893,3468,70,0,61411,2957," Delivery Time",0,0,0,0,0,0,0,0,0,0,0,0,0,0,0,0,0,0,0,0,0,0,0,0
3894,3469,70,0,61411,2957," Out on One's Own",0,0,0,0,0,0,0,0,0,0,0,0,0,0,0,0,0,0,0,0,0,0,0,0
3895,3470,70,0,61411,2957," One Last Bite",0,0,0,0,0,0,0,0,0,0,0,0,0,0,0,0,0,0,0,0,0,0,0,0
3896,3471,70,0,61411,2957," Proving Your Worth",0,0,0,0,0,0,0,0,0,0,0,0,0,0,0,0,0,0,0,0,0,0,0,0
3897,3472,70,0,61411,2957," Reach for the Stars",0,0,0,0,0,0,0,0,0,0,0,0,0,0,0,0,0,0,0,0,0,0,0,0
3898,3473,70,0,61411,2957," Down Feathers",0,0,0,0,0,0,0,0,0,0,0,0,0,0,0,0,0,0,0,0,0,0,0,0
3899,3474,70,0,61411,2957," Out on Patrol",0,0,0,0,0,0,0,0,0,0,0,0,0,0,0,0,0,0,0,0,0,0,0,0
3900,3475,70,0,61411,2957," Thoughts and Prayers",0,0,0,0,0,0,0,0,0,0,0,0,0,0,0,0,0,0,0,0,0,0,0,0
3901,3476,70,0,61411,2957," Rock Solid",0,0,0,0,0,0,0,0,0,0,0,0,0,0,0,0,0,0,0,0,0,0,0,0
3902,3477,70,0,61411,2957," Hand-me-downs",0,0,0,0,0,0,0,0,0,0,0,0,0,0,0,0,0,0,0,0,0,0,0,0
3903,3483,70,0,61411,2957," In Pursuit of Knowledge",0,0,0,0,0,0,0,0,0,0,0,0,0,0,0,0,0,0,0,0,0,0,0,0
3904,3484,70,0,61411,2957," A Test of Strength",0,0,0,0,0,0,0,0,0,0,0,0,0,0,0,0,0,0,0,0,0,0,0,0
3905,3485,70,0,61411,2957," Just the Two of Us",0,0,0,0,0,0,0,0,0,0,0,0,0,0,0,0,0,0,0,0,0,0,0,0
3906,3478,70,0,61419,2957," Stand on Ceremony",0,0,0,0,0,0,0,0,0,0,0,0,0,0,0,0,0,0,0,0,0,0,0,0
3907,3479,70,0,61419,2957," Seeing Eye to Eye",0,0,0,0,0,0,0,0,0,0,0,0,0,0,0,0,0,0,0,0,0,0,0,0
3908,3480,70,0,61419,2957," Mending Fences",0,0,0,0,0,0,0,0,0,0,0,0,0,0,0,0,0,0,0,0,0,0,0,0
3909,3481,70,0,61419,2957," Hearts as One",0,0,0,0,0,0,0,0,0,0,0,0,0,0,0,0,0,0,0,0,0,0,0,0
3910,3482,70,0,61419,2957," Protectors of the Wood",0,0,0,0,0,0,0,0,0,0,0,0,0,0,0,0,0,0,0,0,0,0,0,0
3911,3576,70,0,61411,2958," Ondo Dream of Oranges",0,0,0,0,0,0,0,0,0,0,0,0,0,0,0,0,0,0,0,0,0,0,0,0
3912,3577,70,0,61411,2958," Pearls of the Deep",0,0,0,0,0,0,0,0,0,0,0,0,0,0,0,0,0,0,0,0,0,0,0,0
3913,3578,70,0,61411,2958," Beware the Benthos",0,0,0,0,0,0,0,0,0,0,0,0,0,0,0,0,0,0,0,0,0,0,0,0
3914,3579,70,0,61411,2958," Beyond the Reach of Koal",0,0,0,0,0,0,0,0,0,0,0,0,0,0,0,0,0,0,0,0,0,0,0,0
3915,3580,70,0,61411,2958," Do the Chuckle",0,0,0,0,0,0,0,0,0,0,0,0,0,0,0,0,0,0,0,0,0,0,0,0
3916,3581,70,0,61411,2958," Strange Stew",0,0,0,0,0,0,0,0,0,0,0,0,0,0,0,0,0,0,0,0,0,0,0,0
3917,3582,70,0,61411,2958," Scales for the Scaled Ones",0,0,0,0,0,0,0,0,0,0,0,0,0,0,0,0,0,0,0,0,0,0,0,0
3918,3583,70,0,61411,2958," Secrets and Spears",0,0,0,0,0,0,0,0,0,0,0,0,0,0,0,0,0,0,0,0,0,0,0,0
3919,3584,70,0,61411,2958," Scavenger Deep",0,0,0,0,0,0,0,0,0,0,0,0,0,0,0,0,0,0,0,0,0,0,0,0
3920,3585,70,0,61411,2958," Mistake or Machination",0,0,0,0,0,0,0,0,0,0,0,0,0,0,0,0,0,0,0,0,0,0,0,0
3921,3586,70,0,61411,2958," More than One Way to Skin a Stingray",0,0,0,0,0,0,0,0,0,0,0,0,0,0,0,0,0,0,0,0,0,0,0,0
3922,3587,70,0,61411,2958," Doggone Dagons",0,0,0,0,0,0,0,0,0,0,0,0,0,0,0,0,0,0,0,0,0,0,0,0
3923,3588,70,0,61419,2958," Koal of the Cups",0,0,0,0,0,0,0,0,0,0,0,0,0,0,0,0,0,0,0,0,0,0,0,0
3924,3589,70,0,61411,2958," Mother's Mnyiri",0,0,0,0,0,0,0,0,0,0,0,0,0,0,0,0,0,0,0,0,0,0,0,0
3925,3590,70,0,61411,2958," Create the Birthing Rope",0,0,0,0,0,0,0,0,0,0,0,0,0,0,0,0,0,0,0,0,0,0,0,0
3926,3591,70,0,61411,2958," Tomorrow Is in Your Fins",0,0,0,0,0,0,0,0,0,0,0,0,0,0,0,0,0,0,0,0,0,0,0,0
3927,3592,70,0,61419,2958," Responsible Creation",0,0,0,0,0,0,0,0,0,0,0,0,0,0,0,0,0,0,0,0,0,0,0,0
3928,3593,70,0,61419,2958," Debate and Discourse",0,0,0,0,0,0,0,0,0,0,0,0,0,0,0,0,0,0,0,0,0,0,0,0
3929,3594,70,0,61419,2958," Community Cohesion",0,0,0,0,0,0,0,0,0,0,0,0,0,0,0,0,0,0,0,0,0,0,0,0
3930,4795,1,0,61411,3706,"Wings of Hope",0,0,0,0,0,0,0,0,0,0,0,0,0,0,0,0,0,0,0,0,0,0,0,0
3931,4180,80,0,61411,3706," A Waiting Love",0,0,0,0,0,0,0,0,0,0,0,0,0,0,0,0,0,0,0,0,0,0,0,0
3932,4181,80,0,61411,3706," Scholarly Perspective",0,0,0,0,0,0,0,0,0,0,0,0,0,0,0,0,0,0,0,0,0,0,0,0
3933,4182,80,0,61411,3706," A Literary Delivery",0,0,0,0,0,0,0,0,0,0,0,0,0,0,0,0,0,0,0,0,0,0,0,0
3934,4183,80,0,61411,3706," Doll Dash",0,0,0,0,0,0,0,0,0,0,0,0,0,0,0,0,0,0,0,0,0,0,0,0
3935,4184,80,0,61411,3708," It's Not the Heat, It's the Humidity",0,0,0,0,0,0,0,0,0,0,0,0,0,0,0,0,0,0,0,0,0,0,0,0
3936,4185,80,0,61411,3708," No Laughing Matter",0,0,0,0,0,0,0,0,0,0,0,0,0,0,0,0,0,0,0,0,0,0,0,0
3937,4186,80,0,61411,3708," Building Good Habitats",0,0,0,0,0,0,0,0,0,0,0,0,0,0,0,0,0,0,0,0,0,0,0,0
3938,4187,80,0,61411,3708," An Ore-ful Lot",0,0,0,0,0,0,0,0,0,0,0,0,0,0,0,0,0,0,0,0,0,0,0,0
3939,4188,80,0,61411,3708," Raised on the Fallen",0,0,0,0,0,0,0,0,0,0,0,0,0,0,0,0,0,0,0,0,0,0,0,0
3940,4189,80,0,61411,3708," Pot Luck",0,0,0,0,0,0,0,0,0,0,0,0,0,0,0,0,0,0,0,0,0,0,0,0
3941,4190,80,0,61411,3708," Uncommon Scents",0,0,0,0,0,0,0,0,0,0,0,0,0,0,0,0,0,0,0,0,0,0,0,0
3942,4191,80,0,61411,3708," A Hard Task to Digest",0,0,0,0,0,0,0,0,0,0,0,0,0,0,0,0,0,0,0,0,0,0,0,0
3943,4192,80,0,61411,3708," Learning to Sow",0,0,0,0,0,0,0,0,0,0,0,0,0,0,0,0,0,0,0,0,0,0,0,0
3944,4193,80,0,61411,3708," A Ripe Trade",0,0,0,0,0,0,0,0,0,0,0,0,0,0,0,0,0,0,0,0,0,0,0,0
3945,4194,80,0,61411,3708," It's Not Mud",0,0,0,0,0,0,0,0,0,0,0,0,0,0,0,0,0,0,0,0,0,0,0,0
3946,4195,80,0,61411,3708," Not Mushroom for Error",0,0,0,0,0,0,0,0,0,0,0,0,0,0,0,0,0,0,0,0,0,0,0,0
3947,4480,80,0,61419,3708," Lost Little Troll",0,0,0,0,0,0,0,0,0,0,0,0,0,0,0,0,0,0,0,0,0,0,0,0
3948,4481,80,0,61411,3708," Problematic Pests",0,0,0,0,0,0,0,0,0,0,0,0,0,0,0,0,0,0,0,0,0,0,0,0
3949,4482,80,0,61411,3708," Pests Be Gone",0,0,0,0,0,0,0,0,0,0,0,0,0,0,0,0,0,0,0,0,0,0,0,0
3950,4483,80,0,61411,3708," Dream Big",0,0,0,0,0,0,0,0,0,0,0,0,0,0,0,0,0,0,0,0,0,0,0,0
3951,4210,80,0,61411,3706," A Volatile Education",0,0,0,0,0,0,0,0,0,0,0,0,0,0,0,0,0,0,0,0,0,0,0,0
3952,4211,80,0,61411,3706," The Light of Progress",0,0,0,0,0,0,0,0,0,0,0,0,0,0,0,0,0,0,0,0,0,0,0,0
3953,4212,80,0,61411,3706," My Fair Mammet",0,0,0,0,0,0,0,0,0,0,0,0,0,0,0,0,0,0,0,0,0,0,0,0
3954,4213,80,0,61411,3706," The Creature from the Wooden Crate",0,0,0,0,0,0,0,0,0,0,0,0,0,0,0,0,0,0,0,0,0,0,0,0
3955,4214,80,0,61411,3706," Fast Fashion",0,0,0,0,0,0,0,0,0,0,0,0,0,0,0,0,0,0,0,0,0,0,0,0
3956,4215,80,0,61411,3706," Booking Books",0,0,0,0,0,0,0,0,0,0,0,0,0,0,0,0,0,0,0,0,0,0,0,0
3957,4316,80,0,61411,3706," For the Love of Pudding",0,0,0,0,0,0,0,0,0,0,0,0,0,0,0,0,0,0,0,0,0,0,0,0
3958,4317,80,0,61411,3706," Secret in the Box",0,0,0,0,0,0,0,0,0,0,0,0,0,0,0,0,0,0,0,0,0,0,0,0
3959,4318,80,0,61411,3706," Leveilleur Philanthropy",0,0,0,0,0,0,0,0,0,0,0,0,0,0,0,0,0,0,0,0,0,0,0,0
3960,4319,80,0,61411,3706," Sandwiches and Pretzels",0,0,0,0,0,0,0,0,0,0,0,0,0,0,0,0,0,0,0,0,0,0,0,0
3961,4326,80,0,61411,3708," Seeing Red",0,0,0,0,0,0,0,0,0,0,0,0,0,0,0,0,0,0,0,0,0,0,0,0
3962,4328,80,0,61411,3708," Herbicidal Tendencies",0,0,0,0,0,0,0,0,0,0,0,0,0,0,0,0,0,0,0,0,0,0,0,0
3963,4329,80,0,61419,3708," Let the Good Times Troll",0,0,0,0,0,0,0,0,0,0,0,0,0,0,0,0,0,0,0,0,0,0,0,0
3964,4330,80,0,61411,3708," Apple-y Ever After",0,0,0,0,0,0,0,0,0,0,0,0,0,0,0,0,0,0,0,0,0,0,0,0
3965,4333,80,0,61411,3708," The Case of the Missing Gleaner",0,0,0,0,0,0,0,0,0,0,0,0,0,0,0,0,0,0,0,0,0,0,0,0
3966,4167,90,0,61419,3706,"Cutting the Cheese",0,0,0,0,0,0,0,0,0,0,0,0,0,0,0,0,0,0,0,0,0,0,0,0
3967,4168,90,0,61419,3706,"Where No Loporrit Has Gone Before",0,0,0,0,0,0,0,0,0,0,0,0,0,0,0,0,0,0,0,0,0,0,0,0
3968,4320,80,0,61419,3708," Gleaner's Wish",0,0,0,0,0,0,0,0,0,0,0,0,0,0,0,0,0,0,0,0,0,0,0,0
3969,4321,80,0,61411,3708," A Job for a Loporrit",0,0,0,0,0,0,0,0,0,0,0,0,0,0,0,0,0,0,0,0,0,0,0,0
3970,4322,80,0,61411,3708," Gift for a Fan",0,0,0,0,0,0,0,0,0,0,0,0,0,0,0,0,0,0,0,0,0,0,0,0
3971,4323,80,0,61411,3708," Wayward Carbuncle",0,0,0,0,0,0,0,0,0,0,0,0,0,0,0,0,0,0,0,0,0,0,0,0
3972,4324,80,0,61411,3708," Don't Philter Yourself",0,0,0,0,0,0,0,0,0,0,0,0,0,0,0,0,0,0,0,0,0,0,0,0
3973,4325,80,0,61411,3708," Take a Look, It's in a Book",0,0,0,0,0,0,0,0,0,0,0,0,0,0,0,0,0,0,0,0,0,0,0,0
3974,4327,80,0,61411,3708," To Care Enough to Send the Very Best",0,0,0,0,0,0,0,0,0,0,0,0,0,0,0,0,0,0,0,0,0,0,0,0
3975,4331,80,0,61411,3708," The Dry Eyes Have It",0,0,0,0,0,0,0,0,0,0,0,0,0,0,0,0,0,0,0,0,0,0,0,0
3976,4332,80,0,61411,3708," Dolling out Punishment",0,0,0,0,0,0,0,0,0,0,0,0,0,0,0,0,0,0,0,0,0,0,0,0
3977,4334,80,0,61411,3708," Cooler than Being Cool",0,0,0,0,0,0,0,0,0,0,0,0,0,0,0,0,0,0,0,0,0,0,0,0
3978,4335,80,0,61411,3708," For the Record",0,0,0,0,0,0,0,0,0,0,0,0,0,0,0,0,0,0,0,0,0,0,0,0
3979,4336,80,0,61411,3708," Harbinger of Breath",0,0,0,0,0,0,0,0,0,0,0,0,0,0,0,0,0,0,0,0,0,0,0,0
3980,4523,80,0,61419,3706,"Of Mothers and Merchants",2875,0,0,0,0,0,0,0,0,0,0,0,0,0,0,0,0,0,0,0,0,0,0,0
3981,4524,80,0,61419,3706,"A Mother's Love",0,0,0,0,0,0,0,0,0,0,0,0,0,0,0,0,0,0,0,0,0,0,0,0
3982,4525,80,0,61419,3706,"A Gift from House Leveilleur",0,0,0,0,0,0,0,0,0,0,0,0,0,0,0,0,0,0,0,0,0,0,0,0
3983,4484,80,0,61419,3708," The Lad in Labyrinthos",0,0,0,0,0,0,0,0,0,0,0,0,0,0,0,0,0,0,0,0,0,0,0,0
3984,4485,80,0,61411,3708," Here Comes the Sun",0,0,0,0,0,0,0,0,0,0,0,0,0,0,0,0,0,0,0,0,0,0,0,0
3985,4486,80,0,61411,3708," Fiery Thirst",0,0,0,0,0,0,0,0,0,0,0,0,0,0,0,0,0,0,0,0,0,0,0,0
3986,4487,80,0,61411,3708," The Hero in Labyrinthos",0,0,0,0,0,0,0,0,0,0,0,0,0,0,0,0,0,0,0,0,0,0,0,0
3987,4488,80,0,61411,3708," Thick as Thieves",0,0,0,0,0,0,0,0,0,0,0,0,0,0,0,0,0,0,0,0,0,0,0,0
3988,4815,80,0,61419,3706,"A Request of One's Own",0,0,0,0,0,0,0,0,0,0,0,0,0,0,0,0,0,0,0,0,0,0,0,0
3989,4816,80,0,61419,3708,"The Pride of Labyrinthos",3230,0,0,0,0,0,0,0,0,0,0,0,0,0,0,0,0,0,0,0,0,0,0,0
3990,4176,80,0,61419,3706,"The Hunt for Specimens",0,0,0,0,0,0,0,0,0,0,0,0,0,0,0,0,0,0,0,0,0,0,0,0
3991,4177,83,0,61419,3706,"That Specimen Came from the Moon",0,0,0,0,0,0,0,0,0,0,0,0,0,0,0,0,0,0,0,0,0,0,0,0
3992,4178,89,0,61419,3706,"A Hunt for the Ages",0,0,0,0,0,0,0,0,0,0,0,0,0,0,0,0,0,0,0,0,0,0,0,0
3993,4179,90,0,61419,3706,"Perfect Specimens",0,0,0,0,0,0,0,0,0,0,0,0,0,0,0,0,0,0,0,0,0,0,0,0
3994,4196,80,0,61411,3709," Fruit Savior",0,0,0,0,0,0,0,0,0,0,0,0,0,0,0,0,0,0,0,0,0,0,0,0
3995,4197,80,0,61411,3709," Shelling Out",0,0,0,0,0,0,0,0,0,0,0,0,0,0,0,0,0,0,0,0,0,0,0,0
3996,4198,80,0,61411,3709," Tikka Hike",0,0,0,0,0,0,0,0,0,0,0,0,0,0,0,0,0,0,0,0,0,0,0,0
3997,4489,80,0,61419,3709," Steppe Child",0,0,0,0,0,0,0,0,0,0,0,0,0,0,0,0,0,0,0,0,0,0,0,0
3998,4490,80,0,61419,3709," The Matanga along the Way",0,0,0,0,0,0,0,0,0,0,0,0,0,0,0,0,0,0,0,0,0,0,0,0
3999,4491,80,0,61419,3709," Ogul Repays Her Favors",0,0,0,0,0,0,0,0,0,0,0,0,0,0,0,0,0,0,0,0,0,0,0,0
4000,4492,80,0,61419,3709," The Yedlihmad Hunt",0,0,0,0,0,0,0,0,0,0,0,0,0,0,0,0,0,0,0,0,0,0,0,0
4001,4199,80,0,61411,3709," The Great Heist",0,0,0,0,0,0,0,0,0,0,0,0,0,0,0,0,0,0,0,0,0,0,0,0
4002,4200,80,0,61411,3709," Wish Upon a Crystal",0,0,0,0,0,0,0,0,0,0,0,0,0,0,0,0,0,0,0,0,0,0,0,0
4003,4201,80,0,61411,3709," High Importance, Low Urgency",0,0,0,0,0,0,0,0,0,0,0,0,0,0,0,0,0,0,0,0,0,0,0,0
4004,4202,80,0,61411,3709," Paint, Perfume, and Pecs",0,0,0,0,0,0,0,0,0,0,0,0,0,0,0,0,0,0,0,0,0,0,0,0
4005,4203,80,0,61419,3709," Alchemist or Dancer",0,0,0,0,0,0,0,0,0,0,0,0,0,0,0,0,0,0,0,0,0,0,0,0
4006,4204,80,0,61411,3709," A Nose for Trouble",0,0,0,0,0,0,0,0,0,0,0,0,0,0,0,0,0,0,0,0,0,0,0,0
4007,4205,80,0,61411,3709," Missing Alchemist",0,0,0,0,0,0,0,0,0,0,0,0,0,0,0,0,0,0,0,0,0,0,0,0
4008,4206,80,0,61411,3709," Hamsa Retrieval",0,0,0,0,0,0,0,0,0,0,0,0,0,0,0,0,0,0,0,0,0,0,0,0
4009,4207,80,0,61411,3709," High Hopes for the Hatchery",0,0,0,0,0,0,0,0,0,0,0,0,0,0,0,0,0,0,0,0,0,0,0,0
4010,4208,80,0,61411,3709," Cutting Edge Solutions",0,0,0,0,0,0,0,0,0,0,0,0,0,0,0,0,0,0,0,0,0,0,0,0
4011,4209,80,0,61411,3709," Rushing up That Hill",0,0,0,0,0,0,0,0,0,0,0,0,0,0,0,0,0,0,0,0,0,0,0,0
4012,4256,80,0,61411,3709," The Guardian's Shield",0,0,0,0,0,0,0,0,0,0,0,0,0,0,0,0,0,0,0,0,0,0,0,0
4013,4257,80,0,61419,3709," In Agama's Footsteps",0,0,0,0,0,0,0,0,0,0,0,0,0,0,0,0,0,0,0,0,0,0,0,0
4014,4259,80,0,61419,3709," Radiant Patrol",0,0,0,0,0,0,0,0,0,0,0,0,0,0,0,0,0,0,0,0,0,0,0,0
4015,4263,80,0,61411,3709," Flowers for the Family",0,0,0,0,0,0,0,0,0,0,0,0,0,0,0,0,0,0,0,0,0,0,0,0
4016,4264,80,0,61411,3709," My Father My Fisher",0,0,0,0,0,0,0,0,0,0,0,0,0,0,0,0,0,0,0,0,0,0,0,0
4017,4268,80,0,61411,3709," An Unexpected Guide",0,0,0,0,0,0,0,0,0,0,0,0,0,0,0,0,0,0,0,0,0,0,0,0
4018,4258,80,0,61411,3709," Quick Heels",0,0,0,0,0,0,0,0,0,0,0,0,0,0,0,0,0,0,0,0,0,0,0,0
4019,4262,80,0,61411,3709," My Friend the Yeti",0,0,0,0,0,0,0,0,0,0,0,0,0,0,0,0,0,0,0,0,0,0,0,0
4020,4265,80,0,61411,3709," A Pisaca's Purpose",0,0,0,0,0,0,0,0,0,0,0,0,0,0,0,0,0,0,0,0,0,0,0,0
4021,4266,80,0,61411,3709," Tea Foretell",0,0,0,0,0,0,0,0,0,0,0,0,0,0,0,0,0,0,0,0,0,0,0,0
4022,4267,80,0,61411,3709," Dreams of Venom",0,0,0,0,0,0,0,0,0,0,0,0,0,0,0,0,0,0,0,0,0,0,0,0
4023,4260,80,0,61411,3709," Treasure Hunters",0,0,0,0,0,0,0,0,0,0,0,0,0,0,0,0,0,0,0,0,0,0,0,0
4024,4261,80,0,61411,3709," Curry for the Watch",0,0,0,0,0,0,0,0,0,0,0,0,0,0,0,0,0,0,0,0,0,0,0,0
4025,4493,80,0,61419,3709," What's in a Parent",0,0,0,0,0,0,0,0,0,0,0,0,0,0,0,0,0,0,0,0,0,0,0,0
4026,4494,80,0,61419,3709," Curing What Ails",0,0,0,0,0,0,0,0,0,0,0,0,0,0,0,0,0,0,0,0,0,0,0,0
4027,4495,80,0,61419,3709," The Sins We Bear",0,0,0,0,0,0,0,0,0,0,0,0,0,0,0,0,0,0,0,0,0,0,0,0
4028,4496,80,0,61419,3709," Societal Alchemy",0,0,0,0,0,0,0,0,0,0,0,0,0,0,0,0,0,0,0,0,0,0,0,0
4029,4497,80,0,61419,3709," A Budding Adventure",0,0,0,0,0,0,0,0,0,0,0,0,0,0,0,0,0,0,0,0,0,0,0,0
4030,4269,80,0,61411,3707," A Bond Eternal",0,0,0,0,0,0,0,0,0,0,0,0,0,0,0,0,0,0,0,0,0,0,0,0
4031,4270,80,0,61411,3707," A Gift of Flowers",0,0,0,0,0,0,0,0,0,0,0,0,0,0,0,0,0,0,0,0,0,0,0,0
4032,4271,80,0,61411,3707," Tidings from Afar",0,0,0,0,0,0,0,0,0,0,0,0,0,0,0,0,0,0,0,0,0,0,0,0
4033,4272,80,0,61411,3707," The Pangs of Hunger",0,0,0,0,0,0,0,0,0,0,0,0,0,0,0,0,0,0,0,0,0,0,0,0
4034,4273,80,0,61411,3707," Silks for a Babe",0,0,0,0,0,0,0,0,0,0,0,0,0,0,0,0,0,0,0,0,0,0,0,0
4035,4274,80,0,61411,3707," Hungry Hungry Hamsa",0,0,0,0,0,0,0,0,0,0,0,0,0,0,0,0,0,0,0,0,0,0,0,0
4036,4275,80,0,61411,3707," Operation Ring Retrieval",0,0,0,0,0,0,0,0,0,0,0,0,0,0,0,0,0,0,0,0,0,0,0,0
4037,4173,90,0,61419,3707,"A Place to Train",0,0,0,0,0,0,0,0,0,0,0,0,0,0,0,0,0,0,0,0,0,0,0,0
4038,4219,80,0,61411,3710," Your Inventory Is Not Full",0,0,0,0,0,0,0,0,0,0,0,0,0,0,0,0,0,0,0,0,0,0,0,0
4039,4223,80,0,61411,3710," Bear Baiting",0,0,0,0,0,0,0,0,0,0,0,0,0,0,0,0,0,0,0,0,0,0,0,0
4040,4221,80,0,61411,3710," Heroes All",0,0,0,0,0,0,0,0,0,0,0,0,0,0,0,0,0,0,0,0,0,0,0,0
4041,4224,80,0,61411,3710," Under Lock and Code",0,0,0,0,0,0,0,0,0,0,0,0,0,0,0,0,0,0,0,0,0,0,0,0
4042,4220,80,0,61411,3710," Help Me to Help You",0,0,0,0,0,0,0,0,0,0,0,0,0,0,0,0,0,0,0,0,0,0,0,0
4043,4222,80,0,61411,3710," Scouting for Scouts",0,0,0,0,0,0,0,0,0,0,0,0,0,0,0,0,0,0,0,0,0,0,0,0
4044,4216,80,0,61419,3710," Best Delivered Cold",0,0,0,0,0,0,0,0,0,0,0,0,0,0,0,0,0,0,0,0,0,0,0,0
4045,4217,80,0,61411,3710," Armored Up",0,0,0,0,0,0,0,0,0,0,0,0,0,0,0,0,0,0,0,0,0,0,0,0
4046,4218,80,0,61411,3710," A Dream of Home",0,0,0,0,0,0,0,0,0,0,0,0,0,0,0,0,0,0,0,0,0,0,0,0
4047,4498,80,0,61419,3710," In Pursuit of Power",0,0,0,0,0,0,0,0,0,0,0,0,0,0,0,0,0,0,0,0,0,0,0,0
4048,4499,80,0,61411,3710," Camp Broken Engines",0,0,0,0,0,0,0,0,0,0,0,0,0,0,0,0,0,0,0,0,0,0,0,0
4049,4500,80,0,61411,3710," Operation: Reactivation",0,0,0,0,0,0,0,0,0,0,0,0,0,0,0,0,0,0,0,0,0,0,0,0
4050,4501,80,0,61411,3710," Energy for All",0,0,0,0,0,0,0,0,0,0,0,0,0,0,0,0,0,0,0,0,0,0,0,0
4051,4225,80,0,61411,3710," And Then a Hero Comes Along",0,0,0,0,0,0,0,0,0,0,0,0,0,0,0,0,0,0,0,0,0,0,0,0
4052,4226,80,0,61411,3710," With Folded Hands",0,0,0,0,0,0,0,0,0,0,0,0,0,0,0,0,0,0,0,0,0,0,0,0
4053,4227,80,0,61411,3710," A Light That Never Goes Out",0,0,0,0,0,0,0,0,0,0,0,0,0,0,0,0,0,0,0,0,0,0,0,0
4054,4228,80,0,61411,3710," P.S. I Love You",0,0,0,0,0,0,0,0,0,0,0,0,0,0,0,0,0,0,0,0,0,0,0,0
4055,4229,80,0,61411,3710," Brick by Brick, Tank by Tank",0,0,0,0,0,0,0,0,0,0,0,0,0,0,0,0,0,0,0,0,0,0,0,0
4056,4230,80,0,61411,3710," Rest, Thy Warfare O'er",0,0,0,0,0,0,0,0,0,0,0,0,0,0,0,0,0,0,0,0,0,0,0,0
4057,4231,80,0,61411,3710," Some Like It Hot",0,0,0,0,0,0,0,0,0,0,0,0,0,0,0,0,0,0,0,0,0,0,0,0
4058,4232,80,0,61419,3710," Children Are Our Future",0,0,0,0,0,0,0,0,0,0,0,0,0,0,0,0,0,0,0,0,0,0,0,0
4059,4233,80,0,61411,3710," Mama, She Is in Rubble Deep",0,0,0,0,0,0,0,0,0,0,0,0,0,0,0,0,0,0,0,0,0,0,0,0
4060,4234,80,0,61411,3710," Put Your Plasma Where Your Mouth Is",0,0,0,0,0,0,0,0,0,0,0,0,0,0,0,0,0,0,0,0,0,0,0,0
4061,4235,80,0,61411,3710," The Hero Never Bombs",0,0,0,0,0,0,0,0,0,0,0,0,0,0,0,0,0,0,0,0,0,0,0,0
4062,4236,80,0,61411,3710," Beasts of the Imperial Wild",0,0,0,0,0,0,0,0,0,0,0,0,0,0,0,0,0,0,0,0,0,0,0,0
4063,4237,80,0,61411,3710," Ordnance Cleanup Committee",0,0,0,0,0,0,0,0,0,0,0,0,0,0,0,0,0,0,0,0,0,0,0,0
4064,4238,80,0,61411,3710," A Place of Greater Safety",0,0,0,0,0,0,0,0,0,0,0,0,0,0,0,0,0,0,0,0,0,0,0,0
4065,4239,80,0,61411,3710," In the Skies above Garlemald",0,0,0,0,0,0,0,0,0,0,0,0,0,0,0,0,0,0,0,0,0,0,0,0
4066,4502,80,0,61419,3710," Stranded at the Station",0,0,0,0,0,0,0,0,0,0,0,0,0,0,0,0,0,0,0,0,0,0,0,0
4067,4503,80,0,61411,3710," Longing for Home",0,0,0,0,0,0,0,0,0,0,0,0,0,0,0,0,0,0,0,0,0,0,0,0
4068,4504,80,0,61411,3710," Palatial Possibilities",0,0,0,0,0,0,0,0,0,0,0,0,0,0,0,0,0,0,0,0,0,0,0,0
4069,4505,80,0,61411,3710," Mum Is the Word",0,0,0,0,0,0,0,0,0,0,0,0,0,0,0,0,0,0,0,0,0,0,0,0
4070,4506,80,0,61411,3710," Who Is Your Daddy",0,0,0,0,0,0,0,0,0,0,0,0,0,0,0,0,0,0,0,0,0,0,0,0
4071,4240,80,0,61419,3711," True Carrot Crimes",0,0,0,0,0,0,0,0,0,0,0,0,0,0,0,0,0,0,0,0,0,0,0,0
4072,4241,80,0,61419,3711," Carrots: It's What's for Dinner",0,0,0,0,0,0,0,0,0,0,0,0,0,0,0,0,0,0,0,0,0,0,0,0
4073,4242,80,0,61411,3711," A Strange New Moon",0,0,0,0,0,0,0,0,0,0,0,0,0,0,0,0,0,0,0,0,0,0,0,0
4074,4243,80,0,61411,3711," Getting to Know You",0,0,0,0,0,0,0,0,0,0,0,0,0,0,0,0,0,0,0,0,0,0,0,0
4075,4244,80,0,61411,3711," Over the Rainbow Crystal",0,0,0,0,0,0,0,0,0,0,0,0,0,0,0,0,0,0,0,0,0,0,0,0
4076,4245,80,0,61411,3711," All Fun and Games",0,0,0,0,0,0,0,0,0,0,0,0,0,0,0,0,0,0,0,0,0,0,0,0
4077,4246,80,0,61411,3711," Clothes Maketh the Man",0,0,0,0,0,0,0,0,0,0,0,0,0,0,0,0,0,0,0,0,0,0,0,0
4078,4247,80,0,61411,3711," A Test of Mettle",0,0,0,0,0,0,0,0,0,0,0,0,0,0,0,0,0,0,0,0,0,0,0,0
4079,4248,80,0,61411,3711," Unfortunate Fortune-telling",0,0,0,0,0,0,0,0,0,0,0,0,0,0,0,0,0,0,0,0,0,0,0,0
4080,4249,80,0,61411,3711," Dangerous Work",0,0,0,0,0,0,0,0,0,0,0,0,0,0,0,0,0,0,0,0,0,0,0,0
4081,4250,80,0,61411,3711," Material Woes",0,0,0,0,0,0,0,0,0,0,0,0,0,0,0,0,0,0,0,0,0,0,0,0
4082,4251,80,0,61411,3711," For a Greater Garden",0,0,0,0,0,0,0,0,0,0,0,0,0,0,0,0,0,0,0,0,0,0,0,0
4083,4252,80,0,61411,3711," Lone Loporrit",0,0,0,0,0,0,0,0,0,0,0,0,0,0,0,0,0,0,0,0,0,0,0,0
4084,4253,80,0,61419,3711," Alluring Allag",0,0,0,0,0,0,0,0,0,0,0,0,0,0,0,0,0,0,0,0,0,0,0,0
4085,4254,80,0,61411,3711," Overexcited Admirer",0,0,0,0,0,0,0,0,0,0,0,0,0,0,0,0,0,0,0,0,0,0,0,0
4086,4255,80,0,61411,3711," Troubled Waters",0,0,0,0,0,0,0,0,0,0,0,0,0,0,0,0,0,0,0,0,0,0,0,0
4087,4516,80,0,61419,3711," Name That Way",0,0,0,0,0,0,0,0,0,0,0,0,0,0,0,0,0,0,0,0,0,0,0,0
4088,4517,80,0,61419,3711," A Way to Make a Living",0,0,0,0,0,0,0,0,0,0,0,0,0,0,0,0,0,0,0,0,0,0,0,0
4089,4518,80,0,61419,3711," One Way or Another",0,0,0,0,0,0,0,0,0,0,0,0,0,0,0,0,0,0,0,0,0,0,0,0
4090,4519,80,0,61419,3711," Dream a Little Dream",0,0,0,0,0,0,0,0,0,0,0,0,0,0,0,0,0,0,0,0,0,0,0,0
4091,4276,80,0,61411,3713," The Ore the Merrier",0,0,0,0,0,0,0,0,0,0,0,0,0,0,0,0,0,0,0,0,0,0,0,0
4092,4277,80,0,61411,3713," A Colorful Concept",0,0,0,0,0,0,0,0,0,0,0,0,0,0,0,0,0,0,0,0,0,0,0,0
4093,4278,80,0,61411,3713," Digestive Problems",0,0,0,0,0,0,0,0,0,0,0,0,0,0,0,0,0,0,0,0,0,0,0,0
4094,4279,80,0,61411,3713," Nothing to Sneeze At",0,0,0,0,0,0,0,0,0,0,0,0,0,0,0,0,0,0,0,0,0,0,0,0
4095,4280,80,0,61411,3713," Sweet Temptations",0,0,0,0,0,0,0,0,0,0,0,0,0,0,0,0,0,0,0,0,0,0,0,0
4096,4281,80,0,61411,3713," Breaking the Eyes",0,0,0,0,0,0,0,0,0,0,0,0,0,0,0,0,0,0,0,0,0,0,0,0
4097,4282,80,0,61411,3713," Kick Some Asp",0,0,0,0,0,0,0,0,0,0,0,0,0,0,0,0,0,0,0,0,0,0,0,0
4098,4283,80,0,61411,3713," Clutch Devastation",0,0,0,0,0,0,0,0,0,0,0,0,0,0,0,0,0,0,0,0,0,0,0,0
4099,4284,80,0,61411,3713," Second Guest",0,0,0,0,0,0,0,0,0,0,0,0,0,0,0,0,0,0,0,0,0,0,0,0
4100,4285,80,0,61411,3713," Labors of My Fruit",0,0,0,0,0,0,0,0,0,0,0,0,0,0,0,0,0,0,0,0,0,0,0,0
4101,4286,80,0,61411,3713," I Order You to Relax",0,0,0,0,0,0,0,0,0,0,0,0,0,0,0,0,0,0,0,0,0,0,0,0
4102,4287,80,0,61411,3713," We'll Meet Again",0,0,0,0,0,0,0,0,0,0,0,0,0,0,0,0,0,0,0,0,0,0,0,0
4103,4507,80,0,61419,3713," Touring Anagnorisis, Part I",0,0,0,0,0,0,0,0,0,0,0,0,0,0,0,0,0,0,0,0,0,0,0,0
4104,4508,80,0,61411,3713," Touring Anagnorisis, Part II",0,0,0,0,0,0,0,0,0,0,0,0,0,0,0,0,0,0,0,0,0,0,0,0
4105,4509,80,0,61411,3713," Familiar Food",0,0,0,0,0,0,0,0,0,0,0,0,0,0,0,0,0,0,0,0,0,0,0,0
4106,4510,80,0,61411,3713," Familiar Fate",0,0,0,0,0,0,0,0,0,0,0,0,0,0,0,0,0,0,0,0,0,0,0,0
4107,4288,80,0,61419,3713," You and the Ailouros",0,0,0,0,0,0,0,0,0,0,0,0,0,0,0,0,0,0,0,0,0,0,0,0
4108,4289,80,0,61411,3713," Sing, O Mews",0,0,0,0,0,0,0,0,0,0,0,0,0,0,0,0,0,0,0,0,0,0,0,0
4109,4290,80,0,61411,3713," Beg Pardon?",0,0,0,0,0,0,0,0,0,0,0,0,0,0,0,0,0,0,0,0,0,0,0,0
4110,4291,80,0,61411,3713," Unresolved Mysteries",0,0,0,0,0,0,0,0,0,0,0,0,0,0,0,0,0,0,0,0,0,0,0,0
4111,4292,80,0,61411,3713," Every Rose",0,0,0,0,0,0,0,0,0,0,0,0,0,0,0,0,0,0,0,0,0,0,0,0
4112,4293,80,0,61411,3713," Wonder-full",0,0,0,0,0,0,0,0,0,0,0,0,0,0,0,0,0,0,0,0,0,0,0,0
4113,4294,80,0,61411,3713," Background Research",0,0,0,0,0,0,0,0,0,0,0,0,0,0,0,0,0,0,0,0,0,0,0,0
4114,4295,80,0,61411,3713," Coming to Gryps",0,0,0,0,0,0,0,0,0,0,0,0,0,0,0,0,0,0,0,0,0,0,0,0
4115,4296,80,0,61411,3713," Small Size Advantage",0,0,0,0,0,0,0,0,0,0,0,0,0,0,0,0,0,0,0,0,0,0,0,0
4116,4297,80,0,61411,3713," Take to the Skies",0,0,0,0,0,0,0,0,0,0,0,0,0,0,0,0,0,0,0,0,0,0,0,0
4117,4298,80,0,61411,3713," Naughty Little Ones",0,0,0,0,0,0,0,0,0,0,0,0,0,0,0,0,0,0,0,0,0,0,0,0
4118,4299,80,0,61411,3713," Floating Like Clouds",0,0,0,0,0,0,0,0,0,0,0,0,0,0,0,0,0,0,0,0,0,0,0,0
4119,4300,80,0,61411,3713," Familiar vs. Familiar",0,0,0,0,0,0,0,0,0,0,0,0,0,0,0,0,0,0,0,0,0,0,0,0
4120,4301,80,0,61411,3713," What's in a Name?",0,0,0,0,0,0,0,0,0,0,0,0,0,0,0,0,0,0,0,0,0,0,0,0
4121,4302,80,0,61411,3713," Siren Flower",0,0,0,0,0,0,0,0,0,0,0,0,0,0,0,0,0,0,0,0,0,0,0,0
4122,4303,80,0,61411,3713," Searching for Eidos",0,0,0,0,0,0,0,0,0,0,0,0,0,0,0,0,0,0,0,0,0,0,0,0
4123,4304,80,0,61411,3713," To Name a Tale",0,0,0,0,0,0,0,0,0,0,0,0,0,0,0,0,0,0,0,0,0,0,0,0
4124,4305,80,0,61411,3713," Meaningful Measurements",0,0,0,0,0,0,0,0,0,0,0,0,0,0,0,0,0,0,0,0,0,0,0,0
4125,4306,80,0,61411,3713," Specializing in Sharks",0,0,0,0,0,0,0,0,0,0,0,0,0,0,0,0,0,0,0,0,0,0,0,0
4126,4307,80,0,61411,3713," Woken by the Familiar",0,0,0,0,0,0,0,0,0,0,0,0,0,0,0,0,0,0,0,0,0,0,0,0
4127,4308,80,0,61411,3713," The Abyss Stares Back",0,0,0,0,0,0,0,0,0,0,0,0,0,0,0,0,0,0,0,0,0,0,0,0
4128,4309,80,0,61411,3713," Rolling Bryons Gather No Moss",0,0,0,0,0,0,0,0,0,0,0,0,0,0,0,0,0,0,0,0,0,0,0,0
4129,4310,80,0,61411,3713," Very Familiar Carrots",0,0,0,0,0,0,0,0,0,0,0,0,0,0,0,0,0,0,0,0,0,0,0,0
4130,4311,80,0,61411,3713," Flight of the Charybdis",0,0,0,0,0,0,0,0,0,0,0,0,0,0,0,0,0,0,0,0,0,0,0,0
4131,4312,80,0,61411,3713," A Most Succulent Name",0,0,0,0,0,0,0,0,0,0,0,0,0,0,0,0,0,0,0,0,0,0,0,0
4132,4313,80,0,61419,3713," The Perks of Being a Lost Flower ",0,0,0,0,0,0,0,0,0,0,0,0,0,0,0,0,0,0,0,0,0,0,0,0
4133,4314,80,0,61411,3713," Taking the Minutes: Ktisis Hyperboreia",0,0,0,0,0,0,0,0,0,0,0,0,0,0,0,0,0,0,0,0,0,0,0,0
4134,4315,80,0,61411,3713," Terror on Two Legs",0,0,0,0,0,0,0,0,0,0,0,0,0,0,0,0,0,0,0,0,0,0,0,0
4135,4511,80,0,61419,3713," An Expected Guest",0,0,0,0,0,0,0,0,0,0,0,0,0,0,0,0,0,0,0,0,0,0,0,0
4136,4512,80,0,61411,3713," A Better Batrachoi",0,0,0,0,0,0,0,0,0,0,0,0,0,0,0,0,0,0,0,0,0,0,0,0
4137,4513,80,0,61411,3713," Meekly Majestic",0,0,0,0,0,0,0,0,0,0,0,0,0,0,0,0,0,0,0,0,0,0,0,0
4138,4514,80,0,61411,3713," Unleash the Beast",0,0,0,0,0,0,0,0,0,0,0,0,0,0,0,0,0,0,0,0,0,0,0,0
4139,4515,80,0,61411,3713," Methods of Mourning",0,0,0,0,0,0,0,0,0,0,0,0,0,0,0,0,0,0,0,0,0,0,0,0
4140,4339,80,0,61411,3712," The Sound of Fear",0,0,0,0,0,0,0,0,0,0,0,0,0,0,0,0,0,0,0,0,0,0,0,0
4141,4337,80,0,61411,3712," Futures Lost",0,0,0,0,0,0,0,0,0,0,0,0,0,0,0,0,0,0,0,0,0,0,0,0
4142,4338,80,0,61411,3712," That Once Rang Clear",0,0,0,0,0,0,0,0,0,0,0,0,0,0,0,0,0,0,0,0,0,0,0,0
4143,4340,80,0,61411,3712," Stars Like Gems",0,0,0,0,0,0,0,0,0,0,0,0,0,0,0,0,0,0,0,0,0,0,0,0
4144,4341,80,0,61411,3712," Aimless Protector",0,0,0,0,0,0,0,0,0,0,0,0,0,0,0,0,0,0,0,0,0,0,0,0
4145,4348,80,0,61411,3712," Left Alive",0,0,0,0,0,0,0,0,0,0,0,0,0,0,0,0,0,0,0,0,0,0,0,0
4146,4349,80,0,61411,3712," Loud and Proud",0,0,0,0,0,0,0,0,0,0,0,0,0,0,0,0,0,0,0,0,0,0,0,0
4147,4350,80,0,61411,3712," A Parent's Love",0,0,0,0,0,0,0,0,0,0,0,0,0,0,0,0,0,0,0,0,0,0,0,0
4148,4342,80,0,61419,3712," Ending as One",0,0,0,0,0,0,0,0,0,0,0,0,0,0,0,0,0,0,0,0,0,0,0,0
4149,4343,80,0,61411,3712," Final Words, Final Thoughts",0,0,0,0,0,0,0,0,0,0,0,0,0,0,0,0,0,0,0,0,0,0,0,0
4150,4344,80,0,61411,3712," Come Back to Us",0,0,0,0,0,0,0,0,0,0,0,0,0,0,0,0,0,0,0,0,0,0,0,0
4151,4345,80,0,61411,3712," Eat Like an Ea",0,0,0,0,0,0,0,0,0,0,0,0,0,0,0,0,0,0,0,0,0,0,0,0
4152,4346,80,0,61419,3712," A Most Stimulating Discussion",0,0,0,0,0,0,0,0,0,0,0,0,0,0,0,0,0,0,0,0,0,0,0,0
4153,4347,80,0,61411,3712," The Body Beautiful",0,0,0,0,0,0,0,0,0,0,0,0,0,0,0,0,0,0,0,0,0,0,0,0
4154,4351,80,0,61411,3712," Remember Me",0,0,0,0,0,0,0,0,0,0,0,0,0,0,0,0,0,0,0,0,0,0,0,0
4155,4352,80,0,61411,3712," Bodily Curiosity",0,0,0,0,0,0,0,0,0,0,0,0,0,0,0,0,0,0,0,0,0,0,0,0
4156,4353,80,0,61411,3712," A Life of Regret",0,0,0,0,0,0,0,0,0,0,0,0,0,0,0,0,0,0,0,0,0,0,0,0
4157,4354,80,0,61419,3712," Combat Evolved",0,0,0,0,0,0,0,0,0,0,0,0,0,0,0,0,0,0,0,0,0,0,0,0
4158,4355,80,0,61419,3712," Learn to Love",0,0,0,0,0,0,0,0,0,0,0,0,0,0,0,0,0,0,0,0,0,0,0,0
4159,4356,80,0,61411,3712," Work Woes",0,0,0,0,0,0,0,0,0,0,0,0,0,0,0,0,0,0,0,0,0,0,0,0
4160,5469,1,0,61411,4504,"The Wing Spirit Cometh",0,0,0,0,0,0,0,0,0,0,0,0,0,0,0,0,0,0,0,0,0,0,0,0
4161,5017,90,0,61411,4504," The Many Multitudes of Mamool Ja",0,0,0,0,0,0,0,0,0,0,0,0,0,0,0,0,0,0,0,0,0,0,0,0
4162,5018,90,0,61411,4504," How Far He'll Go",0,0,0,0,0,0,0,0,0,0,0,0,0,0,0,0,0,0,0,0,0,0,0,0
4163,5019,90,0,61411,4504," Culinary Import",0,0,0,0,0,0,0,0,0,0,0,0,0,0,0,0,0,0,0,0,0,0,0,0
4164,5020,90,0,61411,4504," Corn of Necessity",0,0,0,0,0,0,0,0,0,0,0,0,0,0,0,0,0,0,0,0,0,0,0,0
4165,5021,90,0,61411,4504," Painter on the Hill",0,0,0,0,0,0,0,0,0,0,0,0,0,0,0,0,0,0,0,0,0,0,0,0
4166,5022,90,0,61411,4504," For Whom the Drum Beats",0,0,0,0,0,0,0,0,0,0,0,0,0,0,0,0,0,0,0,0,0,0,0,0
4167,5023,90,0,61411,4504," Special Orders, Special Deliveries",0,0,0,0,0,0,0,0,0,0,0,0,0,0,0,0,0,0,0,0,0,0,0,0
4168,5024,90,0,61411,4504," Mulch Ado About Nothing",0,0,0,0,0,0,0,0,0,0,0,0,0,0,0,0,0,0,0,0,0,0,0,0
4169,5025,90,0,61411,4504," Ferocious Beasts on Foreign Shores",0,0,0,0,0,0,0,0,0,0,0,0,0,0,0,0,0,0,0,0,0,0,0,0
4170,5026,90,0,61411,4504," Once a Riddler, Now a Ruler",0,0,0,0,0,0,0,0,0,0,0,0,0,0,0,0,0,0,0,0,0,0,0,0
4171,5027,90,0,61411,4504," A Trying Breed",0,0,0,0,0,0,0,0,0,0,0,0,0,0,0,0,0,0,0,0,0,0,0,0
4172,5028,90,0,61411,4504," Of Crates and Correspondence",0,0,0,0,0,0,0,0,0,0,0,0,0,0,0,0,0,0,0,0,0,0,0,0
4173,5029,90,0,61411,4504," Guilding the Lily",0,0,0,0,0,0,0,0,0,0,0,0,0,0,0,0,0,0,0,0,0,0,0,0
4174,5307,100,0,61411,4504,"When Death Comes to Dinner",0,0,0,0,0,0,0,0,0,0,0,0,0,0,0,0,0,0,0,0,0,0,0,0
4175,5009,90,0,61419,4504,"A New Dawn, a New Hunt",0,0,0,0,0,0,0,0,0,0,0,0,0,0,0,0,0,0,0,0,0,0,0,0
4176,5010,94,0,61419,4504,"Why We Hunt",0,0,0,0,0,0,0,0,0,0,0,0,0,0,0,0,0,0,0,0,0,0,0,0
4177,5011,99,0,61419,4504,"Hunting the Hunter",0,0,0,0,0,0,0,0,0,0,0,0,0,0,0,0,0,0,0,0,0,0,0,0
4178,5012,100,0,61419,4504,"The Hunt Goes On",0,0,0,0,0,0,0,0,0,0,0,0,0,0,0,0,0,0,0,0,0,0,0,0
4179,5013,100,0,61419,4504,"It Belongs in a Museum",0,0,0,0,0,0,0,0,0,0,0,0,0,0,0,0,0,0,0,0,0,0,0,0
4180,5030,90,0,61411,4505," An Unlikely Inspector",0,0,0,0,0,0,0,0,0,0,0,0,0,0,0,0,0,0,0,0,0,0,0,0
4181,5031,90,0,61411,4505," The Carmine Secret",0,0,0,0,0,0,0,0,0,0,0,0,0,0,0,0,0,0,0,0,0,0,0,0
4182,5032,90,0,61411,4505," Dirty Dancing",0,0,0,0,0,0,0,0,0,0,0,0,0,0,0,0,0,0,0,0,0,0,0,0
4183,5033,90,0,61411,4505," Gone Doll",0,0,0,0,0,0,0,0,0,0,0,0,0,0,0,0,0,0,0,0,0,0,0,0
4184,5034,90,0,61411,4505," A Blend for Every Taste",0,0,0,0,0,0,0,0,0,0,0,0,0,0,0,0,0,0,0,0,0,0,0,0
4185,5035,90,0,61411,4505," Mate is the Medicine",0,0,0,0,0,0,0,0,0,0,0,0,0,0,0,0,0,0,0,0,0,0,0,0
4186,5036,90,0,61411,4505," The Reeking Robber",0,0,0,0,0,0,0,0,0,0,0,0,0,0,0,0,0,0,0,0,0,0,0,0
4187,5037,90,0,61411,4505," A Sordid Situation",0,0,0,0,0,0,0,0,0,0,0,0,0,0,0,0,0,0,0,0,0,0,0,0
4188,5038,90,0,61411,4505," In Pursuit of Mezcal",0,0,0,0,0,0,0,0,0,0,0,0,0,0,0,0,0,0,0,0,0,0,0,0
4189,5039,90,0,61419,4505," A Traveler to the Rescue",0,0,0,0,0,0,0,0,0,0,0,0,0,0,0,0,0,0,0,0,0,0,0,0
4190,5040,90,0,61411,4505," Too Much of a Good Thing",0,0,0,0,0,0,0,0,0,0,0,0,0,0,0,0,0,0,0,0,0,0,0,0
4191,5051,90,0,61419,4505," A Crisis of Corruption",0,0,0,0,0,0,0,0,0,0,0,0,0,0,0,0,0,0,0,0,0,0,0,0
4192,5052,90,0,61419,4505," To Catch a Merchant",0,0,0,0,0,0,0,0,0,0,0,0,0,0,0,0,0,0,0,0,0,0,0,0
4193,5053,90,0,61419,4505," Finding Bait",0,0,0,0,0,0,0,0,0,0,0,0,0,0,0,0,0,0,0,0,0,0,0,0
4194,5054,90,0,61419,4505," Springing the Trap",0,0,0,0,0,0,0,0,0,0,0,0,0,0,0,0,0,0,0,0,0,0,0,0
4195,5041,90,0,61411,4505," Grandmother's Grave Gift",0,0,0,0,0,0,0,0,0,0,0,0,0,0,0,0,0,0,0,0,0,0,0,0
4196,5042,90,0,61411,4505," The Might Be Giant",0,0,0,0,0,0,0,0,0,0,0,0,0,0,0,0,0,0,0,0,0,0,0,0
4197,5043,90,0,61411,4505," Putting Out Fires",0,0,0,0,0,0,0,0,0,0,0,0,0,0,0,0,0,0,0,0,0,0,0,0
4198,5044,90,0,61411,4505," Paws off That Pigment",0,0,0,0,0,0,0,0,0,0,0,0,0,0,0,0,0,0,0,0,0,0,0,0
4199,5045,90,0,61411,4505," Big Wounds to Heal",0,0,0,0,0,0,0,0,0,0,0,0,0,0,0,0,0,0,0,0,0,0,0,0
4200,5046,90,0,61411,4505," A Tradition Best Preserved",0,0,0,0,0,0,0,0,0,0,0,0,0,0,0,0,0,0,0,0,0,0,0,0
4201,5047,90,0,61419,4505," An Illuminating Ritual",0,0,0,0,0,0,0,0,0,0,0,0,0,0,0,0,0,0,0,0,0,0,0,0
4202,5048,90,0,61411,4505," Soothing the Salty",0,0,0,0,0,0,0,0,0,0,0,0,0,0,0,0,0,0,0,0,0,0,0,0
4203,5049,90,0,61411,4505," The Biggest Sucker",0,0,0,0,0,0,0,0,0,0,0,0,0,0,0,0,0,0,0,0,0,0,0,0
4204,5050,90,0,61411,4505," Bearing Fruit",0,0,0,0,0,0,0,0,0,0,0,0,0,0,0,0,0,0,0,0,0,0,0,0
4205,5055,90,0,61419,4505," The Flame Burns No More",0,0,0,0,0,0,0,0,0,0,0,0,0,0,0,0,0,0,0,0,0,0,0,0
4206,5056,90,0,61419,4505," Sparks of Joy",0,0,0,0,0,0,0,0,0,0,0,0,0,0,0,0,0,0,0,0,0,0,0,0
4207,5057,90,0,61419,4505," A Giant's Footsteps",0,0,0,0,0,0,0,0,0,0,0,0,0,0,0,0,0,0,0,0,0,0,0,0
4208,5058,90,0,61419,4505," Resolve Reignited",0,0,0,0,0,0,0,0,0,0,0,0,0,0,0,0,0,0,0,0,0,0,0,0
4209,5059,90,0,61419,4505," Brains and Brawn",0,0,0,0,0,0,0,0,0,0,0,0,0,0,0,0,0,0,0,0,0,0,0,0
4210,5060,90,0,61411,4506," A Strong Foundation",0,0,0,0,0,0,0,0,0,0,0,0,0,0,0,0,0,0,0,0,0,0,0,0
4211,5061,90,0,61411,4506," Molting Season",0,0,0,0,0,0,0,0,0,0,0,0,0,0,0,0,0,0,0,0,0,0,0,0
4212,5062,90,0,61411,4506," Danger at the Dock",0,0,0,0,0,0,0,0,0,0,0,0,0,0,0,0,0,0,0,0,0,0,0,0
4213,5063,90,0,61411,4506," Reeding the Room",0,0,0,0,0,0,0,0,0,0,0,0,0,0,0,0,0,0,0,0,0,0,0,0
4214,5064,90,0,61419,4506," Ripe for the Offering",0,0,0,0,0,0,0,0,0,0,0,0,0,0,0,0,0,0,0,0,0,0,0,0
4215,5065,90,0,61411,4506," Secrets of the Wind",0,0,0,0,0,0,0,0,0,0,0,0,0,0,0,0,0,0,0,0,0,0,0,0
4216,5066,90,0,61411,4506," Leap into the Unknown",0,0,0,0,0,0,0,0,0,0,0,0,0,0,0,0,0,0,0,0,0,0,0,0
4217,5067,90,0,61411,4506," Mesmerizing Moss",0,0,0,0,0,0,0,0,0,0,0,0,0,0,0,0,0,0,0,0,0,0,0,0
4218,5068,90,0,61411,4506," Dry Run",0,0,0,0,0,0,0,0,0,0,0,0,0,0,0,0,0,0,0,0,0,0,0,0
4219,5069,90,0,61411,4506," Dumpling Delivery",0,0,0,0,0,0,0,0,0,0,0,0,0,0,0,0,0,0,0,0,0,0,0,0
4220,5070,90,0,61411,4506," Stretched Thin",0,0,0,0,0,0,0,0,0,0,0,0,0,0,0,0,0,0,0,0,0,0,0,0
4221,5081,90,0,61419,4506," Rite of the Wind's Chosen",0,0,0,0,0,0,0,0,0,0,0,0,0,0,0,0,0,0,0,0,0,0,0,0
4222,5082,90,0,61411,4506," One Feather at a Time",0,0,0,0,0,0,0,0,0,0,0,0,0,0,0,0,0,0,0,0,0,0,0,0
4223,5083,90,0,61411,4506," The Wind's Blessing",0,0,0,0,0,0,0,0,0,0,0,0,0,0,0,0,0,0,0,0,0,0,0,0
4224,5084,90,0,61411,4506," Nahanshe's Answer",0,0,0,0,0,0,0,0,0,0,0,0,0,0,0,0,0,0,0,0,0,0,0,0
4225,5071,90,0,61411,4506," Broken Vessels",0,0,0,0,0,0,0,0,0,0,0,0,0,0,0,0,0,0,0,0,0,0,0,0
4226,5073,90,0,61411,4506," Twinkle Twinkle Little Stones",0,0,0,0,0,0,0,0,0,0,0,0,0,0,0,0,0,0,0,0,0,0,0,0
4227,5076,90,0,61411,4506," Take a Powder",0,0,0,0,0,0,0,0,0,0,0,0,0,0,0,0,0,0,0,0,0,0,0,0
4228,5072,90,0,61411,4506," Pole Apart",0,0,0,0,0,0,0,0,0,0,0,0,0,0,0,0,0,0,0,0,0,0,0,0
4229,5074,90,0,61419,4506," Divine Inspiration",0,0,0,0,0,0,0,0,0,0,0,0,0,0,0,0,0,0,0,0,0,0,0,0
4230,5075,90,0,61411,4506," Water Colors",0,0,0,0,0,0,0,0,0,0,0,0,0,0,0,0,0,0,0,0,0,0,0,0
4231,5077,90,0,61411,4506," Pact Away",0,0,0,0,0,0,0,0,0,0,0,0,0,0,0,0,0,0,0,0,0,0,0,0
4232,5078,90,0,61411,4506," Last Call for Earthenshire",0,0,0,0,0,0,0,0,0,0,0,0,0,0,0,0,0,0,0,0,0,0,0,0
4233,5079,90,0,61411,4506," Many Fires, Many Mouths",0,0,0,0,0,0,0,0,0,0,0,0,0,0,0,0,0,0,0,0,0,0,0,0
4234,5080,90,0,61411,4506," Lost Property",0,0,0,0,0,0,0,0,0,0,0,0,0,0,0,0,0,0,0,0,0,0,0,0
4235,5085,90,0,61419,4506," All Good Potpacts Must Come to an End",0,0,0,0,0,0,0,0,0,0,0,0,0,0,0,0,0,0,0,0,0,0,0,0
4236,5086,90,0,61411,4506," Movamuq's Treasure",0,0,0,0,0,0,0,0,0,0,0,0,0,0,0,0,0,0,0,0,0,0,0,0
4237,5087,90,0,61411,4506," Helping the Helphand",0,0,0,0,0,0,0,0,0,0,0,0,0,0,0,0,0,0,0,0,0,0,0,0
4238,5088,90,0,61411,4506," Give as Good as You Get",0,0,0,0,0,0,0,0,0,0,0,0,0,0,0,0,0,0,0,0,0,0,0,0
4239,5089,90,0,61411,4506," The Landsguard's New Clothes",0,0,0,0,0,0,0,0,0,0,0,0,0,0,0,0,0,0,0,0,0,0,0,0
4240,5090,90,0,61411,4507," Preying Mantises",0,0,0,0,0,0,0,0,0,0,0,0,0,0,0,0,0,0,0,0,0,0,0,0
4241,5091,90,0,61411,4507," Getting to the Bottom of Things",0,0,0,0,0,0,0,0,0,0,0,0,0,0,0,0,0,0,0,0,0,0,0,0
4242,5092,90,0,61411,4507," The Crimson Cenote",0,0,0,0,0,0,0,0,0,0,0,0,0,0,0,0,0,0,0,0,0,0,0,0
4243,5093,90,0,61411,4507," Watching the Watchtowers",0,0,0,0,0,0,0,0,0,0,0,0,0,0,0,0,0,0,0,0,0,0,0,0
4244,5094,90,0,61419,4507," Secrets in the Cinderfield",0,0,0,0,0,0,0,0,0,0,0,0,0,0,0,0,0,0,0,0,0,0,0,0
4245,5095,90,0,61411,4507," Hunters with Bite",0,0,0,0,0,0,0,0,0,0,0,0,0,0,0,0,0,0,0,0,0,0,0,0
4246,5096,90,0,61411,4507," Reminders of the Past",0,0,0,0,0,0,0,0,0,0,0,0,0,0,0,0,0,0,0,0,0,0,0,0
4247,5097,90,0,61411,4507," Sick Day",0,0,0,0,0,0,0,0,0,0,0,0,0,0,0,0,0,0,0,0,0,0,0,0
4248,5098,90,0,61411,4507," To Forge in the Forest",0,0,0,0,0,0,0,0,0,0,0,0,0,0,0,0,0,0,0,0,0,0,0,0
4249,5099,90,0,61411,4507," A Stomach for Change",0,0,0,0,0,0,0,0,0,0,0,0,0,0,0,0,0,0,0,0,0,0,0,0
4250,5110,90,0,61419,4507," Aiming High",0,0,0,0,0,0,0,0,0,0,0,0,0,0,0,0,0,0,0,0,0,0,0,0
4251,5111,90,0,61419,4507," Hunting for the Family",0,0,0,0,0,0,0,0,0,0,0,0,0,0,0,0,0,0,0,0,0,0,0,0
4252,5112,90,0,61419,4507," A Hunter's Dream",0,0,0,0,0,0,0,0,0,0,0,0,0,0,0,0,0,0,0,0,0,0,0,0
4253,5113,90,0,61419,4507," The Trial Commences",0,0,0,0,0,0,0,0,0,0,0,0,0,0,0,0,0,0,0,0,0,0,0,0
4254,5100,90,0,61411,4507," Carved in Stone",0,0,0,0,0,0,0,0,0,0,0,0,0,0,0,0,0,0,0,0,0,0,0,0
4255,5101,90,0,61411,4507," Two Hearts Aflutter",0,0,0,0,0,0,0,0,0,0,0,0,0,0,0,0,0,0,0,0,0,0,0,0
4256,5102,90,0,61411,4507," Proper Respects",0,0,0,0,0,0,0,0,0,0,0,0,0,0,0,0,0,0,0,0,0,0,0,0
4257,5103,90,0,61419,4507," Beast of the Heartland",0,0,0,0,0,0,0,0,0,0,0,0,0,0,0,0,0,0,0,0,0,0,0,0
4258,5104,90,0,61411,4507," Spirit's Call",0,0,0,0,0,0,0,0,0,0,0,0,0,0,0,0,0,0,0,0,0,0,0,0
4259,5105,90,0,61411,4507," Seek the Sun",0,0,0,0,0,0,0,0,0,0,0,0,0,0,0,0,0,0,0,0,0,0,0,0
4260,5106,90,0,61411,4507," Secret of Sweetness",0,0,0,0,0,0,0,0,0,0,0,0,0,0,0,0,0,0,0,0,0,0,0,0
4261,5107,90,0,61411,4507," Growing Grove",0,0,0,0,0,0,0,0,0,0,0,0,0,0,0,0,0,0,0,0,0,0,0,0
4262,5108,90,0,61411,4507," Age Is Just a Number",0,0,0,0,0,0,0,0,0,0,0,0,0,0,0,0,0,0,0,0,0,0,0,0
4263,5109,90,0,61411,4507," I'm with Wivre",0,0,0,0,0,0,0,0,0,0,0,0,0,0,0,0,0,0,0,0,0,0,0,0
4264,5114,90,0,61419,4507," Lost and Powerless",0,0,0,0,0,0,0,0,0,0,0,0,0,0,0,0,0,0,0,0,0,0,0,0
4265,5115,90,0,61419,4507," Remembering a Dream",0,0,0,0,0,0,0,0,0,0,0,0,0,0,0,0,0,0,0,0,0,0,0,0
4266,5116,90,0,61419,4507," Budding Promise",0,0,0,0,0,0,0,0,0,0,0,0,0,0,0,0,0,0,0,0,0,0,0,0
4267,5117,90,0,61419,4507," Skill of a Veteran",0,0,0,0,0,0,0,0,0,0,0,0,0,0,0,0,0,0,0,0,0,0,0,0
4268,5118,90,0,61419,4507," One Forest",0,0,0,0,0,0,0,0,0,0,0,0,0,0,0,0,0,0,0,0,0,0,0,0
4269,5239,90,0,61419,4504,"Laying New Tracks",0,0,0,0,0,0,0,0,0,0,0,0,0,0,0,0,0,0,0,0,0,0,0,0
4270,0,0,0,0,0,"",0,0,0,0,0,0,0,0,0,0,0,0,0,0,0,0,0,0,0,0,0,0,0,0
4271,0,0,0,0,0,"",0,0,0,0,0,0,0,0,0,0,0,0,0,0,0,0,0,0,0,0,0,0,0,0
4272,5119,90,0,61411,4508," A Private Delivery",0,0,0,0,0,0,0,0,0,0,0,0,0,0,0,0,0,0,0,0,0,0,0,0
4273,5120,90,0,61411,4508," A Sobering Proposition",0,0,0,0,0,0,0,0,0,0,0,0,0,0,0,0,0,0,0,0,0,0,0,0
4274,5121,90,0,61411,4508," Taste of the Wilds",0,0,0,0,0,0,0,0,0,0,0,0,0,0,0,0,0,0,0,0,0,0,0,0
4275,5123,90,0,61411,4508," Gentle Giants",0,0,0,0,0,0,0,0,0,0,0,0,0,0,0,0,0,0,0,0,0,0,0,0
4276,5125,90,0,61411,4508," Bomb Disposal",0,0,0,0,0,0,0,0,0,0,0,0,0,0,0,0,0,0,0,0,0,0,0,0
4277,5126,90,0,61411,4508," A Refined Perspective",0,0,0,0,0,0,0,0,0,0,0,0,0,0,0,0,0,0,0,0,0,0,0,0
4278,5129,90,0,61411,4508," Working on a Full Stomach",0,0,0,0,0,0,0,0,0,0,0,0,0,0,0,0,0,0,0,0,0,0,0,0
4279,5130,90,0,61419,4508," Meeting of the Spirits",0,0,0,0,0,0,0,0,0,0,0,0,0,0,0,0,0,0,0,0,0,0,0,0
4280,5131,90,0,61411,4508," Watching Big Brother",0,0,0,0,0,0,0,0,0,0,0,0,0,0,0,0,0,0,0,0,0,0,0,0
4281,5134,90,0,61411,4508," Tastes Like Home",0,0,0,0,0,0,0,0,0,0,0,0,0,0,0,0,0,0,0,0,0,0,0,0
4282,5140,90,0,61419,4508," When the Bill Comes Due",0,0,0,0,0,0,0,0,0,0,0,0,0,0,0,0,0,0,0,0,0,0,0,0
4283,5141,90,0,61411,4508," Broken Record",0,0,0,0,0,0,0,0,0,0,0,0,0,0,0,0,0,0,0,0,0,0,0,0
4284,5142,90,0,61411,4508," Back on Stage",0,0,0,0,0,0,0,0,0,0,0,0,0,0,0,0,0,0,0,0,0,0,0,0
4285,5143,90,0,61411,4508," A Family's Worth",0,0,0,0,0,0,0,0,0,0,0,0,0,0,0,0,0,0,0,0,0,0,0,0
4286,5135,90,0,61411,4508," Snakes on a Train(line)",0,0,0,0,0,0,0,0,0,0,0,0,0,0,0,0,0,0,0,0,0,0,0,0
4287,5137,90,0,61411,4508," A Mount with a View",0,0,0,0,0,0,0,0,0,0,0,0,0,0,0,0,0,0,0,0,0,0,0,0
4288,5136,90,0,61411,4508," It's a Terrible Ring to Lose",0,0,0,0,0,0,0,0,0,0,0,0,0,0,0,0,0,0,0,0,0,0,0,0
4289,5138,90,0,61419,4508," Rroneek Seeker",0,0,0,0,0,0,0,0,0,0,0,0,0,0,0,0,0,0,0,0,0,0,0,0
4290,5139,90,0,61411,4508," The Horns That Bind Us",0,0,0,0,0,0,0,0,0,0,0,0,0,0,0,0,0,0,0,0,0,0,0,0
4291,5122,90,0,61411,4508," Fruitful Endeavors",0,0,0,0,0,0,0,0,0,0,0,0,0,0,0,0,0,0,0,0,0,0,0,0
4292,5132,90,0,61411,4508," Death by Popoto",0,0,0,0,0,0,0,0,0,0,0,0,0,0,0,0,0,0,0,0,0,0,0,0
4293,5124,90,0,61411,4508," Waiting One's Turn",0,0,0,0,0,0,0,0,0,0,0,0,0,0,0,0,0,0,0,0,0,0,0,0
4294,5127,90,0,61411,4508," Surprising Source of Fiber",0,0,0,0,0,0,0,0,0,0,0,0,0,0,0,0,0,0,0,0,0,0,0,0
4295,5128,90,0,61411,4508," A Grave Matter",0,0,0,0,0,0,0,0,0,0,0,0,0,0,0,0,0,0,0,0,0,0,0,0
4296,5133,90,0,61411,4508," A Tool Tale",0,0,0,0,0,0,0,0,0,0,0,0,0,0,0,0,0,0,0,0,0,0,0,0
4297,5144,90,0,61419,4508," A Bad Case of the Blue Devils",0,0,0,0,0,0,0,0,0,0,0,0,0,0,0,0,0,0,0,0,0,0,0,0
4298,5145,90,0,61411,4508," Down in the Mouth",0,0,0,0,0,0,0,0,0,0,0,0,0,0,0,0,0,0,0,0,0,0,0,0
4299,5146,90,0,61411,4508," Listen to Your Elders",0,0,0,0,0,0,0,0,0,0,0,0,0,0,0,0,0,0,0,0,0,0,0,0
4300,5147,90,0,61411,4508," Back in Blue",0,0,0,0,0,0,0,0,0,0,0,0,0,0,0,0,0,0,0,0,0,0,0,0
4301,5148,90,0,61411,4508," Dig for Victory",0,0,0,0,0,0,0,0,0,0,0,0,0,0,0,0,0,0,0,0,0,0,0,0
4302,5149,90,0,61411,4509," Gwok Away",0,0,0,0,0,0,0,0,0,0,0,0,0,0,0,0,0,0,0,0,0,0,0,0
4303,5150,90,0,61411,4509," Natural Selection",0,0,0,0,0,0,0,0,0,0,0,0,0,0,0,0,0,0,0,0,0,0,0,0
4304,5151,90,0,61411,4509," The Miracle of Electrope",0,0,0,0,0,0,0,0,0,0,0,0,0,0,0,0,0,0,0,0,0,0,0,0
4305,5152,90,0,61411,4509," Fear and Lightning in the Thunderyards",0,0,0,0,0,0,0,0,0,0,0,0,0,0,0,0,0,0,0,0,0,0,0,0
4306,5153,90,0,61419,4509," Stressed Testing",0,0,0,0,0,0,0,0,0,0,0,0,0,0,0,0,0,0,0,0,0,0,0,0
4307,5154,90,0,61411,4509," Refined Tastes",0,0,0,0,0,0,0,0,0,0,0,0,0,0,0,0,0,0,0,0,0,0,0,0
4308,5160,90,0,61419,4509," Aunty Knows Best",0,0,0,0,0,0,0,0,0,0,0,0,0,0,0,0,0,0,0,0,0,0,0,0
4309,5161,90,0,61411,4509," Yyupye's Dirt",0,0,0,0,0,0,0,0,0,0,0,0,0,0,0,0,0,0,0,0,0,0,0,0
4310,5162,90,0,61411,4509," What She Left Behind",0,0,0,0,0,0,0,0,0,0,0,0,0,0,0,0,0,0,0,0,0,0,0,0
4311,5163,90,0,61411,4509," All That She Carried",0,0,0,0,0,0,0,0,0,0,0,0,0,0,0,0,0,0,0,0,0,0,0,0
4312,5155,90,0,61411,4509," History Reforged",0,0,0,0,0,0,0,0,0,0,0,0,0,0,0,0,0,0,0,0,0,0,0,0
4313,5156,90,0,61419,4509," Phyt for Survival",0,0,0,0,0,0,0,0,0,0,0,0,0,0,0,0,0,0,0,0,0,0,0,0
4314,5157,90,0,61411,4509," A Well-oiled Machine",0,0,0,0,0,0,0,0,0,0,0,0,0,0,0,0,0,0,0,0,0,0,0,0
4315,5158,90,0,61411,4509," Storm's Traces",0,0,0,0,0,0,0,0,0,0,0,0,0,0,0,0,0,0,0,0,0,0,0,0
4316,5159,90,0,61419,4509," He Who Remembers",0,0,0,0,0,0,0,0,0,0,0,0,0,0,0,0,0,0,0,0,0,0,0,0
4317,5164,90,0,61411,4503," Credits Where Credits Are Due",0,0,0,0,0,0,0,0,0,0,0,0,0,0,0,0,0,0,0,0,0,0,0,0
4318,5165,90,0,61411,4503," True Vue Blues",0,0,0,0,0,0,0,0,0,0,0,0,0,0,0,0,0,0,0,0,0,0,0,0
4319,5166,90,0,61411,4503," Problem Child, Solution Nine",0,0,0,0,0,0,0,0,0,0,0,0,0,0,0,0,0,0,0,0,0,0,0,0
4320,5167,90,0,61411,4503," An Usher's Lament",0,0,0,0,0,0,0,0,0,0,0,0,0,0,0,0,0,0,0,0,0,0,0,0
4321,5168,90,0,61411,4503," Towering Troubles",0,0,0,0,0,0,0,0,0,0,0,0,0,0,0,0,0,0,0,0,0,0,0,0
4322,5169,90,0,61411,4503," A Fitting Send-off",0,0,0,0,0,0,0,0,0,0,0,0,0,0,0,0,0,0,0,0,0,0,0,0
4323,5170,90,0,61411,4503," Rousing Mister Robot",0,0,0,0,0,0,0,0,0,0,0,0,0,0,0,0,0,0,0,0,0,0,0,0
4324,5171,90,0,61411,4503," Of Lightning Rings and Romance",0,0,0,0,0,0,0,0,0,0,0,0,0,0,0,0,0,0,0,0,0,0,0,0
4325,5172,90,0,61411,4503," Warrior of Light, Wrangler of Cats",0,0,0,0,0,0,0,0,0,0,0,0,0,0,0,0,0,0,0,0,0,0,0,0
4326,5173,90,0,61411,4503," Tasteful Memories",0,0,0,0,0,0,0,0,0,0,0,0,0,0,0,0,0,0,0,0,0,0,0,0
4327,5005,100,0,61419,4503,"Trial by Spire",0,0,0,0,0,0,0,0,0,0,0,0,0,0,0,0,0,0,0,0,0,0,0,0
4328,5014,100,0,61419,4503,"Something Stray in the Neighborhood",0,0,0,0,0,0,0,0,0,0,0,0,0,0,0,0,0,0,0,0,0,0,0,0
4329,5240,90,0,61419,4508,"The Weight of a Train",3547,0,0,0,0,0,0,0,0,0,0,0,0,0,0,0,0,0,0,0,0,0,0,0
4330,5241,90,0,61419,4508,"His Heart Blazes On",0,0,0,0,0,0,0,0,0,0,0,0,0,0,0,0,0,0,0,0,0,0,0,0
4331,5174,90,0,61419,4510," Well-wishing at the Wishing Well",3512,0,0,0,0,0,0,0,0,0,0,0,0,0,0,0,0,0,0,0,0,0,0,0
4332,5175,90,0,61411,4510," The Canals of History",0,0,0,0,0,0,0,0,0,0,0,0,0,0,0,0,0,0,0,0,0,0,0,0
4333,5176,90,0,61419,4510," Perplexing Puzzles, Endless Fun",0,0,0,0,0,0,0,0,0,0,0,0,0,0,0,0,0,0,0,0,0,0,0,0
4334,5177,90,0,61411,4510," Brotherly Bonds Know No Barrier",3514,0,0,0,0,0,0,0,0,0,0,0,0,0,0,0,0,0,0,0,0,0,0,0
4335,5178,90,0,61419,4510," Volcanic Disruptions",0,0,0,0,0,0,0,0,0,0,0,0,0,0,0,0,0,0,0,0,0,0,0,0
4336,5179,90,0,61419,4510," Blueprint Protocol",0,0,0,0,0,0,0,0,0,0,0,0,0,0,0,0,0,0,0,0,0,0,0,0
4337,5180,90,0,61411,4510," Lindblum, We Hardly Knew Ye",3515,0,0,0,0,0,0,0,0,0,0,0,0,0,0,0,0,0,0,0,0,0,0,0
4338,5181,90,0,61411,4510," Leaving This Place for Good",3516,0,0,0,0,0,0,0,0,0,0,0,0,0,0,0,0,0,0,0,0,0,0,0
4339,285,1,0,62301,156,"Way of the Gladiator",0,0,0,0,0,0,0,0,0,0,0,0,0,0,0,0,0,0,0,0,0,0,0,0
4340,253,1,0,62301,156,"Way of the Gladiator",0,0,0,0,0,0,0,0,0,0,0,0,0,0,0,0,0,0,0,0,0,0,0,0
4341,286,1,0,62301,156,"My First Gladius",0,0,0,0,0,0,0,0,0,0,0,0,0,0,0,0,0,0,0,0,0,0,0,0
4342,256,5,0,62301,156,"Kicking the Hornet's Nest",34,0,0,0,0,0,0,0,0,0,0,0,0,0,0,0,0,0,0,0,0,0,0,0
4343,261,10,0,62301,156,"Ul'dah's Most Wanted",0,0,0,0,0,0,0,0,0,0,0,0,0,0,0,0,0,0,0,0,0,0,0,0
4344,288,10,0,62301,156,"Ul'dah's Most Wanted",0,0,0,0,0,0,0,0,0,0,0,0,0,0,0,0,0,0,0,0,0,0,0,0
4345,262,15,0,62301,156,"That Old Familiar Feeling",35,0,0,0,0,0,0,0,0,0,0,0,0,0,0,0,0,0,0,0,0,0,0,0
4346,263,20,0,62301,156,"The Face of Thal",36,0,0,0,0,0,0,0,0,0,0,0,0,0,0,0,0,0,0,0,0,0,0,0
4347,264,25,0,62301,156,"On Holy Ground",0,0,0,0,0,0,0,0,0,0,0,0,0,0,0,0,0,0,0,0,0,0,0,0
4348,265,30,0,62301,156,"The Rematch",43,162,0,0,0,0,0,0,0,0,0,0,0,0,0,0,0,0,0,0,0,0,0,0
4349,532,1,0,62302,157,"Way of the Pugilist",0,0,0,0,0,0,0,0,0,0,0,0,0,0,0,0,0,0,0,0,0,0,0,0
4350,533,1,0,62302,157,"Way of the Pugilist",0,0,0,0,0,0,0,0,0,0,0,0,0,0,0,0,0,0,0,0,0,0,0,0
4351,553,1,0,62302,157,"My First Hora",0,0,0,0,0,0,0,0,0,0,0,0,0,0,0,0,0,0,0,0,0,0,0,0
4352,554,5,0,62302,157,"Harder than Rock",163,0,0,0,0,0,0,0,0,0,0,0,0,0,0,0,0,0,0,0,0,0,0,0
4353,555,10,0,62302,157,"Burning Up the Quarter Malm",0,0,0,0,0,0,0,0,0,0,0,0,0,0,0,0,0,0,0,0,0,0,0,0
4354,698,10,0,62302,157,"Burning Up the Quarter Malm",0,0,0,0,0,0,0,0,0,0,0,0,0,0,0,0,0,0,0,0,0,0,0,0
4355,558,15,0,62302,157,"The Spirit Is Willing",164,0,0,0,0,0,0,0,0,0,0,0,0,0,0,0,0,0,0,0,0,0,0,0
4356,562,20,0,62302,157,"Keeping the Spirit Alive",165,0,0,0,0,0,0,0,0,0,0,0,0,0,0,0,0,0,0,0,0,0,0,0
4357,566,25,0,62302,157,"Star-crossed Rivals",0,0,0,0,0,0,0,0,0,0,0,0,0,0,0,0,0,0,0,0,0,0,0,0
4358,567,30,0,62302,157,"Return of the Holyfist",166,167,0,0,0,0,0,0,0,0,0,0,0,0,0,0,0,0,0,0,0,0,0,0
4359,310,1,0,62303,158,"Way of the Marauder",0,0,0,0,0,0,0,0,0,0,0,0,0,0,0,0,0,0,0,0,0,0,0,0
4360,311,1,0,62303,158,"Way of the Marauder",0,0,0,0,0,0,0,0,0,0,0,0,0,0,0,0,0,0,0,0,0,0,0,0
4361,312,1,0,62303,158,"My First Axe",0,0,0,0,0,0,0,0,0,0,0,0,0,0,0,0,0,0,0,0,0,0,0,0
4362,313,5,0,62303,158,"Axe in the Stone",37,0,0,0,0,0,0,0,0,0,0,0,0,0,0,0,0,0,0,0,0,0,0,0
4363,314,10,0,62303,158,"Wake of Destruction",0,0,0,0,0,0,0,0,0,0,0,0,0,0,0,0,0,0,0,0,0,0,0,0
4364,315,10,0,62303,158,"Wake of Destruction",0,0,0,0,0,0,0,0,0,0,0,0,0,0,0,0,0,0,0,0,0,0,0,0
4365,316,15,0,62303,158,"Brutal Strength",0,0,0,0,0,0,0,0,0,0,0,0,0,0,0,0,0,0,0,0,0,0,0,0
4366,317,20,0,62303,158,"The Mountain That Strides",38,39,0,0,0,0,0,0,0,0,0,0,0,0,0,0,0,0,0,0,0,0,0,0
4367,318,25,0,62303,158,"Bleeder of the Pack",0,0,0,0,0,0,0,0,0,0,0,0,0,0,0,0,0,0,0,0,0,0,0,0
4368,319,30,0,62303,158,"Bringing Down the Mountain",41,42,0,0,0,0,0,0,0,0,0,0,0,0,0,0,0,0,0,0,0,0,0,0
4369,132,1,0,62304,159,"Way of the Lancer",0,0,0,0,0,0,0,0,0,0,0,0,0,0,0,0,0,0,0,0,0,0,0,0
4370,23,1,0,62304,159,"Way of the Lancer",0,0,0,0,0,0,0,0,0,0,0,0,0,0,0,0,0,0,0,0,0,0,0,0
4371,218,1,0,62304,159,"My First Spear",0,0,0,0,0,0,0,0,0,0,0,0,0,0,0,0,0,0,0,0,0,0,0,0
4372,47,5,0,62304,159,"Spear of the Fearless",13,0,0,0,0,0,0,0,0,0,0,0,0,0,0,0,0,0,0,0,0,0,0,0
4373,35,10,0,62304,159,"Courage of Stone",0,0,0,0,0,0,0,0,0,0,0,0,0,0,0,0,0,0,0,0,0,0,0,0
4374,143,10,0,62304,159,"Courage of Stone",0,0,0,0,0,0,0,0,0,0,0,0,0,0,0,0,0,0,0,0,0,0,0,0
4375,55,15,0,62304,159,"A Dangerous Proposition",0,0,0,0,0,0,0,0,0,0,0,0,0,0,0,0,0,0,0,0,0,0,0,0
4376,56,20,0,62304,159,"Lance of Destiny",21,319,0,0,0,0,0,0,0,0,0,0,0,0,0,0,0,0,0,0,0,0,0,0
4377,438,25,0,62304,159,"Questions and Lancers",0,0,0,0,0,0,0,0,0,0,0,0,0,0,0,0,0,0,0,0,0,0,0,0
4378,439,30,0,62304,159,"Proof of Might",28,16,0,0,0,0,0,0,0,0,0,0,0,0,0,0,0,0,0,0,0,0,0,0
4379,131,1,0,62305,160,"Way of the Archer",0,0,0,0,0,0,0,0,0,0,0,0,0,0,0,0,0,0,0,0,0,0,0,0
4380,21,1,0,62305,160,"Way of the Archer",0,0,0,0,0,0,0,0,0,0,0,0,0,0,0,0,0,0,0,0,0,0,0,0
4381,219,1,0,62305,160,"My First Bow",0,0,0,0,0,0,0,0,0,0,0,0,0,0,0,0,0,0,0,0,0,0,0,0
4382,46,5,0,62305,160,"A Matter of Perspective",10,0,0,0,0,0,0,0,0,0,0,0,0,0,0,0,0,0,0,0,0,0,0,0
4383,67,10,0,62305,160,"School of Hard Nocks",0,0,0,0,0,0,0,0,0,0,0,0,0,0,0,0,0,0,0,0,0,0,0,0
4384,134,10,0,62305,160,"Training with Leih",0,0,0,0,0,0,0,0,0,0,0,0,0,0,0,0,0,0,0,0,0,0,0,0
4385,68,15,0,62305,160,"Violators Will Be Shot",0,0,0,0,0,0,0,0,0,0,0,0,0,0,0,0,0,0,0,0,0,0,0,0
4386,70,20,0,62305,160,"To Catch a Poacher",11,12,0,0,0,0,0,0,0,0,0,0,0,0,0,0,0,0,0,0,0,0,0,0
4387,71,25,0,62305,160,"Homecoming",0,0,0,0,0,0,0,0,0,0,0,0,0,0,0,0,0,0,0,0,0,0,0,0
4388,76,30,0,62305,160,"The One That Got Away",14,15,0,0,0,0,0,0,0,0,0,0,0,0,0,0,0,0,0,0,0,0,0,0
4389,102,1,0,62309,161,"My First Daggers",0,0,0,0,0,0,0,0,0,0,0,0,0,0,0,0,0,0,0,0,0,0,0,0
4390,104,1,0,62309,161,"Stabbers in Yer Fambles",0,0,0,0,0,0,0,0,0,0,0,0,0,0,0,0,0,0,0,0,0,0,0,0
4391,110,5,0,62309,161,"A Dainty Dilemma",686,0,0,0,0,0,0,0,0,0,0,0,0,0,0,0,0,0,0,0,0,0,0,0
4392,126,10,0,62309,161,"Stray into the Shadows",0,0,0,0,0,0,0,0,0,0,0,0,0,0,0,0,0,0,0,0,0,0,0,0
4393,144,15,0,62309,161,"Stifled Screams",0,0,0,0,0,0,0,0,0,0,0,0,0,0,0,0,0,0,0,0,0,0,0,0
4394,145,15,0,62309,161,"Slave to the Code",687,0,0,0,0,0,0,0,0,0,0,0,0,0,0,0,0,0,0,0,0,0,0,0
4395,146,20,0,62309,161,"Grinners in the Mist",0,0,0,0,0,0,0,0,0,0,0,0,0,0,0,0,0,0,0,0,0,0,0,0
4396,148,25,0,62309,161,"Sweet Sorrows",0,0,0,0,0,0,0,0,0,0,0,0,0,0,0,0,0,0,0,0,0,0,0,0
4397,154,30,0,62309,161,"Market for Death",0,0,0,0,0,0,0,0,0,0,0,0,0,0,0,0,0,0,0,0,0,0,0,0
4398,155,30,0,62309,161,"Cloying Victory",688,689,0,0,0,0,0,0,0,0,0,0,0,0,0,0,0,0,0,0,0,0,0,0
4399,133,1,0,62306,162,"Way of the Conjurer",0,0,0,0,0,0,0,0,0,0,0,0,0,0,0,0,0,0,0,0,0,0,0,0
4400,22,1,0,62306,162,"Way of the Conjurer",0,0,0,0,0,0,0,0,0,0,0,0,0,0,0,0,0,0,0,0,0,0,0,0
4401,211,1,0,62306,162,"My First Cane",0,0,0,0,0,0,0,0,0,0,0,0,0,0,0,0,0,0,0,0,0,0,0,0
4402,48,5,0,62306,162,"Trial by Earth",4,0,0,0,0,0,0,0,0,0,0,0,0,0,0,0,0,0,0,0,0,0,0,0
4403,91,10,0,62306,162,"Trial by Wind",0,0,0,0,0,0,0,0,0,0,0,0,0,0,0,0,0,0,0,0,0,0,0,0
4404,147,10,0,62306,162,"Trial by Wind",0,0,0,0,0,0,0,0,0,0,0,0,0,0,0,0,0,0,0,0,0,0,0,0
4405,92,15,0,62306,162,"Trial by Water",8,9,0,0,0,0,0,0,0,0,0,0,0,0,0,0,0,0,0,0,0,0,0,0
4406,93,20,0,62306,162,"Sylphie's Trials",0,0,0,0,0,0,0,0,0,0,0,0,0,0,0,0,0,0,0,0,0,0,0,0
4407,440,25,0,62306,162,"Like Mother, Like Daughter",0,0,0,0,0,0,0,0,0,0,0,0,0,0,0,0,0,0,0,0,0,0,0,0
4408,441,30,0,62306,162,"In Nature's Embrace",19,20,0,0,0,0,0,0,0,0,0,0,0,0,0,0,0,0,0,0,0,0,0,0
4409,344,1,0,62307,163,"Way of the Thaumaturge",0,0,0,0,0,0,0,0,0,0,0,0,0,0,0,0,0,0,0,0,0,0,0,0
4410,345,1,0,62307,163,"Way of the Thaumaturge",0,0,0,0,0,0,0,0,0,0,0,0,0,0,0,0,0,0,0,0,0,0,0,0
4411,346,1,0,62307,163,"My First Scepter",0,0,0,0,0,0,0,0,0,0,0,0,0,0,0,0,0,0,0,0,0,0,0,0
4412,347,5,0,62307,163,"The Threat of Intimacy",50,0,0,0,0,0,0,0,0,0,0,0,0,0,0,0,0,0,0,0,0,0,0,0
4413,348,10,0,62307,163,"The Threat of Paucity",0,0,0,0,0,0,0,0,0,0,0,0,0,0,0,0,0,0,0,0,0,0,0,0
4414,349,10,0,62307,163,"The Threat of Paucity",0,0,0,0,0,0,0,0,0,0,0,0,0,0,0,0,0,0,0,0,0,0,0,0
4415,350,15,0,62307,163,"The Threat of Superiority",51,0,0,0,0,0,0,0,0,0,0,0,0,0,0,0,0,0,0,0,0,0,0,0
4416,351,20,0,62307,163,"The Threat of Perplexity",52,0,0,0,0,0,0,0,0,0,0,0,0,0,0,0,0,0,0,0,0,0,0,0
4417,352,25,0,62307,163,"The Hidden Chapter",0,0,0,0,0,0,0,0,0,0,0,0,0,0,0,0,0,0,0,0,0,0,0,0
4418,353,30,0,62307,163,"Facing Your Demons",168,169,0,0,0,0,0,0,0,0,0,0,0,0,0,0,0,0,0,0,0,0,0,0
4419,452,1,0,62308,164,"Way of the Arcanist",0,0,0,0,0,0,0,0,0,0,0,0,0,0,0,0,0,0,0,0,0,0,0,0
4420,453,1,0,62308,164,"Way of the Arcanist",0,0,0,0,0,0,0,0,0,0,0,0,0,0,0,0,0,0,0,0,0,0,0,0
4421,454,1,0,62308,164,"My First Grimoire",0,0,0,0,0,0,0,0,0,0,0,0,0,0,0,0,0,0,0,0,0,0,0,0
4422,455,5,0,62308,164,"What's in the Box",44,0,0,0,0,0,0,0,0,0,0,0,0,0,0,0,0,0,0,0,0,0,0,0
4423,456,10,0,62308,164,"Tactical Planning",0,0,0,0,0,0,0,0,0,0,0,0,0,0,0,0,0,0,0,0,0,0,0,0
4424,457,10,0,62308,164,"Tactical Planning",0,0,0,0,0,0,0,0,0,0,0,0,0,0,0,0,0,0,0,0,0,0,0,0
4425,1103,15,0,62308,164,"Topaz Teachings",0,0,0,0,0,0,0,0,0,0,0,0,0,0,0,0,0,0,0,0,0,0,0,0
4426,458,15,0,62308,164,"Over the Rails",45,46,0,0,0,0,0,0,0,0,0,0,0,0,0,0,0,0,0,0,0,0,0,0
4427,459,20,0,62308,164,"Pincer Maneuver",0,0,0,0,0,0,0,0,0,0,0,0,0,0,0,0,0,0,0,0,0,0,0,0
4428,460,25,0,62308,164,"Grimoire Fandango",47,0,0,0,0,0,0,0,0,0,0,0,0,0,0,0,0,0,0,0,0,0,0,0
4429,461,30,0,62308,164,"Sinking Doesmaga",48,49,0,0,0,0,0,0,0,0,0,0,0,0,0,0,0,0,0,0,0,0,0,0
4430,138,1,0,62310,165,"Way of the Carpenter",0,0,0,0,0,0,0,0,0,0,0,0,0,0,0,0,0,0,0,0,0,0,0,0
4431,205,1,0,62310,165,"My First Saw",0,0,0,0,0,0,0,0,0,0,0,0,0,0,0,0,0,0,0,0,0,0,0,0
4432,139,5,0,62310,165,"To Be the Wood",0,0,0,0,0,0,0,0,0,0,0,0,0,0,0,0,0,0,0,0,0,0,0,0
4433,140,10,0,62310,165,"Supplies for the Sick",0,0,0,0,0,0,0,0,0,0,0,0,0,0,0,0,0,0,0,0,0,0,0,0
4434,141,15,0,62310,165,"A Carpenter in Need",0,0,0,0,0,0,0,0,0,0,0,0,0,0,0,0,0,0,0,0,0,0,0,0
4435,142,20,0,62310,165,"The Lance's Lesson",0,0,0,0,0,0,0,0,0,0,0,0,0,0,0,0,0,0,0,0,0,0,0,0
4436,168,25,0,62310,165,"A Crisis of Confidence",0,0,0,0,0,0,0,0,0,0,0,0,0,0,0,0,0,0,0,0,0,0,0,0
4437,169,30,0,62310,165,"Between Captain and Conjurer",0,0,0,0,0,0,0,0,0,0,0,0,0,0,0,0,0,0,0,0,0,0,0,0
4438,536,35,0,62310,165,"Growing Apart",0,0,0,0,0,0,0,0,0,0,0,0,0,0,0,0,0,0,0,0,0,0,0,0
4439,537,40,0,62310,165,"Memento Mori",0,0,0,0,0,0,0,0,0,0,0,0,0,0,0,0,0,0,0,0,0,0,0,0
4440,538,45,0,62310,165,"Gone till the Sixth Astral Moon",0,0,0,0,0,0,0,0,0,0,0,0,0,0,0,0,0,0,0,0,0,0,0,0
4441,539,50,0,62310,165,"Saving Captain Gairhard",148,0,0,0,0,0,0,0,0,0,0,0,0,0,0,0,0,0,0,0,0,0,0,0
4442,1997,50,0,62310,165,"Lance of a Lifetime",0,0,0,0,0,0,0,0,0,0,0,0,0,0,0,0,0,0,0,0,0,0,0,0
4443,1998,53,0,62310,165,"A-hunting He Will Go",0,0,0,0,0,0,0,0,0,0,0,0,0,0,0,0,0,0,0,0,0,0,0,0
4444,1999,55,0,62310,165,"Ministers of Grace Defend Him",0,0,0,0,0,0,0,0,0,0,0,0,0,0,0,0,0,0,0,0,0,0,0,0
4445,2000,58,0,62310,165,"The Son Also Rises",0,0,0,0,0,0,0,0,0,0,0,0,0,0,0,0,0,0,0,0,0,0,0,0
4446,2001,60,0,62310,165,"More Fierce than Fire",946,0,0,0,0,0,0,0,0,0,0,0,0,0,0,0,0,0,0,0,0,0,0,0
4447,2441,60,0,62310,165,"Uncharted Territory",0,0,0,0,0,0,0,0,0,0,0,0,0,0,0,0,0,0,0,0,0,0,0,0
4448,2442,63,0,62310,165,"The Game of Confidence",0,0,0,0,0,0,0,0,0,0,0,0,0,0,0,0,0,0,0,0,0,0,0,0
4449,2443,65,0,62310,165,"A Lesson in Listening",0,0,0,0,0,0,0,0,0,0,0,0,0,0,0,0,0,0,0,0,0,0,0,0
4450,2444,68,0,62310,165,"Live and Let Dine",0,0,0,0,0,0,0,0,0,0,0,0,0,0,0,0,0,0,0,0,0,0,0,0
4451,2445,70,0,62310,165,"Tea Party Rules",1530,0,0,0,0,0,0,0,0,0,0,0,0,0,0,0,0,0,0,0,0,0,0,0
4452,291,1,0,62311,166,"Way of the Blacksmith",0,0,0,0,0,0,0,0,0,0,0,0,0,0,0,0,0,0,0,0,0,0,0,0
4453,292,1,0,62311,166,"My First Cross-pein Hammer",0,0,0,0,0,0,0,0,0,0,0,0,0,0,0,0,0,0,0,0,0,0,0,0
4454,293,5,0,62311,166,"Hammer Time",0,0,0,0,0,0,0,0,0,0,0,0,0,0,0,0,0,0,0,0,0,0,0,0
4455,294,10,0,62311,166,"Riveting Ramblings",0,0,0,0,0,0,0,0,0,0,0,0,0,0,0,0,0,0,0,0,0,0,0,0
4456,295,15,0,62311,166,"The Business of Blacksmithing",0,0,0,0,0,0,0,0,0,0,0,0,0,0,0,0,0,0,0,0,0,0,0,0
4457,296,20,0,62311,166,"By the Sweat of Your Brow",0,0,0,0,0,0,0,0,0,0,0,0,0,0,0,0,0,0,0,0,0,0,0,0
4458,297,25,0,62311,166,"True as Steel",0,0,0,0,0,0,0,0,0,0,0,0,0,0,0,0,0,0,0,0,0,0,0,0
4459,298,30,0,62311,166,"As Iron Sharpens Iron",0,0,0,0,0,0,0,0,0,0,0,0,0,0,0,0,0,0,0,0,0,0,0,0
4460,299,35,0,62311,166,"Set Faezahr to Stun",0,0,0,0,0,0,0,0,0,0,0,0,0,0,0,0,0,0,0,0,0,0,0,0
4461,300,40,0,62311,166,"Forging Ahead",0,0,0,0,0,0,0,0,0,0,0,0,0,0,0,0,0,0,0,0,0,0,0,0
4462,301,45,0,62311,166,"Beauty and the Bardiche",0,0,0,0,0,0,0,0,0,0,0,0,0,0,0,0,0,0,0,0,0,0,0,0
4463,302,50,0,62311,166,"Waiting in the Winglet",31,0,0,0,0,0,0,0,0,0,0,0,0,0,0,0,0,0,0,0,0,0,0,0
4464,2007,50,0,62311,166,"Forging Northwards",0,0,0,0,0,0,0,0,0,0,0,0,0,0,0,0,0,0,0,0,0,0,0,0
4465,2008,53,0,62311,166,"Leave It to Fremondain",0,0,0,0,0,0,0,0,0,0,0,0,0,0,0,0,0,0,0,0,0,0,0,0
4466,2009,55,0,62311,166,"The Good Fight",0,0,0,0,0,0,0,0,0,0,0,0,0,0,0,0,0,0,0,0,0,0,0,0
4467,2010,58,0,62311,166,"Blade That Was Broken",0,0,0,0,0,0,0,0,0,0,0,0,0,0,0,0,0,0,0,0,0,0,0,0
4468,2011,60,0,62311,166,"Integrity",947,997,0,0,0,0,0,0,0,0,0,0,0,0,0,0,0,0,0,0,0,0,0,0
4469,2593,60,0,62311,166,"A Missive from the Far East",0,0,0,0,0,0,0,0,0,0,0,0,0,0,0,0,0,0,0,0,0,0,0,0
4470,2616,63,0,62311,166,"The Client Is King",0,0,0,0,0,0,0,0,0,0,0,0,0,0,0,0,0,0,0,0,0,0,0,0
4471,2617,65,0,62311,166,"Blood Ties",0,0,0,0,0,0,0,0,0,0,0,0,0,0,0,0,0,0,0,0,0,0,0,0
4472,2618,68,0,62311,166,"The Missing Piece",0,0,0,0,0,0,0,0,0,0,0,0,0,0,0,0,0,0,0,0,0,0,0,0
4473,2619,70,0,62311,166,"The Final Face-off",1531,0,0,0,0,0,0,0,0,0,0,0,0,0,0,0,0,0,0,0,0,0,0,0
4474,273,1,0,62312,167,"Way of the Armorer",0,0,0,0,0,0,0,0,0,0,0,0,0,0,0,0,0,0,0,0,0,0,0,0
4475,274,1,0,62312,167,"My First Doming Hammer",0,0,0,0,0,0,0,0,0,0,0,0,0,0,0,0,0,0,0,0,0,0,0,0
4476,275,5,0,62312,167,"From Thigh to Neck",0,0,0,0,0,0,0,0,0,0,0,0,0,0,0,0,0,0,0,0,0,0,0,0
4477,276,10,0,62312,167,"The Base Fundamentals",0,0,0,0,0,0,0,0,0,0,0,0,0,0,0,0,0,0,0,0,0,0,0,0
4478,277,15,0,62312,167,"One's Own Worst Critic",0,0,0,0,0,0,0,0,0,0,0,0,0,0,0,0,0,0,0,0,0,0,0,0
4479,278,20,0,62312,167,"An Armorer's Pride",0,0,0,0,0,0,0,0,0,0,0,0,0,0,0,0,0,0,0,0,0,0,0,0
4480,279,25,0,62312,167,"Showing Your Steel",0,0,0,0,0,0,0,0,0,0,0,0,0,0,0,0,0,0,0,0,0,0,0,0
4481,280,30,0,62312,167,"May the Best Armorer Win",0,0,0,0,0,0,0,0,0,0,0,0,0,0,0,0,0,0,0,0,0,0,0,0
4482,281,35,0,62312,167,"Pans of Steel",0,0,0,0,0,0,0,0,0,0,0,0,0,0,0,0,0,0,0,0,0,0,0,0
4483,282,40,0,62312,167,"Best of Three",0,0,0,0,0,0,0,0,0,0,0,0,0,0,0,0,0,0,0,0,0,0,0,0
4484,283,45,0,62312,167,"For the Good of the Guild",0,0,0,0,0,0,0,0,0,0,0,0,0,0,0,0,0,0,0,0,0,0,0,0
4485,284,50,0,62312,167,"Rivalry and Respect",32,0,0,0,0,0,0,0,0,0,0,0,0,0,0,0,0,0,0,0,0,0,0,0
4486,2038,50,0,62312,167,"The Breaking of Blanstyr",0,0,0,0,0,0,0,0,0,0,0,0,0,0,0,0,0,0,0,0,0,0,0,0
4487,2039,53,0,62312,167,"Light-headed",0,0,0,0,0,0,0,0,0,0,0,0,0,0,0,0,0,0,0,0,0,0,0,0
4488,2040,55,0,62312,167,"Fancy Lancer",0,0,0,0,0,0,0,0,0,0,0,0,0,0,0,0,0,0,0,0,0,0,0,0
4489,2041,58,0,62312,167,"The Reforging of Blanstyr",0,0,0,0,0,0,0,0,0,0,0,0,0,0,0,0,0,0,0,0,0,0,0,0
4490,2042,60,0,62312,167,"The Pride of Vymelli",948,0,0,0,0,0,0,0,0,0,0,0,0,0,0,0,0,0,0,0,0,0,0,0
4491,2594,60,0,62312,167,"Original Blanstyr",0,0,0,0,0,0,0,0,0,0,0,0,0,0,0,0,0,0,0,0,0,0,0,0
4492,2595,63,0,62312,167,"Eastern Apprentice",0,0,0,0,0,0,0,0,0,0,0,0,0,0,0,0,0,0,0,0,0,0,0,0
4493,2596,65,0,62312,167,"Forging with Scales",0,0,0,0,0,0,0,0,0,0,0,0,0,0,0,0,0,0,0,0,0,0,0,0
4494,2597,68,0,62312,167,"Head-to-head Contest",0,0,0,0,0,0,0,0,0,0,0,0,0,0,0,0,0,0,0,0,0,0,0,0
4495,2598,70,0,62312,167,"A Confluence of Style",1532,0,0,0,0,0,0,0,0,0,0,0,0,0,0,0,0,0,0,0,0,0,0,0
4496,608,1,0,62313,168,"Way of the Goldsmith",0,0,0,0,0,0,0,0,0,0,0,0,0,0,0,0,0,0,0,0,0,0,0,0
4497,610,1,0,62313,168,"My First Chaser Hammer",0,0,0,0,0,0,0,0,0,0,0,0,0,0,0,0,0,0,0,0,0,0,0,0
4498,611,5,0,62313,168,"Gorgets Rising",0,0,0,0,0,0,0,0,0,0,0,0,0,0,0,0,0,0,0,0,0,0,0,0
4499,613,10,0,62313,168,"Throw Some Rings on It",0,0,0,0,0,0,0,0,0,0,0,0,0,0,0,0,0,0,0,0,0,0,0,0
4500,614,15,0,62313,168,"Objectively Speaking",0,0,0,0,0,0,0,0,0,0,0,0,0,0,0,0,0,0,0,0,0,0,0,0
4501,615,20,0,62313,168,"A Melding of the Minds",0,0,0,0,0,0,0,0,0,0,0,0,0,0,0,0,0,0,0,0,0,0,0,0
4502,616,25,0,62313,168,"Or Ever the Silver Cord Be Loosed",0,0,0,0,0,0,0,0,0,0,0,0,0,0,0,0,0,0,0,0,0,0,0,0
4503,617,30,0,62313,168,"Serendipity Now",0,0,0,0,0,0,0,0,0,0,0,0,0,0,0,0,0,0,0,0,0,0,0,0
4504,655,35,0,62313,168,"Mammets on Fire",0,0,0,0,0,0,0,0,0,0,0,0,0,0,0,0,0,0,0,0,0,0,0,0
4505,656,40,0,62313,168,"The Horns of the Green",0,0,0,0,0,0,0,0,0,0,0,0,0,0,0,0,0,0,0,0,0,0,0,0
4506,657,45,0,62313,168,"The Fox in the Hen House",0,0,0,0,0,0,0,0,0,0,0,0,0,0,0,0,0,0,0,0,0,0,0,0
4507,658,50,0,62313,168,"Jaded",290,0,0,0,0,0,0,0,0,0,0,0,0,0,0,0,0,0,0,0,0,0,0,0
4508,2070,50,0,62313,168,"Form to the Formless",0,0,0,0,0,0,0,0,0,0,0,0,0,0,0,0,0,0,0,0,0,0,0,0
4509,2071,53,0,62313,168,"Elegance and Artistry",0,0,0,0,0,0,0,0,0,0,0,0,0,0,0,0,0,0,0,0,0,0,0,0
4510,2072,55,0,62313,168,"Double Trouble",0,0,0,0,0,0,0,0,0,0,0,0,0,0,0,0,0,0,0,0,0,0,0,0
4511,2073,58,0,62313,168,"A Masterclass",0,0,0,0,0,0,0,0,0,0,0,0,0,0,0,0,0,0,0,0,0,0,0,0
4512,2074,60,0,62313,168,"Two Hearts Beat as One",949,0,0,0,0,0,0,0,0,0,0,0,0,0,0,0,0,0,0,0,0,0,0,0
4513,2599,60,0,62313,168,"A Royal Request",0,0,0,0,0,0,0,0,0,0,0,0,0,0,0,0,0,0,0,0,0,0,0,0
4514,2600,63,0,62313,168,"Gemworks in Progress",0,0,0,0,0,0,0,0,0,0,0,0,0,0,0,0,0,0,0,0,0,0,0,0
4515,2601,65,0,62313,168,"Blindsided",0,0,0,0,0,0,0,0,0,0,0,0,0,0,0,0,0,0,0,0,0,0,0,0
4516,2602,68,0,62313,168,"The Perfect Tribute",0,0,0,0,0,0,0,0,0,0,0,0,0,0,0,0,0,0,0,0,0,0,0,0
4517,2603,70,0,62313,168,"Sultana Dreaming",1533,0,0,0,0,0,0,0,0,0,0,0,0,0,0,0,0,0,0,0,0,0,0,0
4518,105,1,0,62314,169,"Way of the Leatherworker",0,0,0,0,0,0,0,0,0,0,0,0,0,0,0,0,0,0,0,0,0,0,0,0
4519,209,1,0,62314,169,"My First Head Knife",0,0,0,0,0,0,0,0,0,0,0,0,0,0,0,0,0,0,0,0,0,0,0,0
4520,106,5,0,62314,169,"A Test of Technique",0,0,0,0,0,0,0,0,0,0,0,0,0,0,0,0,0,0,0,0,0,0,0,0
4521,135,10,0,62314,169,"Geva's Gambit",0,0,0,0,0,0,0,0,0,0,0,0,0,0,0,0,0,0,0,0,0,0,0,0
4522,136,15,0,62314,169,"Working Hells for Leather",0,0,0,0,0,0,0,0,0,0,0,0,0,0,0,0,0,0,0,0,0,0,0,0
4523,137,20,0,62314,169,"Aldgoat Everything",0,0,0,0,0,0,0,0,0,0,0,0,0,0,0,0,0,0,0,0,0,0,0,0
4524,51,25,0,62314,169,"Skin in the Game",0,0,0,0,0,0,0,0,0,0,0,0,0,0,0,0,0,0,0,0,0,0,0,0
4525,61,30,0,62314,169,"Toadskins of the Father",0,0,0,0,0,0,0,0,0,0,0,0,0,0,0,0,0,0,0,0,0,0,0,0
4526,63,35,0,62314,169,"Lead by Example",0,0,0,0,0,0,0,0,0,0,0,0,0,0,0,0,0,0,0,0,0,0,0,0
4527,64,40,0,62314,169,"Brand Loyalty",0,0,0,0,0,0,0,0,0,0,0,0,0,0,0,0,0,0,0,0,0,0,0,0
4528,65,45,0,62314,169,"Dissension in the Ranks",0,0,0,0,0,0,0,0,0,0,0,0,0,0,0,0,0,0,0,0,0,0,0,0
4529,66,50,0,62314,169,"Accept No Imitations",291,0,0,0,0,0,0,0,0,0,0,0,0,0,0,0,0,0,0,0,0,0,0,0
4530,2075,50,0,62314,169,"Turndown Service",0,0,0,0,0,0,0,0,0,0,0,0,0,0,0,0,0,0,0,0,0,0,0,0
4531,2076,53,0,62314,169,"By Your Bootstraps",0,0,0,0,0,0,0,0,0,0,0,0,0,0,0,0,0,0,0,0,0,0,0,0
4532,2077,55,0,62314,169,"Perfect Pitch",0,0,0,0,0,0,0,0,0,0,0,0,0,0,0,0,0,0,0,0,0,0,0,0
4533,2078,58,0,62314,169,"From the Hoplon to the Brume",0,0,0,0,0,0,0,0,0,0,0,0,0,0,0,0,0,0,0,0,0,0,0,0
4534,2079,60,0,62314,169,"A Winter's Sale",950,0,0,0,0,0,0,0,0,0,0,0,0,0,0,0,0,0,0,0,0,0,0,0
4535,2609,60,0,62314,169,"A Taxing Request",0,0,0,0,0,0,0,0,0,0,0,0,0,0,0,0,0,0,0,0,0,0,0,0
4536,2610,63,0,62314,169,"Mounting Expectations",0,0,0,0,0,0,0,0,0,0,0,0,0,0,0,0,0,0,0,0,0,0,0,0
4537,2611,65,0,62314,169,"The Value of Life",0,0,0,0,0,0,0,0,0,0,0,0,0,0,0,0,0,0,0,0,0,0,0,0
4538,2614,68,0,62314,169,"The Trouble with Taxidermy",0,0,0,0,0,0,0,0,0,0,0,0,0,0,0,0,0,0,0,0,0,0,0,0
4539,2615,70,0,62314,169,"True to Life",1534,0,0,0,0,0,0,0,0,0,0,0,0,0,0,0,0,0,0,0,0,0,0,0
4540,534,1,0,62315,170,"Way of the Weaver",0,0,0,0,0,0,0,0,0,0,0,0,0,0,0,0,0,0,0,0,0,0,0,0
4541,535,1,0,62315,170,"My First Needle",0,0,0,0,0,0,0,0,0,0,0,0,0,0,0,0,0,0,0,0,0,0,0,0
4542,587,5,0,62315,170,"Once More unto the Breeches",0,0,0,0,0,0,0,0,0,0,0,0,0,0,0,0,0,0,0,0,0,0,0,0
4543,589,10,0,62315,170,"Alternative Applications",0,0,0,0,0,0,0,0,0,0,0,0,0,0,0,0,0,0,0,0,0,0,0,0
4544,590,15,0,62315,170,"Practical Needs",0,0,0,0,0,0,0,0,0,0,0,0,0,0,0,0,0,0,0,0,0,0,0,0
4545,591,20,0,62315,170,"Materia Concerns",0,0,0,0,0,0,0,0,0,0,0,0,0,0,0,0,0,0,0,0,0,0,0,0
4546,592,25,0,62315,170,"That Velveteen Dress",0,0,0,0,0,0,0,0,0,0,0,0,0,0,0,0,0,0,0,0,0,0,0,0
4547,593,30,0,62315,170,"Miner on a Mission",0,0,0,0,0,0,0,0,0,0,0,0,0,0,0,0,0,0,0,0,0,0,0,0
4548,651,35,0,62315,170,"Designed by Committee",0,0,0,0,0,0,0,0,0,0,0,0,0,0,0,0,0,0,0,0,0,0,0,0
4549,652,40,0,62315,170,"A Subtle Inquiry",0,0,0,0,0,0,0,0,0,0,0,0,0,0,0,0,0,0,0,0,0,0,0,0
4550,653,45,0,62315,170,"The Intervention",0,0,0,0,0,0,0,0,0,0,0,0,0,0,0,0,0,0,0,0,0,0,0,0
4551,654,50,0,62315,170,"A Miner Reborn",285,0,0,0,0,0,0,0,0,0,0,0,0,0,0,0,0,0,0,0,0,0,0,0
4552,2002,50,0,62315,170,"The Social Knitwork",0,0,0,0,0,0,0,0,0,0,0,0,0,0,0,0,0,0,0,0,0,0,0,0
4553,2003,53,0,62315,170,"Tomboy Foolery",0,0,0,0,0,0,0,0,0,0,0,0,0,0,0,0,0,0,0,0,0,0,0,0
4554,2004,55,0,62315,170,"For Lover and Country",0,0,0,0,0,0,0,0,0,0,0,0,0,0,0,0,0,0,0,0,0,0,0,0
4555,2005,58,0,62315,170,"Spinning the Truth",0,0,0,0,0,0,0,0,0,0,0,0,0,0,0,0,0,0,0,0,0,0,0,0
4556,2006,60,0,62315,170,"Never Leave without a Good-bye",951,0,0,0,0,0,0,0,0,0,0,0,0,0,0,0,0,0,0,0,0,0,0,0
4557,2431,60,0,62315,170,"When East Meets West",0,0,0,0,0,0,0,0,0,0,0,0,0,0,0,0,0,0,0,0,0,0,0,0
4558,2432,63,0,62315,170,"The Butterfly Effect",0,0,0,0,0,0,0,0,0,0,0,0,0,0,0,0,0,0,0,0,0,0,0,0
4559,2433,65,0,62315,170,"The Crane's Caveat",0,0,0,0,0,0,0,0,0,0,0,0,0,0,0,0,0,0,0,0,0,0,0,0
4560,2434,68,0,62315,170,"A Geiko for All Seasons",0,0,0,0,0,0,0,0,0,0,0,0,0,0,0,0,0,0,0,0,0,0,0,0
4561,2435,70,0,62315,170,"Send Me an Angel",1535,0,0,0,0,0,0,0,0,0,0,0,0,0,0,0,0,0,0,0,0,0,0,0
4562,575,1,0,62316,171,"Way of the Alchemist",0,0,0,0,0,0,0,0,0,0,0,0,0,0,0,0,0,0,0,0,0,0,0,0
4563,577,1,0,62316,171,"My First Alembic",0,0,0,0,0,0,0,0,0,0,0,0,0,0,0,0,0,0,0,0,0,0,0,0
4564,578,5,0,62316,171,"The Second Principle",0,0,0,0,0,0,0,0,0,0,0,0,0,0,0,0,0,0,0,0,0,0,0,0
4565,580,10,0,62316,171,"All of Your Beeswax",0,0,0,0,0,0,0,0,0,0,0,0,0,0,0,0,0,0,0,0,0,0,0,0
4566,581,15,0,62316,171,"For Fair Love",0,0,0,0,0,0,0,0,0,0,0,0,0,0,0,0,0,0,0,0,0,0,0,0
4567,582,20,0,62316,171,"The Arcanist's Tome",0,0,0,0,0,0,0,0,0,0,0,0,0,0,0,0,0,0,0,0,0,0,0,0
4568,583,25,0,62316,171,"Practical Alchemy",0,0,0,0,0,0,0,0,0,0,0,0,0,0,0,0,0,0,0,0,0,0,0,0
4569,584,30,0,62316,171,"Baleful Brews",0,0,0,0,0,0,0,0,0,0,0,0,0,0,0,0,0,0,0,0,0,0,0,0
4570,647,35,0,62316,171,"Cease and Assist",0,0,0,0,0,0,0,0,0,0,0,0,0,0,0,0,0,0,0,0,0,0,0,0
4571,648,40,0,62316,171,"Might Made Right",0,0,0,0,0,0,0,0,0,0,0,0,0,0,0,0,0,0,0,0,0,0,0,0
4572,649,45,0,62316,171,"Ultimate Alchemy",0,0,0,0,0,0,0,0,0,0,0,0,0,0,0,0,0,0,0,0,0,0,0,0
4573,650,50,0,62316,171,"Momentary Miracle",289,0,0,0,0,0,0,0,0,0,0,0,0,0,0,0,0,0,0,0,0,0,0,0
4574,2065,50,0,62316,171,"Without a Trace",0,0,0,0,0,0,0,0,0,0,0,0,0,0,0,0,0,0,0,0,0,0,0,0
4575,2066,53,0,62316,171,"Magic Marks the Spot",0,0,0,0,0,0,0,0,0,0,0,0,0,0,0,0,0,0,0,0,0,0,0,0
4576,2067,55,0,62316,171,"From Hells",0,0,0,0,0,0,0,0,0,0,0,0,0,0,0,0,0,0,0,0,0,0,0,0
4577,2068,58,0,62316,171,"Burden of Proof",0,0,0,0,0,0,0,0,0,0,0,0,0,0,0,0,0,0,0,0,0,0,0,0
4578,2069,60,0,62316,171,"What Death Can Join Together",952,0,0,0,0,0,0,0,0,0,0,0,0,0,0,0,0,0,0,0,0,0,0,0
4579,2436,60,0,62316,171,"Not Quite Dead Yet",0,0,0,0,0,0,0,0,0,0,0,0,0,0,0,0,0,0,0,0,0,0,0,0
4580,2437,63,0,62316,171,"The Forbidden Blade",0,0,0,0,0,0,0,0,0,0,0,0,0,0,0,0,0,0,0,0,0,0,0,0
4581,2438,65,0,62316,171,"Do Goldsmiths Dream of Gilded Sheep",0,0,0,0,0,0,0,0,0,0,0,0,0,0,0,0,0,0,0,0,0,0,0,0
4582,2439,68,0,62316,171,"No Sin Unpunished",0,0,0,0,0,0,0,0,0,0,0,0,0,0,0,0,0,0,0,0,0,0,0,0
4583,2440,70,0,62316,171,"A Love Beyond Lifetimes",1536,0,0,0,0,0,0,0,0,0,0,0,0,0,0,0,0,0,0,0,0,0,0,0
4584,271,1,0,62317,172,"Way of the Culinarian",0,0,0,0,0,0,0,0,0,0,0,0,0,0,0,0,0,0,0,0,0,0,0,0
4585,254,1,0,62317,172,"My First Skillet",0,0,0,0,0,0,0,0,0,0,0,0,0,0,0,0,0,0,0,0,0,0,0,0
4586,255,5,0,62317,172,"A Treat of Trout",0,0,0,0,0,0,0,0,0,0,0,0,0,0,0,0,0,0,0,0,0,0,0,0
4587,257,10,0,62317,172,"Dodo It Yourself",0,0,0,0,0,0,0,0,0,0,0,0,0,0,0,0,0,0,0,0,0,0,0,0
4588,258,15,0,62317,172,"On a Skewer Tip",0,0,0,0,0,0,0,0,0,0,0,0,0,0,0,0,0,0,0,0,0,0,0,0
4589,259,20,0,62317,172,"Releasing a Burden",0,0,0,0,0,0,0,0,0,0,0,0,0,0,0,0,0,0,0,0,0,0,0,0
4590,260,25,0,62317,172,"Winning Friends with Aldgoat",0,0,0,0,0,0,0,0,0,0,0,0,0,0,0,0,0,0,0,0,0,0,0,0
4591,266,30,0,62317,172,"The Chefsbane Cometh",0,0,0,0,0,0,0,0,0,0,0,0,0,0,0,0,0,0,0,0,0,0,0,0
4592,267,35,0,62317,172,"Of Cooks and Books",0,0,0,0,0,0,0,0,0,0,0,0,0,0,0,0,0,0,0,0,0,0,0,0
4593,268,40,0,62317,172,"Diplomacy of the Skillet",0,0,0,0,0,0,0,0,0,0,0,0,0,0,0,0,0,0,0,0,0,0,0,0
4594,269,45,0,62317,172,"A Taste of Home",0,0,0,0,0,0,0,0,0,0,0,0,0,0,0,0,0,0,0,0,0,0,0,0
4595,270,50,0,62317,172,"Revenge of the Chefsbane",33,0,0,0,0,0,0,0,0,0,0,0,0,0,0,0,0,0,0,0,0,0,0,0
4596,2043,50,0,62317,172,"Wait on Me",0,0,0,0,0,0,0,0,0,0,0,0,0,0,0,0,0,0,0,0,0,0,0,0
4597,2044,53,0,62317,172,"A Spoonful Less Sugar",0,0,0,0,0,0,0,0,0,0,0,0,0,0,0,0,0,0,0,0,0,0,0,0
4598,2045,55,0,62317,172,"Looking for Some Hot Stuff",0,0,0,0,0,0,0,0,0,0,0,0,0,0,0,0,0,0,0,0,0,0,0,0
4599,2046,58,0,62317,172,"Love Meat Tender",0,0,0,0,0,0,0,0,0,0,0,0,0,0,0,0,0,0,0,0,0,0,0,0
4600,2047,60,0,62317,172,"The Spirit of Hospitality",953,0,0,0,0,0,0,0,0,0,0,0,0,0,0,0,0,0,0,0,0,0,0,0
4601,2604,60,0,62317,172,"Flavors of the Far East",0,0,0,0,0,0,0,0,0,0,0,0,0,0,0,0,0,0,0,0,0,0,0,0
4602,2605,63,0,62317,172,"Rice to the Occasion",0,0,0,0,0,0,0,0,0,0,0,0,0,0,0,0,0,0,0,0,0,0,0,0
4603,2606,65,0,62317,172,"A Broth from the Brine",0,0,0,0,0,0,0,0,0,0,0,0,0,0,0,0,0,0,0,0,0,0,0,0
4604,2607,68,0,62317,172,"Teach a Man to Make Fish",0,0,0,0,0,0,0,0,0,0,0,0,0,0,0,0,0,0,0,0,0,0,0,0
4605,2608,70,0,62317,172,"The Way to a Father's Heart",1537,0,0,0,0,0,0,0,0,0,0,0,0,0,0,0,0,0,0,0,0,0,0,0
4606,597,1,0,62318,173,"Way of the Miner",0,0,0,0,0,0,0,0,0,0,0,0,0,0,0,0,0,0,0,0,0,0,0,0
4607,599,1,0,62318,173,"My First Pickaxe",0,0,0,0,0,0,0,0,0,0,0,0,0,0,0,0,0,0,0,0,0,0,0,0
4608,600,5,0,62318,173,"Know Thy Land",0,0,0,0,0,0,0,0,0,0,0,0,0,0,0,0,0,0,0,0,0,0,0,0
4609,602,10,0,62318,173,"The Cutting Edge",0,0,0,0,0,0,0,0,0,0,0,0,0,0,0,0,0,0,0,0,0,0,0,0
4610,603,15,0,62318,173,"Getting in Deep",0,0,0,0,0,0,0,0,0,0,0,0,0,0,0,0,0,0,0,0,0,0,0,0
4611,604,20,0,62318,173,"Old Wisdom, New Ways",0,0,0,0,0,0,0,0,0,0,0,0,0,0,0,0,0,0,0,0,0,0,0,0
4612,605,25,0,62318,173,"Water from Stone",0,0,0,0,0,0,0,0,0,0,0,0,0,0,0,0,0,0,0,0,0,0,0,0
4613,606,30,0,62318,173,"Obsidian Race",0,0,0,0,0,0,0,0,0,0,0,0,0,0,0,0,0,0,0,0,0,0,0,0
4614,643,35,0,62318,173,"Amethysts Are Forever",0,0,0,0,0,0,0,0,0,0,0,0,0,0,0,0,0,0,0,0,0,0,0,0
4615,644,40,0,62318,173,"To Die For",0,0,0,0,0,0,0,0,0,0,0,0,0,0,0,0,0,0,0,0,0,0,0,0
4616,645,45,0,62318,173,"Gulley of Woes",0,0,0,0,0,0,0,0,0,0,0,0,0,0,0,0,0,0,0,0,0,0,0,0
4617,646,50,0,62318,173,"Canyon of Regret",292,0,0,0,0,0,0,0,0,0,0,0,0,0,0,0,0,0,0,0,0,0,0,0
4618,2080,50,0,62318,173,"Breaking New Ground",0,0,0,0,0,0,0,0,0,0,0,0,0,0,0,0,0,0,0,0,0,0,0,0
4619,2081,53,0,62318,173,"Sellspade",0,0,0,0,0,0,0,0,0,0,0,0,0,0,0,0,0,0,0,0,0,0,0,0
4620,2082,55,0,62318,173,"The Same Vein",0,0,0,0,0,0,0,0,0,0,0,0,0,0,0,0,0,0,0,0,0,0,0,0
4621,2083,58,0,62318,173,"Digging Deeper",0,0,0,0,0,0,0,0,0,0,0,0,0,0,0,0,0,0,0,0,0,0,0,0
4622,2084,60,0,62318,173,"The Hole Truth",954,0,0,0,0,0,0,0,0,0,0,0,0,0,0,0,0,0,0,0,0,0,0,0
4623,2554,60,0,62318,173,"Gift of the Gob",0,0,0,0,0,0,0,0,0,0,0,0,0,0,0,0,0,0,0,0,0,0,0,0
4624,2555,63,0,62318,173,"Thick Skin",0,0,0,0,0,0,0,0,0,0,0,0,0,0,0,0,0,0,0,0,0,0,0,0
4625,2556,65,0,62318,173,"Pedal to the Metal",0,0,0,0,0,0,0,0,0,0,0,0,0,0,0,0,0,0,0,0,0,0,0,0
4626,2557,68,0,62318,173,"Where the Money Takes You",0,0,0,0,0,0,0,0,0,0,0,0,0,0,0,0,0,0,0,0,0,0,0,0
4627,2558,70,0,62318,173,"A Miner Success",1539,0,0,0,0,0,0,0,0,0,0,0,0,0,0,0,0,0,0,0,0,0,0,0
4628,3,1,0,62319,174,"Way of the Botanist",0,0,0,0,0,0,0,0,0,0,0,0,0,0,0,0,0,0,0,0,0,0,0,0
4629,208,1,0,62319,174,"My First Hatchet",0,0,0,0,0,0,0,0,0,0,0,0,0,0,0,0,0,0,0,0,0,0,0,0
4630,4,5,0,62319,174,"Sap for Smiles",0,0,0,0,0,0,0,0,0,0,0,0,0,0,0,0,0,0,0,0,0,0,0,0
4631,5,10,0,62319,174,"Weapons of a Feather",0,0,0,0,0,0,0,0,0,0,0,0,0,0,0,0,0,0,0,0,0,0,0,0
4632,6,15,0,62319,174,"Haste Makes Waste",0,0,0,0,0,0,0,0,0,0,0,0,0,0,0,0,0,0,0,0,0,0,0,0
4633,7,20,0,62319,174,"Dressed to Harvest",0,0,0,0,0,0,0,0,0,0,0,0,0,0,0,0,0,0,0,0,0,0,0,0
4634,8,25,0,62319,174,"Aromatic Aspirations",0,0,0,0,0,0,0,0,0,0,0,0,0,0,0,0,0,0,0,0,0,0,0,0
4635,9,30,0,62319,174,"What Nature Giveth",0,0,0,0,0,0,0,0,0,0,0,0,0,0,0,0,0,0,0,0,0,0,0,0
4636,10,35,0,62319,174,"A Feast to Say the Least",0,0,0,0,0,0,0,0,0,0,0,0,0,0,0,0,0,0,0,0,0,0,0,0
4637,11,40,0,62319,174,"Crisis of Faith",0,0,0,0,0,0,0,0,0,0,0,0,0,0,0,0,0,0,0,0,0,0,0,0
4638,12,45,0,62319,174,"Botanist in a Bind",0,0,0,0,0,0,0,0,0,0,0,0,0,0,0,0,0,0,0,0,0,0,0,0
4639,13,50,0,62319,174,"Seeds of Hope",73,0,0,0,0,0,0,0,0,0,0,0,0,0,0,0,0,0,0,0,0,0,0,0
4640,2048,50,0,62319,174,"Call from the Clouds",0,0,0,0,0,0,0,0,0,0,0,0,0,0,0,0,0,0,0,0,0,0,0,0
4641,2049,53,0,62319,174,"Onions of Life Bestowing",0,0,0,0,0,0,0,0,0,0,0,0,0,0,0,0,0,0,0,0,0,0,0,0
4642,2050,55,0,62319,174,"Two Nations, One Seed",0,0,0,0,0,0,0,0,0,0,0,0,0,0,0,0,0,0,0,0,0,0,0,0
4643,2051,58,0,62319,174,"Love for Harmony",0,0,0,0,0,0,0,0,0,0,0,0,0,0,0,0,0,0,0,0,0,0,0,0
4644,2052,60,0,62319,174,"Seeds Know No Borders",955,0,0,0,0,0,0,0,0,0,0,0,0,0,0,0,0,0,0,0,0,0,0,0
4645,2620,60,0,62319,174,"Never Meet Your Heroes",0,0,0,0,0,0,0,0,0,0,0,0,0,0,0,0,0,0,0,0,0,0,0,0
4646,2621,63,0,62319,174,"You Say Popoto, I Say...",0,0,0,0,0,0,0,0,0,0,0,0,0,0,0,0,0,0,0,0,0,0,0,0
4647,2622,65,0,62319,174,"Walking for Walker's",0,0,0,0,0,0,0,0,0,0,0,0,0,0,0,0,0,0,0,0,0,0,0,0
4648,2623,68,0,62319,174,"The White Death",0,0,0,0,0,0,0,0,0,0,0,0,0,0,0,0,0,0,0,0,0,0,0,0
4649,2624,70,0,62319,174,"Edgyth's Winning Streak",1538,0,0,0,0,0,0,0,0,0,0,0,0,0,0,0,0,0,0,0,0,0,0,0
4650,1107,1,0,62320,175,"Way of the Fisher",0,0,0,0,0,0,0,0,0,0,0,0,0,0,0,0,0,0,0,0,0,0,0,0
4651,1108,1,0,62320,175,"My First Fishing Rod",0,0,0,0,0,0,0,0,0,0,0,0,0,0,0,0,0,0,0,0,0,0,0,0
4652,1109,5,0,62320,175,"Bigger Fish to Fry",0,0,0,0,0,0,0,0,0,0,0,0,0,0,0,0,0,0,0,0,0,0,0,0
4653,1110,10,0,62320,175,"The Princess and the Fish",0,0,0,0,0,0,0,0,0,0,0,0,0,0,0,0,0,0,0,0,0,0,0,0
4654,1111,15,0,62320,175,"Every Fish Has a Silver Lining",0,0,0,0,0,0,0,0,0,0,0,0,0,0,0,0,0,0,0,0,0,0,0,0
4655,1112,20,0,62320,175,"A Fish in Hot Water",0,0,0,0,0,0,0,0,0,0,0,0,0,0,0,0,0,0,0,0,0,0,0,0
4656,1113,25,0,62320,175,"A Game of Cat and Fish",0,0,0,0,0,0,0,0,0,0,0,0,0,0,0,0,0,0,0,0,0,0,0,0
4657,1114,30,0,62320,175,"Like Fish Passing in the Night",0,0,0,0,0,0,0,0,0,0,0,0,0,0,0,0,0,0,0,0,0,0,0,0
4658,1115,35,0,62320,175,"A Fish out of Water",0,0,0,0,0,0,0,0,0,0,0,0,0,0,0,0,0,0,0,0,0,0,0,0
4659,1116,40,0,62320,175,"Fishing in the Rain",0,0,0,0,0,0,0,0,0,0,0,0,0,0,0,0,0,0,0,0,0,0,0,0
4660,1117,45,0,62320,175,"I Believe Fish Can Fly",0,0,0,0,0,0,0,0,0,0,0,0,0,0,0,0,0,0,0,0,0,0,0,0
4661,1118,50,0,62320,175,"So Long, and Thanks for All the Fish",149,0,0,0,0,0,0,0,0,0,0,0,0,0,0,0,0,0,0,0,0,0,0,0
4662,2085,50,0,62320,175,"Plenty More Fish in the Sea",0,0,0,0,0,0,0,0,0,0,0,0,0,0,0,0,0,0,0,0,0,0,0,0
4663,2086,53,0,62320,175,"The Icepick Challenge",0,0,0,0,0,0,0,0,0,0,0,0,0,0,0,0,0,0,0,0,0,0,0,0
4664,2087,55,0,62320,175,"Invasion of the Supper Snatchers",0,0,0,0,0,0,0,0,0,0,0,0,0,0,0,0,0,0,0,0,0,0,0,0
4665,2088,58,0,62320,175,"One Man's Fish Is Another Man's Poison",0,0,0,0,0,0,0,0,0,0,0,0,0,0,0,0,0,0,0,0,0,0,0,0
4666,2089,60,0,62320,175,"Carpe Diem",956,0,0,0,0,0,0,0,0,0,0,0,0,0,0,0,0,0,0,0,0,0,0,0
4667,2895,60,0,62320,175,"Whither Wawalago Wanders",0,0,0,0,0,0,0,0,0,0,0,0,0,0,0,0,0,0,0,0,0,0,0,0
4668,2896,63,0,62320,175,"A Rousing Reunion",0,0,0,0,0,0,0,0,0,0,0,0,0,0,0,0,0,0,0,0,0,0,0,0
4669,2897,65,0,62320,175,"Search for the Spawning Grounds",0,0,0,0,0,0,0,0,0,0,0,0,0,0,0,0,0,0,0,0,0,0,0,0
4670,2898,68,0,62320,175,"Always a Bigger Fish",0,0,0,0,0,0,0,0,0,0,0,0,0,0,0,0,0,0,0,0,0,0,0,0
4671,2899,70,0,62320,175,"Farewell, and Thanks for the Fish",1540,0,0,0,0,0,0,0,0,0,0,0,0,0,0,0,0,0,0,0,0,0,0,0
4672,3227,70,0,61419,199,"Iola, Forgemaster",0,0,0,0,0,0,0,0,0,0,0,0,0,0,0,0,0,0,0,0,0,0,0,0
4673,3228,75,0,61411,199,"To Struggle Nu Mou",0,0,0,0,0,0,0,0,0,0,0,0,0,0,0,0,0,0,0,0,0,0,0,0
4674,3229,80,0,61411,199,"The Iron Bellows",2115,0,0,0,0,0,0,0,0,0,0,0,0,0,0,0,0,0,0,0,0,0,0,0
4675,3230,70,0,61419,200,"Cherished Memories",0,0,0,0,0,0,0,0,0,0,0,0,0,0,0,0,0,0,0,0,0,0,0,0
4676,3231,75,0,61411,200,"For Sentimental Reasons",0,0,0,0,0,0,0,0,0,0,0,0,0,0,0,0,0,0,0,0,0,0,0,0
4677,3232,80,0,61411,200,"The Notes of Bond Restoring",2116,0,0,0,0,0,0,0,0,0,0,0,0,0,0,0,0,0,0,0,0,0,0,0
4678,3233,70,0,61419,201,"Friends of a Feather",0,0,0,0,0,0,0,0,0,0,0,0,0,0,0,0,0,0,0,0,0,0,0,0
4679,3234,75,0,61411,201,"Where We Belong",0,0,0,0,0,0,0,0,0,0,0,0,0,0,0,0,0,0,0,0,0,0,0,0
4680,3235,80,0,61411,201,"Healing Old Wounds",2117,0,0,0,0,0,0,0,0,0,0,0,0,0,0,0,0,0,0,0,0,0,0,0
4681,3236,70,0,61419,202,"On the Trail of a Myth",0,0,0,0,0,0,0,0,0,0,0,0,0,0,0,0,0,0,0,0,0,0,0,0
4682,3237,75,0,61411,202,"Shedding Light on the Myth",0,0,0,0,0,0,0,0,0,0,0,0,0,0,0,0,0,0,0,0,0,0,0,0
4683,3238,80,0,61411,202,"The Myth Takes Form",2118,0,0,0,0,0,0,0,0,0,0,0,0,0,0,0,0,0,0,0,0,0,0,0
4684,3239,70,0,61419,203,"Well Eel Be Damned",0,0,0,0,0,0,0,0,0,0,0,0,0,0,0,0,0,0,0,0,0,0,0,0
4685,3240,75,0,61411,203,"Fishing for Confidence",0,0,0,0,0,0,0,0,0,0,0,0,0,0,0,0,0,0,0,0,0,0,0,0
4686,3241,80,0,61411,203,"Morsel of the Deep",2119,0,0,0,0,0,0,0,0,0,0,0,0,0,0,0,0,0,0,0,0,0,0,0
4687,3655,70,0,61419,204,"The Crystalline Mean",0,0,0,0,0,0,0,0,0,0,0,0,0,0,0,0,0,0,0,0,0,0,0,0
4688,3242,80,0,61411,204,"For Every Child a Star",2120,0,0,0,0,0,0,0,0,0,0,0,0,0,0,0,0,0,0,0,0,0,0,0
4689,4132,80,0,62521,205,"Professor Rurusha's New Friend",0,0,0,0,0,0,0,0,0,0,0,0,0,0,0,0,0,0,0,0,0,0,0,0
4690,4133,80,0,62521,205,"The Dormant Dhyata",0,0,0,0,0,0,0,0,0,0,0,0,0,0,0,0,0,0,0,0,0,0,0,0
4691,4134,83,0,62521,205,"Gears of Gold",0,0,0,0,0,0,0,0,0,0,0,0,0,0,0,0,0,0,0,0,0,0,0,0
4692,4135,85,0,62521,205,"Rubbished Research",0,0,0,0,0,0,0,0,0,0,0,0,0,0,0,0,0,0,0,0,0,0,0,0
4693,4136,85,0,62521,205,"Boric's Choice",0,0,0,0,0,0,0,0,0,0,0,0,0,0,0,0,0,0,0,0,0,0,0,0
4694,4137,88,0,62521,205,"A Friend in Need",0,0,0,0,0,0,0,0,0,0,0,0,0,0,0,0,0,0,0,0,0,0,0,0
4695,4138,90,0,62521,205,"Wayback Machine",2587,0,0,0,0,0,0,0,0,0,0,0,0,0,0,0,0,0,0,0,0,0,0,0
4696,4139,80,0,62521,206,"In Search of the Azure Star",0,0,0,0,0,0,0,0,0,0,0,0,0,0,0,0,0,0,0,0,0,0,0,0
4697,4140,80,0,62521,206,"The World without You",0,0,0,0,0,0,0,0,0,0,0,0,0,0,0,0,0,0,0,0,0,0,0,0
4698,4141,83,0,62521,206,"Poetry Recital",0,0,0,0,0,0,0,0,0,0,0,0,0,0,0,0,0,0,0,0,0,0,0,0
4699,4142,85,0,62521,206,"One Step Forward",0,0,0,0,0,0,0,0,0,0,0,0,0,0,0,0,0,0,0,0,0,0,0,0
4700,4143,85,0,62521,206,"A Ten-year Promise",0,0,0,0,0,0,0,0,0,0,0,0,0,0,0,0,0,0,0,0,0,0,0,0
4701,4144,88,0,62521,206,"An Astronomical Growth",0,0,0,0,0,0,0,0,0,0,0,0,0,0,0,0,0,0,0,0,0,0,0,0
4702,4145,90,0,62521,206,"The Promised Star",2588,0,0,0,0,0,0,0,0,0,0,0,0,0,0,0,0,0,0,0,0,0,0,0
4703,4146,80,0,62521,207,"Perfectly Awful",0,0,0,0,0,0,0,0,0,0,0,0,0,0,0,0,0,0,0,0,0,0,0,0
4704,4147,80,0,62521,207,"Make It Sweeter",0,0,0,0,0,0,0,0,0,0,0,0,0,0,0,0,0,0,0,0,0,0,0,0
4705,4148,83,0,62521,207,"Remember the Texture",0,0,0,0,0,0,0,0,0,0,0,0,0,0,0,0,0,0,0,0,0,0,0,0
4706,4149,85,0,62521,207,"Aroma Is Key",0,0,0,0,0,0,0,0,0,0,0,0,0,0,0,0,0,0,0,0,0,0,0,0
4707,4150,85,0,62521,207,"Long Live the Gourmet",0,0,0,0,0,0,0,0,0,0,0,0,0,0,0,0,0,0,0,0,0,0,0,0
4708,4151,88,0,62521,207,"Perfectly Delectable",0,0,0,0,0,0,0,0,0,0,0,0,0,0,0,0,0,0,0,0,0,0,0,0
4709,4152,90,0,62521,207,"Sharlayan Cuisine",2589,0,0,0,0,0,0,0,0,0,0,0,0,0,0,0,0,0,0,0,0,0,0,0
4710,4153,80,0,62521,208,"Cultured Pursuits",0,0,0,0,0,0,0,0,0,0,0,0,0,0,0,0,0,0,0,0,0,0,0,0
4711,4154,80,0,62521,208,"Cooking Up a Culture",0,0,0,0,0,0,0,0,0,0,0,0,0,0,0,0,0,0,0,0,0,0,0,0
4712,4155,83,0,62521,208,"The Culture of Ceruleum",0,0,0,0,0,0,0,0,0,0,0,0,0,0,0,0,0,0,0,0,0,0,0,0
4713,4156,85,0,62521,208,"The Culture of Carrots",0,0,0,0,0,0,0,0,0,0,0,0,0,0,0,0,0,0,0,0,0,0,0,0
4714,4157,85,0,62521,208,"Hinageshi in Hingashi",0,0,0,0,0,0,0,0,0,0,0,0,0,0,0,0,0,0,0,0,0,0,0,0
4715,4158,88,0,62521,208,"The Culture of the Past",0,0,0,0,0,0,0,0,0,0,0,0,0,0,0,0,0,0,0,0,0,0,0,0
4716,4159,90,0,62521,208,"The Culture of Love",2590,0,0,0,0,0,0,0,0,0,0,0,0,0,0,0,0,0,0,0,0,0,0,0
4717,4160,80,0,62521,209,"Fear the Thesis",0,0,0,0,0,0,0,0,0,0,0,0,0,0,0,0,0,0,0,0,0,0,0,0
4718,4161,80,0,62521,209,"Go with the Flow",0,0,0,0,0,0,0,0,0,0,0,0,0,0,0,0,0,0,0,0,0,0,0,0
4719,4162,83,0,62521,209,"Data across the Decades",0,0,0,0,0,0,0,0,0,0,0,0,0,0,0,0,0,0,0,0,0,0,0,0
4720,4163,85,0,62521,209,"History Lesson",0,0,0,0,0,0,0,0,0,0,0,0,0,0,0,0,0,0,0,0,0,0,0,0
4721,4164,85,0,62521,209,"The Wandering Whale",0,0,0,0,0,0,0,0,0,0,0,0,0,0,0,0,0,0,0,0,0,0,0,0
4722,4165,88,0,62521,209,"Fish Time Forgot",0,0,0,0,0,0,0,0,0,0,0,0,0,0,0,0,0,0,0,0,0,0,0,0
4723,4166,90,0,62521,209,"Pastures New",2591,0,0,0,0,0,0,0,0,0,0,0,0,0,0,0,0,0,0,0,0,0,0,0
4724,4473,80,0,62521,210,"The Faculty",0,0,0,0,0,0,0,0,0,0,0,0,0,0,0,0,0,0,0,0,0,0,0,0
4725,4474,90,0,62521,210,"The Meeting of Minds",2592,0,0,0,0,0,0,0,0,0,0,0,0,0,0,0,0,0,0,0,0,0,0,0
4726,4968,90,0,62523,211,"Your Friendly Neighborhood Metalworker",0,0,0,0,0,0,0,0,0,0,0,0,0,0,0,0,0,0,0,0,0,0,0,0
4727,4969,90,0,62523,211,"Hard to Reed",0,0,0,0,0,0,0,0,0,0,0,0,0,0,0,0,0,0,0,0,0,0,0,0
4728,4970,93,0,62523,211,"Hey, Aunt Tii",0,0,0,0,0,0,0,0,0,0,0,0,0,0,0,0,0,0,0,0,0,0,0,0
4729,4971,95,0,62523,211,"A Job Quickly Done",0,0,0,0,0,0,0,0,0,0,0,0,0,0,0,0,0,0,0,0,0,0,0,0
4730,4972,95,0,62523,211,"Teamwork Makes the Craftwork",0,0,0,0,0,0,0,0,0,0,0,0,0,0,0,0,0,0,0,0,0,0,0,0
4731,4973,98,0,62523,211,"A New Kind of Metalware",0,0,0,0,0,0,0,0,0,0,0,0,0,0,0,0,0,0,0,0,0,0,0,0
4732,4974,100,0,62523,211,"A Dream Come True",3441,0,0,0,0,0,0,0,0,0,0,0,0,0,0,0,0,0,0,0,0,0,0,0
4733,4975,90,0,62523,212,"Pameka, the Scrivener",0,0,0,0,0,0,0,0,0,0,0,0,0,0,0,0,0,0,0,0,0,0,0,0
4734,4976,90,0,62523,212,"Hanu Opportunities",0,0,0,0,0,0,0,0,0,0,0,0,0,0,0,0,0,0,0,0,0,0,0,0
4735,4977,93,0,62523,212,"This Little Pelu",0,0,0,0,0,0,0,0,0,0,0,0,0,0,0,0,0,0,0,0,0,0,0,0
4736,4978,95,0,62523,212,"Oldton Roads",0,0,0,0,0,0,0,0,0,0,0,0,0,0,0,0,0,0,0,0,0,0,0,0
4737,4979,95,0,62523,212,"Written in Stone",0,0,0,0,0,0,0,0,0,0,0,0,0,0,0,0,0,0,0,0,0,0,0,0
4738,4980,98,0,62523,212,"Reaching for the Sky",0,0,0,0,0,0,0,0,0,0,0,0,0,0,0,0,0,0,0,0,0,0,0,0
4739,4981,100,0,62523,212,"A Place in the Sun",3442,0,0,0,0,0,0,0,0,0,0,0,0,0,0,0,0,0,0,0,0,0,0,0
4740,4982,90,0,62523,213,"Blame It on My Juice",0,0,0,0,0,0,0,0,0,0,0,0,0,0,0,0,0,0,0,0,0,0,0,0
4741,4983,90,0,62523,213,"Mon Cherimoya",0,0,0,0,0,0,0,0,0,0,0,0,0,0,0,0,0,0,0,0,0,0,0,0
4742,4984,93,0,62523,213,"A Drink for Everymobbie",0,0,0,0,0,0,0,0,0,0,0,0,0,0,0,0,0,0,0,0,0,0,0,0
4743,4985,95,0,62523,213,"Halnaruk the Helphand",0,0,0,0,0,0,0,0,0,0,0,0,0,0,0,0,0,0,0,0,0,0,0,0
4744,4986,95,0,62523,213,"The Missing Drink",0,0,0,0,0,0,0,0,0,0,0,0,0,0,0,0,0,0,0,0,0,0,0,0
4745,4987,98,0,62523,213,"Good Hydrations",0,0,0,0,0,0,0,0,0,0,0,0,0,0,0,0,0,0,0,0,0,0,0,0
4746,4988,100,0,62523,213,"Three Cheers for Sweet Juice",3443,0,0,0,0,0,0,0,0,0,0,0,0,0,0,0,0,0,0,0,0,0,0,0
4747,4989,90,0,62523,214,"Hands for Hire",0,0,0,0,0,0,0,0,0,0,0,0,0,0,0,0,0,0,0,0,0,0,0,0
4748,4990,90,0,62523,214,"Test of Talents",0,0,0,0,0,0,0,0,0,0,0,0,0,0,0,0,0,0,0,0,0,0,0,0
4749,4991,93,0,62523,214,"A Discerning Eye",0,0,0,0,0,0,0,0,0,0,0,0,0,0,0,0,0,0,0,0,0,0,0,0
4750,4992,95,0,62523,214,"As Nature Intends",0,0,0,0,0,0,0,0,0,0,0,0,0,0,0,0,0,0,0,0,0,0,0,0
4751,4993,95,0,62523,214,"The Cycle of Life",0,0,0,0,0,0,0,0,0,0,0,0,0,0,0,0,0,0,0,0,0,0,0,0
4752,4994,98,0,62523,214,"Digging Up the Truth",0,0,0,0,0,0,0,0,0,0,0,0,0,0,0,0,0,0,0,0,0,0,0,0
4753,4995,100,0,62523,214,"Wellspring of Tears",3444,0,0,0,0,0,0,0,0,0,0,0,0,0,0,0,0,0,0,0,0,0,0,0
4754,4996,90,0,62523,215,"Fishmonger Blues",0,0,0,0,0,0,0,0,0,0,0,0,0,0,0,0,0,0,0,0,0,0,0,0
4755,4997,90,0,62523,215,"When Wishes Are Fishes",0,0,0,0,0,0,0,0,0,0,0,0,0,0,0,0,0,0,0,0,0,0,0,0
4756,4998,93,0,62523,215,"Scaling Up Demand",0,0,0,0,0,0,0,0,0,0,0,0,0,0,0,0,0,0,0,0,0,0,0,0
4757,4999,95,0,62523,215,"Big Body, Big Beauty",0,0,0,0,0,0,0,0,0,0,0,0,0,0,0,0,0,0,0,0,0,0,0,0
4758,5000,95,0,62523,215,"Donuhanu's Devotion",0,0,0,0,0,0,0,0,0,0,0,0,0,0,0,0,0,0,0,0,0,0,0,0
4759,5001,98,0,62523,215,"Catching Breath",0,0,0,0,0,0,0,0,0,0,0,0,0,0,0,0,0,0,0,0,0,0,0,0
4760,5002,100,0,62523,215,"An Odd Fish Odyssey",3445,0,0,0,0,0,0,0,0,0,0,0,0,0,0,0,0,0,0,0,0,0,0,0
4761,4966,90,0,62523,216,"Wrought in Wachumeqimeqi",0,0,0,0,0,0,0,0,0,0,0,0,0,0,0,0,0,0,0,0,0,0,0,0
4762,4967,100,0,62523,216,"Appreciated Value",3571,0,0,0,0,0,0,0,0,0,0,0,0,0,0,0,0,0,0,0,0,0,0,0
4763,1055,30,0,62401,176,"Paladin's Pledge",329,0,0,0,0,0,0,0,0,0,0,0,0,0,0,0,0,0,0,0,0,0,0,0
4764,1056,35,0,62401,176,"Honor Lost",0,0,0,0,0,0,0,0,0,0,0,0,0,0,0,0,0,0,0,0,0,0,0,0
4765,1057,40,0,62401,176,"Power Struggles",0,0,0,0,0,0,0,0,0,0,0,0,0,0,0,0,0,0,0,0,0,0,0,0
4766,1058,45,0,62401,176,"Poisoned Hearts",0,0,0,0,0,0,0,0,0,0,0,0,0,0,0,0,0,0,0,0,0,0,0,0
4767,1059,45,0,62401,176,"Parley in the Sagolii",330,331,0,0,0,0,0,0,0,0,0,0,0,0,0,0,0,0,0,0,0,0,0,0
4768,1060,50,0,62401,176,"Keeping the Oath",332,333,0,0,0,0,0,0,0,0,0,0,0,0,0,0,0,0,0,0,0,0,0,0
4769,1120,50,0,62401,176,"A Relic Reborn (Curtana)",0,0,0,0,0,0,0,0,0,0,0,0,0,0,0,0,0,0,0,0,0,0,0,0
4770,0,0,0,0,0,"",0,0,0,0,0,0,0,0,0,0,0,0,0,0,0,0,0,0,0,0,0,0,0,0
4771,2032,50,0,62401,176,"An Exemplary Example",0,0,0,0,0,0,0,0,0,0,0,0,0,0,0,0,0,0,0,0,0,0,0,0
4772,2033,52,0,62401,176,"The Paladin Who Cried Wolf",0,0,0,0,0,0,0,0,0,0,0,0,0,0,0,0,0,0,0,0,0,0,0,0
4773,2034,54,0,62401,176,"Big Sollerets to Fill",0,0,0,0,0,0,0,0,0,0,0,0,0,0,0,0,0,0,0,0,0,0,0,0
4774,2035,56,0,62401,176,"Hey Soul Crystal",957,0,0,0,0,0,0,0,0,0,0,0,0,0,0,0,0,0,0,0,0,0,0,0
4775,2036,58,0,62401,176,"All According to Plan",0,0,0,0,0,0,0,0,0,0,0,0,0,0,0,0,0,0,0,0,0,0,0,0
4776,2037,60,0,62401,176,"This Little Sword of Mine",958,976,0,0,0,0,0,0,0,0,0,0,0,0,0,0,0,0,0,0,0,0,0,0
4777,2571,60,0,62401,176,"Tournament of the Century",0,0,0,0,0,0,0,0,0,0,0,0,0,0,0,0,0,0,0,0,0,0,0,0
4778,2572,63,0,62401,176,"In Thal's Name",0,0,0,0,0,0,0,0,0,0,0,0,0,0,0,0,0,0,0,0,0,0,0,0
4779,2573,65,0,62401,176,"In Nald's Name",1506,0,0,0,0,0,0,0,0,0,0,0,0,0,0,0,0,0,0,0,0,0,0,0
4780,2574,68,0,62401,176,"Fade to Black Lotus",0,0,0,0,0,0,0,0,0,0,0,0,0,0,0,0,0,0,0,0,0,0,0,0
4781,2575,70,0,62401,176,"Raising the Sword",1507,0,0,0,0,0,0,0,0,0,0,0,0,0,0,0,0,0,0,0,0,0,0,0
4782,3210,80,0,62401,176,"Worth Fighting For",1945,0,0,0,0,0,0,0,0,0,0,0,0,0,0,0,0,0,0,0,0,0,0,0
4783,1061,30,0,62402,177,"Brother from Another Mother",338,0,0,0,0,0,0,0,0,0,0,0,0,0,0,0,0,0,0,0,0,0,0,0
4784,1062,35,0,62402,177,"Insulted Intelligence",0,0,0,0,0,0,0,0,0,0,0,0,0,0,0,0,0,0,0,0,0,0,0,0
4785,1063,40,0,62402,177,"A Slave to the Aether",339,0,0,0,0,0,0,0,0,0,0,0,0,0,0,0,0,0,0,0,0,0,0,0
4786,1064,45,0,62402,177,"The Pursuit of Power",0,0,0,0,0,0,0,0,0,0,0,0,0,0,0,0,0,0,0,0,0,0,0,0
4787,1065,45,0,62402,177,"Good Vibrations",0,0,0,0,0,0,0,0,0,0,0,0,0,0,0,0,0,0,0,0,0,0,0,0
4788,1066,50,0,62402,177,"Five Easy Pieces",340,341,0,0,0,0,0,0,0,0,0,0,0,0,0,0,0,0,0,0,0,0,0,0
4789,1121,50,0,62402,177,"A Relic Reborn (Sphairai)",0,0,0,0,0,0,0,0,0,0,0,0,0,0,0,0,0,0,0,0,0,0,0,0
4790,0,0,0,0,0,"",0,0,0,0,0,0,0,0,0,0,0,0,0,0,0,0,0,0,0,0,0,0,0,0
4791,2026,50,0,62402,177,"The Legend Continues",0,0,0,0,0,0,0,0,0,0,0,0,0,0,0,0,0,0,0,0,0,0,0,0
4792,2027,52,0,62402,177,"Let's Talk about Sects",959,0,0,0,0,0,0,0,0,0,0,0,0,0,0,0,0,0,0,0,0,0,0,0
4793,2028,54,0,62402,177,"Against the Shadow",0,0,0,0,0,0,0,0,0,0,0,0,0,0,0,0,0,0,0,0,0,0,0,0
4794,2029,56,0,62402,177,"Fight the Battle to Win",0,0,0,0,0,0,0,0,0,0,0,0,0,0,0,0,0,0,0,0,0,0,0,0
4795,2030,58,0,62402,177,"Stop the Senseless Killing",0,0,0,0,0,0,0,0,0,0,0,0,0,0,0,0,0,0,0,0,0,0,0,0
4796,2031,60,0,62402,177,"Appetite for Destruction",960,0,0,0,0,0,0,0,0,0,0,0,0,0,0,0,0,0,0,0,0,0,0,0
4797,2426,60,0,62402,177,"A Fistful of Resolve",0,0,0,0,0,0,0,0,0,0,0,0,0,0,0,0,0,0,0,0,0,0,0,0
4798,2427,63,0,62402,177,"Return of the Monk",0,0,0,0,0,0,0,0,0,0,0,0,0,0,0,0,0,0,0,0,0,0,0,0
4799,2428,65,0,62402,177,"Cross-fist Training",1518,0,0,0,0,0,0,0,0,0,0,0,0,0,0,0,0,0,0,0,0,0,0,0
4800,2429,68,0,62402,177,"Choices and Paths",0,0,0,0,0,0,0,0,0,0,0,0,0,0,0,0,0,0,0,0,0,0,0,0
4801,2430,70,0,62402,177,"The Power to Protect",1519,0,0,0,0,0,0,0,0,0,0,0,0,0,0,0,0,0,0,0,0,0,0,0
4802,3211,80,0,62402,177,"A Monk's Legacy",1948,0,0,0,0,0,0,0,0,0,0,0,0,0,0,0,0,0,0,0,0,0,0,0
4803,1049,30,0,62403,178,"Pride and Duty (Will Take You from the Mountain)",320,321,0,0,0,0,0,0,0,0,0,0,0,0,0,0,0,0,0,0,0,0,0,0
4804,1050,35,0,62403,178,"Embracing the Beast",0,0,0,0,0,0,0,0,0,0,0,0,0,0,0,0,0,0,0,0,0,0,0,0
4805,1051,40,0,62403,178,"Curious Gorge Goes to Wineport",322,0,0,0,0,0,0,0,0,0,0,0,0,0,0,0,0,0,0,0,0,0,0,0
4806,1052,45,0,62403,178,"Looking the Part",0,0,0,0,0,0,0,0,0,0,0,0,0,0,0,0,0,0,0,0,0,0,0,0
4807,1053,45,0,62403,178,"Proof Is the Pudding",0,0,0,0,0,0,0,0,0,0,0,0,0,0,0,0,0,0,0,0,0,0,0,0
4808,1054,50,0,62403,178,"How to Quit You",323,324,0,0,0,0,0,0,0,0,0,0,0,0,0,0,0,0,0,0,0,0,0,0
4809,1119,50,0,62403,178,"A Relic Reborn (Bravura)",0,0,0,0,0,0,0,0,0,0,0,0,0,0,0,0,0,0,0,0,0,0,0,0
4810,0,0,0,0,0,"",0,0,0,0,0,0,0,0,0,0,0,0,0,0,0,0,0,0,0,0,0,0,0,0
4811,585,50,0,62403,178,"Better Axe Around",0,0,0,0,0,0,0,0,0,0,0,0,0,0,0,0,0,0,0,0,0,0,0,0
4812,586,52,0,62403,178,"Duty and the Beast",0,0,0,0,0,0,0,0,0,0,0,0,0,0,0,0,0,0,0,0,0,0,0,0
4813,588,54,0,62403,178,"The Bear Necessity",0,0,0,0,0,0,0,0,0,0,0,0,0,0,0,0,0,0,0,0,0,0,0,0
4814,596,56,0,62403,178,"Pirates of Shallow Water",0,0,0,0,0,0,0,0,0,0,0,0,0,0,0,0,0,0,0,0,0,0,0,0
4815,1677,56,0,62403,178,"How to Train Your Warrior",0,0,0,0,0,0,0,0,0,0,0,0,0,0,0,0,0,0,0,0,0,0,0,0
4816,598,58,0,62403,178,"Slap an' Chop",0,0,0,0,0,0,0,0,0,0,0,0,0,0,0,0,0,0,0,0,0,0,0,0
4817,601,60,0,62403,178,"And My Axe",934,935,0,0,0,0,0,0,0,0,0,0,0,0,0,0,0,0,0,0,0,0,0,0
4818,2900,60,0,62403,178,"Curious Gorge Meets His Match",1487,1504,0,0,0,0,0,0,0,0,0,0,0,0,0,0,0,0,0,0,0,0,0,0
4819,2901,63,0,62403,178,"Field Training",0,0,0,0,0,0,0,0,0,0,0,0,0,0,0,0,0,0,0,0,0,0,0,0
4820,2902,65,0,62403,178,"When Push Comes to Shove",0,0,0,0,0,0,0,0,0,0,0,0,0,0,0,0,0,0,0,0,0,0,0,0
4821,2903,68,0,62403,178,"Going the Distance",0,0,0,0,0,0,0,0,0,0,0,0,0,0,0,0,0,0,0,0,0,0,0,0
4822,2904,70,0,62403,178,"The Heart of the Problem",1505,0,0,0,0,0,0,0,0,0,0,0,0,0,0,0,0,0,0,0,0,0,0,0
4823,3212,80,0,62403,178,"Once, Twice, Three Times a Warrior",1944,0,0,0,0,0,0,0,0,0,0,0,0,0,0,0,0,0,0,0,0,0,0,0
4824,1067,30,0,62404,179,"Eye of the Dragon",334,0,0,0,0,0,0,0,0,0,0,0,0,0,0,0,0,0,0,0,0,0,0,0
4825,1068,35,0,62404,179,"Lance of Fury",0,0,0,0,0,0,0,0,0,0,0,0,0,0,0,0,0,0,0,0,0,0,0,0
4826,1069,40,0,62404,179,"Unfading Skies",0,0,0,0,0,0,0,0,0,0,0,0,0,0,0,0,0,0,0,0,0,0,0,0
4827,1070,45,0,62404,179,"Double Dragoon",335,0,0,0,0,0,0,0,0,0,0,0,0,0,0,0,0,0,0,0,0,0,0,0
4828,1071,45,0,62404,179,"Fatal Seduction",0,0,0,0,0,0,0,0,0,0,0,0,0,0,0,0,0,0,0,0,0,0,0,0
4829,1072,50,0,62404,179,"Into the Dragon's Maw",336,337,0,0,0,0,0,0,0,0,0,0,0,0,0,0,0,0,0,0,0,0,0,0
4830,1122,50,0,62404,179,"A Relic Reborn (Gae Bolg)",0,0,0,0,0,0,0,0,0,0,0,0,0,0,0,0,0,0,0,0,0,0,0,0
4831,0,0,0,0,0,"",0,0,0,0,0,0,0,0,0,0,0,0,0,0,0,0,0,0,0,0,0,0,0,0
4832,1689,50,0,62404,179,"Sky's the Limit",0,0,0,0,0,0,0,0,0,0,0,0,0,0,0,0,0,0,0,0,0,0,0,0
4833,1690,52,0,62404,179,"Days of Azure",0,0,0,0,0,0,0,0,0,0,0,0,0,0,0,0,0,0,0,0,0,0,0,0
4834,1691,52,0,62404,179,"Heart of Justice",0,0,0,0,0,0,0,0,0,0,0,0,0,0,0,0,0,0,0,0,0,0,0,0
4835,1692,54,0,62404,179,"Sworn Upon a Lance",936,0,0,0,0,0,0,0,0,0,0,0,0,0,0,0,0,0,0,0,0,0,0,0
4836,1693,56,0,62404,179,"Dragoon's Errand",0,0,0,0,0,0,0,0,0,0,0,0,0,0,0,0,0,0,0,0,0,0,0,0
4837,1694,58,0,62404,179,"Sanguine Dragoon",0,0,0,0,0,0,0,0,0,0,0,0,0,0,0,0,0,0,0,0,0,0,0,0
4838,1695,60,0,62404,179,"Dragoon's Fate",937,0,0,0,0,0,0,0,0,0,0,0,0,0,0,0,0,0,0,0,0,0,0,0
4839,2910,60,0,62404,179,"Friends through Eternity",0,0,0,0,0,0,0,0,0,0,0,0,0,0,0,0,0,0,0,0,0,0,0,0
4840,2911,63,0,62404,179,"Drowsy Dragons",0,0,0,0,0,0,0,0,0,0,0,0,0,0,0,0,0,0,0,0,0,0,0,0
4841,2912,65,0,62404,179,"Serpent and the Sea of Rubies",0,0,0,0,0,0,0,0,0,0,0,0,0,0,0,0,0,0,0,0,0,0,0,0
4842,2913,68,0,62404,179,"Dark as the Night Sky",1516,0,0,0,0,0,0,0,0,0,0,0,0,0,0,0,0,0,0,0,0,0,0,0
4843,2914,70,0,62404,179,"Dragon Sound",1517,0,0,0,0,0,0,0,0,0,0,0,0,0,0,0,0,0,0,0,0,0,0,0
4844,3213,80,0,62404,179,"Gone but Not Forgiven",2083,0,0,0,0,0,0,0,0,0,0,0,0,0,0,0,0,0,0,0,0,0,0,0
4845,1085,30,0,62405,180,"A Song of Bards and Bowmen",0,0,0,0,0,0,0,0,0,0,0,0,0,0,0,0,0,0,0,0,0,0,0,0
4846,1086,35,0,62405,180,"The Archer's Anthem",0,0,0,0,0,0,0,0,0,0,0,0,0,0,0,0,0,0,0,0,0,0,0,0
4847,1087,40,0,62405,180,"Bard's-eye View",0,0,0,0,0,0,0,0,0,0,0,0,0,0,0,0,0,0,0,0,0,0,0,0
4848,1088,45,0,62405,180,"Doing It the Bard Way",325,326,0,0,0,0,0,0,0,0,0,0,0,0,0,0,0,0,0,0,0,0,0,0
4849,1089,45,0,62405,180,"Pieces of the Past",0,0,0,0,0,0,0,0,0,0,0,0,0,0,0,0,0,0,0,0,0,0,0,0
4850,1090,50,0,62405,180,"Requiem for the Fallen",327,328,0,0,0,0,0,0,0,0,0,0,0,0,0,0,0,0,0,0,0,0,0,0
4851,1125,50,0,62405,180,"A Relic Reborn (Artemis Bow)",0,0,0,0,0,0,0,0,0,0,0,0,0,0,0,0,0,0,0,0,0,0,0,0
4852,0,0,0,0,0,"",0,0,0,0,0,0,0,0,0,0,0,0,0,0,0,0,0,0,0,0,0,0,0,0
4853,1713,50,0,62405,180,"On the Road Again",963,0,0,0,0,0,0,0,0,0,0,0,0,0,0,0,0,0,0,0,0,0,0,0
4854,1714,52,0,62405,180,"The Stiff and the Spent",0,0,0,0,0,0,0,0,0,0,0,0,0,0,0,0,0,0,0,0,0,0,0,0
4855,1715,54,0,62405,180,"Requiem on Ice",0,0,0,0,0,0,0,0,0,0,0,0,0,0,0,0,0,0,0,0,0,0,0,0
4856,1716,56,0,62405,180,"When Gnaths Cry",0,0,0,0,0,0,0,0,0,0,0,0,0,0,0,0,0,0,0,0,0,0,0,0
4857,1717,58,0,62405,180,"A Saint of Song",0,0,0,0,0,0,0,0,0,0,0,0,0,0,0,0,0,0,0,0,0,0,0,0
4858,1718,60,0,62405,180,"The Ballad of Oblivion",964,0,0,0,0,0,0,0,0,0,0,0,0,0,0,0,0,0,0,0,0,0,0,0
4859,2890,60,0,62405,180,"Three's a Company",0,0,0,0,0,0,0,0,0,0,0,0,0,0,0,0,0,0,0,0,0,0,0,0
4860,2891,63,0,62405,180,"Masked Motives",0,0,0,0,0,0,0,0,0,0,0,0,0,0,0,0,0,0,0,0,0,0,0,0
4861,2892,65,0,62405,180,"One Autumn's Secret",1522,0,0,0,0,0,0,0,0,0,0,0,0,0,0,0,0,0,0,0,0,0,0,0
4862,2893,68,0,62405,180,"Sleeping Truths Lie",0,0,0,0,0,0,0,0,0,0,0,0,0,0,0,0,0,0,0,0,0,0,0,0
4863,2894,70,0,62405,180,"Sweet Dreams Are Made of Peace",1523,0,0,0,0,0,0,0,0,0,0,0,0,0,0,0,0,0,0,0,0,0,0,0
4864,3214,80,0,62405,180,"A Harmony from the Heavens",2085,0,0,0,0,0,0,0,0,0,0,0,0,0,0,0,0,0,0,0,0,0,0,0
4865,212,30,0,62410,181,"Peasants by Day, Ninjas by Night",690,0,0,0,0,0,0,0,0,0,0,0,0,0,0,0,0,0,0,0,0,0,0,0
4866,213,30,0,62410,181,"My First Mudra",0,0,0,0,0,0,0,0,0,0,0,0,0,0,0,0,0,0,0,0,0,0,0,0
4867,214,35,0,62410,181,"Killer Combinations",0,0,0,0,0,0,0,0,0,0,0,0,0,0,0,0,0,0,0,0,0,0,0,0
4868,215,35,0,62410,181,"Once Upon a Time in Doma",0,0,0,0,0,0,0,0,0,0,0,0,0,0,0,0,0,0,0,0,0,0,0,0
4869,216,40,0,62410,181,"Pirates versus Ninjas",0,0,0,0,0,0,0,0,0,0,0,0,0,0,0,0,0,0,0,0,0,0,0,0
4870,217,40,0,62410,181,"Ninja Bathin'",0,0,0,0,0,0,0,0,0,0,0,0,0,0,0,0,0,0,0,0,0,0,0,0
4871,232,45,0,62410,181,"Tough Guys",0,0,0,0,0,0,0,0,0,0,0,0,0,0,0,0,0,0,0,0,0,0,0,0
4872,233,45,0,62410,181,"The Crow Knows",691,0,0,0,0,0,0,0,0,0,0,0,0,0,0,0,0,0,0,0,0,0,0,0
4873,234,50,0,62410,181,"Master and Student",692,693,0,0,0,0,0,0,0,0,0,0,0,0,0,0,0,0,0,0,0,0,0,0
4874,1579,50,0,62410,181,"A Relic Reborn (Yoshimitsu)",0,0,0,0,0,0,0,0,0,0,0,0,0,0,0,0,0,0,0,0,0,0,0,0
4875,235,50,0,62410,181,"Strangers in a Strange Land",961,0,0,0,0,0,0,0,0,0,0,0,0,0,0,0,0,0,0,0,0,0,0,0
4876,1684,52,0,62410,181,"The Impossible Girl",0,0,0,0,0,0,0,0,0,0,0,0,0,0,0,0,0,0,0,0,0,0,0,0
4877,1685,54,0,62410,181,"Ninja Assassin",0,0,0,0,0,0,0,0,0,0,0,0,0,0,0,0,0,0,0,0,0,0,0,0
4878,1686,56,0,62410,181,"Medieval Espionage",0,0,0,0,0,0,0,0,0,0,0,0,0,0,0,0,0,0,0,0,0,0,0,0
4879,1687,58,0,62410,181,"Staying Alive",0,0,0,0,0,0,0,0,0,0,0,0,0,0,0,0,0,0,0,0,0,0,0,0
4880,1688,60,0,62410,181,"In Her Defense",962,0,0,0,0,0,0,0,0,0,0,0,0,0,0,0,0,0,0,0,0,0,0,0
4881,2948,60,0,62410,181,"Search for the Stolen Scroll",0,0,0,0,0,0,0,0,0,0,0,0,0,0,0,0,0,0,0,0,0,0,0,0
4882,2949,63,0,62410,181,"Ninja Bathin' Redux",0,0,0,0,0,0,0,0,0,0,0,0,0,0,0,0,0,0,0,0,0,0,0,0
4883,2950,65,0,62410,181,"A Game of Life and Death",1520,0,0,0,0,0,0,0,0,0,0,0,0,0,0,0,0,0,0,0,0,0,0,0
4884,2951,68,0,62410,181,"True Enlightenment",0,0,0,0,0,0,0,0,0,0,0,0,0,0,0,0,0,0,0,0,0,0,0,0
4885,2952,70,0,62410,181,"When Clans Collide",1521,0,0,0,0,0,0,0,0,0,0,0,0,0,0,0,0,0,0,0,0,0,0,0
4886,3219,80,0,62410,181,"Oboro's Big Idea",2084,0,0,0,0,0,0,0,0,0,0,0,0,0,0,0,0,0,0,0,0,0,0,0
4887,2053,50,0,62412,186,"Our End",991,0,0,0,0,0,0,0,0,0,0,0,0,0,0,0,0,0,0,0,0,0,0,0
4888,2054,30,0,62412,186,"Ishgardian Justice",0,0,0,0,0,0,0,0,0,0,0,0,0,0,0,0,0,0,0,0,0,0,0,0
4889,2055,35,0,62412,186,"The Voice in the Abyss",0,0,0,0,0,0,0,0,0,0,0,0,0,0,0,0,0,0,0,0,0,0,0,0
4890,2056,40,0,62412,186,"Heroic Reprise",0,0,0,0,0,0,0,0,0,0,0,0,0,0,0,0,0,0,0,0,0,0,0,0
4891,2057,45,0,62412,186,"Declaration of Blood",0,0,0,0,0,0,0,0,0,0,0,0,0,0,0,0,0,0,0,0,0,0,0,0
4892,2058,50,0,62412,186,"Our Answer",992,993,0,0,0,0,0,0,0,0,0,0,0,0,0,0,0,0,0,0,0,0,0,0
4893,2059,50,0,62412,186,"The Wages of Mercy",0,0,0,0,0,0,0,0,0,0,0,0,0,0,0,0,0,0,0,0,0,0,0,0
4894,2060,52,0,62412,186,"The Knight and the Maiden Fair",0,0,0,0,0,0,0,0,0,0,0,0,0,0,0,0,0,0,0,0,0,0,0,0
4895,2061,54,0,62412,186,"Kindred Spirits",0,0,0,0,0,0,0,0,0,0,0,0,0,0,0,0,0,0,0,0,0,0,0,0
4896,2062,56,0,62412,186,"Original Sins",0,0,0,0,0,0,0,0,0,0,0,0,0,0,0,0,0,0,0,0,0,0,0,0
4897,2063,58,0,62412,186,"The Flame in the Abyss",994,0,0,0,0,0,0,0,0,0,0,0,0,0,0,0,0,0,0,0,0,0,0,0
4898,2064,60,0,62412,186,"Absolution",995,0,0,0,0,0,0,0,0,0,0,0,0,0,0,0,0,0,0,0,0,0,0,0
4899,2915,60,0,62412,186,"In Memories We Walked",0,0,0,0,0,0,0,0,0,0,0,0,0,0,0,0,0,0,0,0,0,0,0,0
4900,2916,63,0,62412,186,"The Widow and Her Love",0,0,0,0,0,0,0,0,0,0,0,0,0,0,0,0,0,0,0,0,0,0,0,0
4901,2917,65,0,62412,186,"The Orphans and the Broken Blade",0,0,0,0,0,0,0,0,0,0,0,0,0,0,0,0,0,0,0,0,0,0,0,0
4902,2918,68,0,62412,186,"We Can Never Go Home",0,0,0,0,0,0,0,0,0,0,0,0,0,0,0,0,0,0,0,0,0,0,0,0
4903,2919,70,0,62412,186,"Our Compromise",1508,1509,0,0,0,0,0,0,0,0,0,0,0,0,0,0,0,0,0,0,0,0,0,0
4904,3221,80,0,62412,186,"Our Closure",2080,0,0,0,0,0,0,0,0,0,0,0,0,0,0,0,0,0,0,0,0,0,0,0
4905,1696,50,0,62411,187,"Savior of Skysteel",971,0,0,0,0,0,0,0,0,0,0,0,0,0,0,0,0,0,0,0,0,0,0,0
4906,1697,30,0,62411,187,"Master of Marksmanship",0,0,0,0,0,0,0,0,0,0,0,0,0,0,0,0,0,0,0,0,0,0,0,0
4907,1698,35,0,62411,187,"Always the Last Place You Look",0,0,0,0,0,0,0,0,0,0,0,0,0,0,0,0,0,0,0,0,0,0,0,0
4908,1699,40,0,62411,187,"Rook Before You Reap",0,0,0,0,0,0,0,0,0,0,0,0,0,0,0,0,0,0,0,0,0,0,0,0
4909,1700,40,0,62411,187,"Securing the Locks",972,0,0,0,0,0,0,0,0,0,0,0,0,0,0,0,0,0,0,0,0,0,0,0
4910,1701,45,0,62411,187,"A Suppressive Strategy",0,0,0,0,0,0,0,0,0,0,0,0,0,0,0,0,0,0,0,0,0,0,0,0
4911,1702,45,0,62411,187,"Blood on the Sands",0,0,0,0,0,0,0,0,0,0,0,0,0,0,0,0,0,0,0,0,0,0,0,0
4912,1703,50,0,62411,187,"Rage against the Machinists",0,0,0,0,0,0,0,0,0,0,0,0,0,0,0,0,0,0,0,0,0,0,0,0
4913,1704,50,0,62411,187,"The Power of a Tourney",973,0,0,0,0,0,0,0,0,0,0,0,0,0,0,0,0,0,0,0,0,0,0,0
4914,1705,50,0,62411,187,"A Joye-less Celebration",0,0,0,0,0,0,0,0,0,0,0,0,0,0,0,0,0,0,0,0,0,0,0,0
4915,1706,52,0,62411,187,"Pushing the Brume",0,0,0,0,0,0,0,0,0,0,0,0,0,0,0,0,0,0,0,0,0,0,0,0
4916,1707,54,0,62411,187,"A Joye-ful Reunion",974,0,0,0,0,0,0,0,0,0,0,0,0,0,0,0,0,0,0,0,0,0,0,0
4917,1708,56,0,62411,187,"Wheels of Justice",0,0,0,0,0,0,0,0,0,0,0,0,0,0,0,0,0,0,0,0,0,0,0,0
4918,1710,58,0,62411,187,"Taking the Fall",0,0,0,0,0,0,0,0,0,0,0,0,0,0,0,0,0,0,0,0,0,0,0,0
4919,1711,58,0,62411,187,"Rusted Steel",0,0,0,0,0,0,0,0,0,0,0,0,0,0,0,0,0,0,0,0,0,0,0,0
4920,1712,60,0,62411,187,"Rise of the Machinists",975,0,0,0,0,0,0,0,0,0,0,0,0,0,0,0,0,0,0,0,0,0,0,0
4921,0,0,0,0,0,"",0,0,0,0,0,0,0,0,0,0,0,0,0,0,0,0,0,0,0,0,0,0,0,0
4922,2905,60,0,62411,187,"The Machinists' Choice",0,0,0,0,0,0,0,0,0,0,0,0,0,0,0,0,0,0,0,0,0,0,0,0
4923,2906,63,0,62411,187,"The Hrunting Heist",0,0,0,0,0,0,0,0,0,0,0,0,0,0,0,0,0,0,0,0,0,0,0,0
4924,2907,65,0,62411,187,"Release the Hounds",0,0,0,0,0,0,0,0,0,0,0,0,0,0,0,0,0,0,0,0,0,0,0,0
4925,2908,68,0,62411,187,"Snouts Down, Tails Up",0,0,0,0,0,0,0,0,0,0,0,0,0,0,0,0,0,0,0,0,0,0,0,0
4926,2909,70,0,62411,187,"The Mongrel and the Knight",1524,1525,0,0,0,0,0,0,0,0,0,0,0,0,0,0,0,0,0,0,0,0,0,0
4927,3220,80,0,62411,187,"Machinists for the Morrow",1950,0,0,0,0,0,0,0,0,0,0,0,0,0,0,0,0,0,0,0,0,0,0,0
4928,2559,50,0,62414,189,"The Way of the Samurai",0,0,0,0,0,0,0,0,0,0,0,0,0,0,0,0,0,0,0,0,0,0,0,0
4929,2560,50,0,62414,189,"Master Musosai",1499,0,0,0,0,0,0,0,0,0,0,0,0,0,0,0,0,0,0,0,0,0,0,0
4930,2561,52,0,62414,189,"The Sands of Debt",0,0,0,0,0,0,0,0,0,0,0,0,0,0,0,0,0,0,0,0,0,0,0,0
4931,2562,54,0,62414,189,"Blood on the Deck",1500,0,0,0,0,0,0,0,0,0,0,0,0,0,0,0,0,0,0,0,0,0,0,0
4932,2563,56,0,62414,189,"A Fraudster in the Forest",0,0,0,0,0,0,0,0,0,0,0,0,0,0,0,0,0,0,0,0,0,0,0,0
4933,2564,58,0,62414,189,"Tears in the Snow",0,0,0,0,0,0,0,0,0,0,0,0,0,0,0,0,0,0,0,0,0,0,0,0
4934,2565,60,0,62414,189,"The Face of True Evil",1501,1607,0,0,0,0,0,0,0,0,0,0,0,0,0,0,0,0,0,0,0,0,0,0
4935,2566,60,0,62414,189,"A Dignified Visitor",0,0,0,0,0,0,0,0,0,0,0,0,0,0,0,0,0,0,0,0,0,0,0,0
4936,2567,63,0,62414,189,"Trials of the Sekiseigumi",0,0,0,0,0,0,0,0,0,0,0,0,0,0,0,0,0,0,0,0,0,0,0,0
4937,2568,65,0,62414,189,"Matsuba Mayhem",0,0,0,0,0,0,0,0,0,0,0,0,0,0,0,0,0,0,0,0,0,0,0,0
4938,2569,68,0,62414,189,"The Hunt for Ugetsu",1502,0,0,0,0,0,0,0,0,0,0,0,0,0,0,0,0,0,0,0,0,0,0,0
4939,2570,70,0,62414,189,"The Battle on Bekko",1503,0,0,0,0,0,0,0,0,0,0,0,0,0,0,0,0,0,0,0,0,0,0,0
4940,3223,80,0,62414,189,"The Legend of Musosai",1949,0,0,0,0,0,0,0,0,0,0,0,0,0,0,0,0,0,0,0,0,0,0,0
4941,3261,60,0,62417,191,"The Makings of a Gunbreaker",2073,0,0,0,0,0,0,0,0,0,0,0,0,0,0,0,0,0,0,0,0,0,0,0
4942,3262,60,0,62417,191,"Hired Gunblades",0,0,0,0,0,0,0,0,0,0,0,0,0,0,0,0,0,0,0,0,0,0,0,0
4943,3263,63,0,62417,191,"For Better or Worse",0,0,0,0,0,0,0,0,0,0,0,0,0,0,0,0,0,0,0,0,0,0,0,0
4944,3264,65,0,62417,191,"Confessions of a Flaming Mongrel",0,0,0,0,0,0,0,0,0,0,0,0,0,0,0,0,0,0,0,0,0,0,0,0
4945,3265,68,0,62417,191,"Of Defectors and Defenders",2074,0,0,0,0,0,0,0,0,0,0,0,0,0,0,0,0,0,0,0,0,0,0,0
4946,3266,70,0,62417,191,"Steel against Steel",2075,0,0,0,0,0,0,0,0,0,0,0,0,0,0,0,0,0,0,0,0,0,0,0
4947,3225,80,0,62417,191,"Gunblades of the Patriots",2081,0,0,0,0,0,0,0,0,0,0,0,0,0,0,0,0,0,0,0,0,0,0,0
4948,3249,60,0,62418,192,"Shall We Dance",2076,0,0,0,0,0,0,0,0,0,0,0,0,0,0,0,0,0,0,0,0,0,0,0
4949,3250,60,0,62418,192,"Gamboling for Gil",0,0,0,0,0,0,0,0,0,0,0,0,0,0,0,0,0,0,0,0,0,0,0,0
4950,3251,63,0,62418,192,"A Soirée in the Sultanate",0,0,0,0,0,0,0,0,0,0,0,0,0,0,0,0,0,0,0,0,0,0,0,0
4951,3252,65,0,62418,192,"Dances with Duskwights",2077,0,0,0,0,0,0,0,0,0,0,0,0,0,0,0,0,0,0,0,0,0,0,0
4952,3253,68,0,62418,192,"High-steppin' in the Holy See",2078,0,0,0,0,0,0,0,0,0,0,0,0,0,0,0,0,0,0,0,0,0,0,0
4953,3254,70,0,62418,192,"Save the Last Dance for Me",2079,0,0,0,0,0,0,0,0,0,0,0,0,0,0,0,0,0,0,0,0,0,0,0
4954,3226,80,0,62418,192,"Rising to the Occasion",2086,0,0,0,0,0,0,0,0,0,0,0,0,0,0,0,0,0,0,0,0,0,0,0
4955,0,0,0,0,0,"",0,0,0,0,0,0,0,0,0,0,0,0,0,0,0,0,0,0,0,0,0,0,0,0
4956,0,0,0,0,0,"",0,0,0,0,0,0,0,0,0,0,0,0,0,0,0,0,0,0,0,0,0,0,0,0
4957,4073,70,0,62419,194,"The Killer Instinct",2536,0,0,0,0,0,0,0,0,0,0,0,0,0,0,0,0,0,0,0,0,0,0,0
4958,4074,70,0,62419,194,"The Harvest Begins",0,0,0,0,0,0,0,0,0,0,0,0,0,0,0,0,0,0,0,0,0,0,0,0
4959,4075,73,0,62419,194,"On the Hunt",0,0,0,0,0,0,0,0,0,0,0,0,0,0,0,0,0,0,0,0,0,0,0,0
4960,4076,75,0,62419,194,"Dark Days",2537,0,0,0,0,0,0,0,0,0,0,0,0,0,0,0,0,0,0,0,0,0,0,0
4961,4077,78,0,62419,194,"Thicker than Blood",2538,2539,0,0,0,0,0,0,0,0,0,0,0,0,0,0,0,0,0,0,0,0,0,0
4962,4078,80,0,62419,194,"The Killing Art",2540,2541,2542,0,0,0,0,0,0,0,0,0,0,0,0,0,0,0,0,0,0,0,0,0
4963,4848,80,0,62421,195,"Enter the Viper",3252,0,0,0,0,0,0,0,0,0,0,0,0,0,0,0,0,0,0,0,0,0,0,0
4964,4849,80,0,62421,195,"Fangs of the Viper",0,0,0,0,0,0,0,0,0,0,0,0,0,0,0,0,0,0,0,0,0,0,0,0
4965,4850,83,0,62421,195,"Viper in the Vidraal's Shadow",3253,0,0,0,0,0,0,0,0,0,0,0,0,0,0,0,0,0,0,0,0,0,0,0
4966,4851,85,0,62421,195,"Vipers on the Hunt",0,0,0,0,0,0,0,0,0,0,0,0,0,0,0,0,0,0,0,0,0,0,0,0
4967,4852,88,0,62421,195,"Into the Viper Pit",3254,0,0,0,0,0,0,0,0,0,0,0,0,0,0,0,0,0,0,0,0,0,0,0
4968,4853,90,0,62421,195,"Vengeance of the Viper",3255,3256,3257,0,0,0,0,0,0,0,0,0,0,0,0,0,0,0,0,0,0,0,0,0
4969,0,0,0,0,0,"",0,0,0,0,0,0,0,0,0,0,0,0,0,0,0,0,0,0,0,0,0,0,0,0
4970,0,0,0,0,0,"",0,0,0,0,0,0,0,0,0,0,0,0,0,0,0,0,0,0,0,0,0,0,0,0
4971,0,0,0,0,0,"",0,0,0,0,0,0,0,0,0,0,0,0,0,0,0,0,0,0,0,0,0,0,0,0
4972,0,0,0,0,0,"",0,0,0,0,0,0,0,0,0,0,0,0,0,0,0,0,0,0,0,0,0,0,0,0
4973,0,0,0,0,0,"",0,0,0,0,0,0,0,0,0,0,0,0,0,0,0,0,0,0,0,0,0,0,0,0
4974,0,0,0,0,0,"",0,0,0,0,0,0,0,0,0,0,0,0,0,0,0,0,0,0,0,0,0,0,0,0
4975,0,0,0,0,0,"",0,0,0,0,0,0,0,0,0,0,0,0,0,0,0,0,0,0,0,0,0,0,0,0
4976,0,0,0,0,0,"",0,0,0,0,0,0,0,0,0,0,0,0,0,0,0,0,0,0,0,0,0,0,0,0
4977,0,0,0,0,0,"",0,0,0,0,0,0,0,0,0,0,0,0,0,0,0,0,0,0,0,0,0,0,0,0
4978,0,0,0,0,0,"",0,0,0,0,0,0,0,0,0,0,0,0,0,0,0,0,0,0,0,0,0,0,0,0
4979,1079,30,0,62406,182,"Seer Folly",346,0,0,0,0,0,0,0,0,0,0,0,0,0,0,0,0,0,0,0,0,0,0,0
4980,1080,35,0,62406,182,"Only You Can Prevent Forest Ire",0,0,0,0,0,0,0,0,0,0,0,0,0,0,0,0,0,0,0,0,0,0,0,0
4981,1081,40,0,62406,182,"O Brother, Where Art Thou",347,0,0,0,0,0,0,0,0,0,0,0,0,0,0,0,0,0,0,0,0,0,0,0
4982,1082,45,0,62406,182,"Following in His Footsteps",0,0,0,0,0,0,0,0,0,0,0,0,0,0,0,0,0,0,0,0,0,0,0,0
4983,1083,45,0,62406,182,"Yearn for the Urn",0,0,0,0,0,0,0,0,0,0,0,0,0,0,0,0,0,0,0,0,0,0,0,0
4984,1084,50,0,62406,182,"Heart of the Forest",348,349,0,0,0,0,0,0,0,0,0,0,0,0,0,0,0,0,0,0,0,0,0,0
4985,1124,50,0,62406,182,"A Relic Reborn (Thyrus)",0,0,0,0,0,0,0,0,0,0,0,0,0,0,0,0,0,0,0,0,0,0,0,0
4986,1719,50,0,62406,182,"Taint Misbehaving",965,0,0,0,0,0,0,0,0,0,0,0,0,0,0,0,0,0,0,0,0,0,0,0
4987,1720,52,0,62406,182,"A Journey of Purification",0,0,0,0,0,0,0,0,0,0,0,0,0,0,0,0,0,0,0,0,0,0,0,0
4988,1721,54,0,62406,182,"The Girl with the Dragon Tissue",0,0,0,0,0,0,0,0,0,0,0,0,0,0,0,0,0,0,0,0,0,0,0,0
4989,1722,56,0,62406,182,"The Dark Blight Writhes",0,0,0,0,0,0,0,0,0,0,0,0,0,0,0,0,0,0,0,0,0,0,0,0
4990,1723,58,0,62406,182,"In the Wake of Death",0,0,0,0,0,0,0,0,0,0,0,0,0,0,0,0,0,0,0,0,0,0,0,0
4991,1724,58,0,62406,182,"Trials of the Padjals",0,0,0,0,0,0,0,0,0,0,0,0,0,0,0,0,0,0,0,0,0,0,0,0
4992,1725,60,0,62406,182,"Hands of Healing",966,0,0,0,0,0,0,0,0,0,0,0,0,0,0,0,0,0,0,0,0,0,0,0
4993,2414,60,0,62406,182,"Unease in East End",0,0,0,0,0,0,0,0,0,0,0,0,0,0,0,0,0,0,0,0,0,0,0,0
4994,2415,63,0,62406,182,"An Aura for Trouble",0,0,0,0,0,0,0,0,0,0,0,0,0,0,0,0,0,0,0,0,0,0,0,0
4995,2416,65,0,62406,182,"A Beacon for Bad Things",1510,0,0,0,0,0,0,0,0,0,0,0,0,0,0,0,0,0,0,0,0,0,0,0
4996,2417,68,0,62406,182,"The Problem with Padjals",0,0,0,0,0,0,0,0,0,0,0,0,0,0,0,0,0,0,0,0,0,0,0,0
4997,2418,70,0,62406,182,"What She Always Wanted",1511,0,0,0,0,0,0,0,0,0,0,0,0,0,0,0,0,0,0,0,0,0,0,0
4998,3215,80,0,62406,182,"Whence the Healing Springs",1946,0,0,0,0,0,0,0,0,0,0,0,0,0,0,0,0,0,0,0,0,0,0,0
4999,1073,30,0,62407,183,"Taking the Black",342,343,0,0,0,0,0,0,0,0,0,0,0,0,0,0,0,0,0,0,0,0,0,0
5000,1074,35,0,62407,183,"You'll Never Go Back",0,0,0,0,0,0,0,0,0,0,0,0,0,0,0,0,0,0,0,0,0,0,0,0
5001,1075,40,0,62407,183,"International Relations",0,0,0,0,0,0,0,0,0,0,0,0,0,0,0,0,0,0,0,0,0,0,0,0
5002,1076,45,0,62407,183,"The Voidgate Breathes Gloomy",0,0,0,0,0,0,0,0,0,0,0,0,0,0,0,0,0,0,0,0,0,0,0,0
5003,1077,45,0,62407,183,"The Blood Must Flow",0,0,0,0,0,0,0,0,0,0,0,0,0,0,0,0,0,0,0,0,0,0,0,0
5004,1078,50,0,62407,183,"Always Bet on Black",344,345,0,0,0,0,0,0,0,0,0,0,0,0,0,0,0,0,0,0,0,0,0,0
5005,1123,50,0,62407,183,"A Relic Reborn (Stardust Rod)",0,0,0,0,0,0,0,0,0,0,0,0,0,0,0,0,0,0,0,0,0,0,0,0
5006,1678,50,0,62407,183,"Black Books",0,0,0,0,0,0,0,0,0,0,0,0,0,0,0,0,0,0,0,0,0,0,0,0
5007,1679,52,0,62407,183,"An Unexpected Journey",0,0,0,0,0,0,0,0,0,0,0,0,0,0,0,0,0,0,0,0,0,0,0,0
5008,1680,54,0,62407,183,"A Cunning Plan",0,0,0,0,0,0,0,0,0,0,0,0,0,0,0,0,0,0,0,0,0,0,0,0
5009,1681,56,0,62407,183,"Black Squawk Down",0,0,0,0,0,0,0,0,0,0,0,0,0,0,0,0,0,0,0,0,0,0,0,0
5010,1682,58,0,62407,183,"Destruction in the Name of Justice",0,0,0,0,0,0,0,0,0,0,0,0,0,0,0,0,0,0,0,0,0,0,0,0
5011,1683,60,0,62407,183,"The Defiant Ones",938,939,0,0,0,0,0,0,0,0,0,0,0,0,0,0,0,0,0,0,0,0,0,0
5012,2588,60,0,62407,183,"Shades of Shatotto",1526,0,0,0,0,0,0,0,0,0,0,0,0,0,0,0,0,0,0,0,0,0,0,0
5013,2589,63,0,62407,183,"Golems Gone Wild",0,0,0,0,0,0,0,0,0,0,0,0,0,0,0,0,0,0,0,0,0,0,0,0
5014,2590,65,0,62407,183,"When the Golems Get Tough",0,0,0,0,0,0,0,0,0,0,0,0,0,0,0,0,0,0,0,0,0,0,0,0
5015,2591,68,0,62407,183,"Unnatural Selection",0,0,0,0,0,0,0,0,0,0,0,0,0,0,0,0,0,0,0,0,0,0,0,0
5016,2592,70,0,62407,183,"One Golem to Rule Them All",1527,0,0,0,0,0,0,0,0,0,0,0,0,0,0,0,0,0,0,0,0,0,0,0
5017,3216,80,0,62407,183,"A Home for a Tome",2087,0,0,0,0,0,0,0,0,0,0,0,0,0,0,0,0,0,0,0,0,0,0,0
5018,1091,30,0,62408,184,"Austerities of Flame",350,0,0,0,0,0,0,0,0,0,0,0,0,0,0,0,0,0,0,0,0,0,0,0
5019,1092,35,0,62408,184,"Austerities of Earth",351,352,353,0,0,0,0,0,0,0,0,0,0,0,0,0,0,0,0,0,0,0,0,0
5020,1093,40,0,62408,184,"Shadowing the Summoner",0,0,0,0,0,0,0,0,0,0,0,0,0,0,0,0,0,0,0,0,0,0,0,0
5021,1094,45,0,62408,184,"Allagan Attire",0,0,0,0,0,0,0,0,0,0,0,0,0,0,0,0,0,0,0,0,0,0,0,0
5022,1095,45,0,62408,184,"Austerities of Wind",354,0,0,0,0,0,0,0,0,0,0,0,0,0,0,0,0,0,0,0,0,0,0,0
5023,1096,50,0,62408,184,"Primal Burdens",355,356,0,0,0,0,0,0,0,0,0,0,0,0,0,0,0,0,0,0,0,0,0,0
5024,1126,50,0,62408,184,"A Relic Reborn (The Veil of Wiyu)",0,0,0,0,0,0,0,0,0,0,0,0,0,0,0,0,0,0,0,0,0,0,0,0
5025,0,0,0,0,0,"",0,0,0,0,0,0,0,0,0,0,0,0,0,0,0,0,0,0,0,0,0,0,0,0
5026,2100,50,0,62408,184,"A Fitting Tomestone",0,0,0,0,0,0,0,0,0,0,0,0,0,0,0,0,0,0,0,0,0,0,0,0
5027,2101,52,0,62408,184,"A Matter of Fact",0,0,0,0,0,0,0,0,0,0,0,0,0,0,0,0,0,0,0,0,0,0,0,0
5028,2102,54,0,62408,184,"A Miner Negotiation",0,0,0,0,0,0,0,0,0,0,0,0,0,0,0,0,0,0,0,0,0,0,0,0
5029,2103,56,0,62408,184,"Mad, Bad, and Ebon-clad",0,0,0,0,0,0,0,0,0,0,0,0,0,0,0,0,0,0,0,0,0,0,0,0
5030,2104,58,0,62408,184,"I Could Have Tranced All Night",967,0,0,0,0,0,0,0,0,0,0,0,0,0,0,0,0,0,0,0,0,0,0,0
5031,2105,60,0,62408,184,"A Flare for the Dramatic",968,0,0,0,0,0,0,0,0,0,0,0,0,0,0,0,0,0,0,0,0,0,0,0
5032,2625,60,0,62408,184,"A Book with Bite",0,0,0,0,0,0,0,0,0,0,0,0,0,0,0,0,0,0,0,0,0,0,0,0
5033,2626,63,0,62408,184,"Performing for Prin",0,0,0,0,0,0,0,0,0,0,0,0,0,0,0,0,0,0,0,0,0,0,0,0
5034,2627,65,0,62408,184,"An Egi-stential Crisis",1528,0,0,0,0,0,0,0,0,0,0,0,0,0,0,0,0,0,0,0,0,0,0,0
5035,2628,68,0,62408,184,"Off the Record",0,0,0,0,0,0,0,0,0,0,0,0,0,0,0,0,0,0,0,0,0,0,0,0
5036,2629,70,0,62408,184,"An Art for the Living",1529,0,0,0,0,0,0,0,0,0,0,0,0,0,0,0,0,0,0,0,0,0,0,0
5037,4033,80,0,62408,184,"To Be Second Best",2088,0,0,0,0,0,0,0,0,0,0,0,0,0,0,0,0,0,0,0,0,0,0,0
5038,1097,30,0,62409,185,"Forgotten but Not Gone",357,0,0,0,0,0,0,0,0,0,0,0,0,0,0,0,0,0,0,0,0,0,0,0
5039,1098,35,0,62409,185,"The Last Remnants",0,0,0,0,0,0,0,0,0,0,0,0,0,0,0,0,0,0,0,0,0,0,0,0
5040,1099,40,0,62409,185,"The Consequences of Anger",358,359,0,0,0,0,0,0,0,0,0,0,0,0,0,0,0,0,0,0,0,0,0,0
5041,1100,45,0,62409,185,"In the Image of the Ancients",0,0,0,0,0,0,0,0,0,0,0,0,0,0,0,0,0,0,0,0,0,0,0,0
5042,1101,45,0,62409,185,"For Your Fellow Man",0,0,0,0,0,0,0,0,0,0,0,0,0,0,0,0,0,0,0,0,0,0,0,0
5043,1102,50,0,62409,185,"The Beast Within",360,361,362,0,0,0,0,0,0,0,0,0,0,0,0,0,0,0,0,0,0,0,0,0
5044,1127,50,0,62409,185,"A Relic Reborn (Omnilex)",0,0,0,0,0,0,0,0,0,0,0,0,0,0,0,0,0,0,0,0,0,0,0,0
5045,0,0,0,0,0,"",0,0,0,0,0,0,0,0,0,0,0,0,0,0,0,0,0,0,0,0,0,0,0,0
5046,1671,50,0,62409,185,"The Green Death",0,0,0,0,0,0,0,0,0,0,0,0,0,0,0,0,0,0,0,0,0,0,0,0
5047,1672,52,0,62409,185,"Quarantine",0,0,0,0,0,0,0,0,0,0,0,0,0,0,0,0,0,0,0,0,0,0,0,0
5048,1673,54,0,62409,185,"False Friends",0,0,0,0,0,0,0,0,0,0,0,0,0,0,0,0,0,0,0,0,0,0,0,0
5049,1674,56,0,62409,185,"Ooh Rah",0,0,0,0,0,0,0,0,0,0,0,0,0,0,0,0,0,0,0,0,0,0,0,0
5050,1675,58,0,62409,185,"Unseen",0,0,0,0,0,0,0,0,0,0,0,0,0,0,0,0,0,0,0,0,0,0,0,0
5051,1676,60,0,62409,185,"Forward, the Royal Marines",940,941,0,0,0,0,0,0,0,0,0,0,0,0,0,0,0,0,0,0,0,0,0,0
5052,2923,60,0,62409,185,"The Vanishing Act",0,0,0,0,0,0,0,0,0,0,0,0,0,0,0,0,0,0,0,0,0,0,0,0
5053,2924,63,0,62409,185,"A Safe Place to Hide",0,0,0,0,0,0,0,0,0,0,0,0,0,0,0,0,0,0,0,0,0,0,0,0
5054,2925,65,0,62409,185,"In Loving Memory",1512,0,0,0,0,0,0,0,0,0,0,0,0,0,0,0,0,0,0,0,0,0,0,0
5055,2926,68,0,62409,185,"The Chase",0,0,0,0,0,0,0,0,0,0,0,0,0,0,0,0,0,0,0,0,0,0,0,0
5056,2927,70,0,62409,185,"Our Unsung Heroes",1513,0,0,0,0,0,0,0,0,0,0,0,0,0,0,0,0,0,0,0,0,0,0,0
5057,3218,80,0,62409,185,"True Beauty",1947,0,0,0,0,0,0,0,0,0,0,0,0,0,0,0,0,0,0,0,0,0,0,0
5058,0,0,0,0,0,"",0,0,0,0,0,0,0,0,0,0,0,0,0,0,0,0,0,0,0,0,0,0,0,0
5059,2012,50,0,62413,188,"Stairway to the Heavens",979,0,0,0,0,0,0,0,0,0,0,0,0,0,0,0,0,0,0,0,0,0,0,0
5060,2013,30,0,62413,188,"Fortune Favors the Bole",980,0,0,0,0,0,0,0,0,0,0,0,0,0,0,0,0,0,0,0,0,0,0,0
5061,2014,35,0,62413,188,"Hanging in the Balance",981,982,0,0,0,0,0,0,0,0,0,0,0,0,0,0,0,0,0,0,0,0,0,0
5062,2015,40,0,62413,188,"A Lesson in Patience",0,0,0,0,0,0,0,0,0,0,0,0,0,0,0,0,0,0,0,0,0,0,0,0
5063,2016,40,0,62413,188,"Slings and Arrows",983,984,0,0,0,0,0,0,0,0,0,0,0,0,0,0,0,0,0,0,0,0,0,0
5064,2017,45,0,62413,188,"Ewer Right",985,0,0,0,0,0,0,0,0,0,0,0,0,0,0,0,0,0,0,0,0,0,0,0
5065,2018,50,0,62413,188,"Loved by the Sun",0,0,0,0,0,0,0,0,0,0,0,0,0,0,0,0,0,0,0,0,0,0,0,0
5066,2019,50,0,62413,188,"Spearheading Initiatives",986,987,0,0,0,0,0,0,0,0,0,0,0,0,0,0,0,0,0,0,0,0,0,0
5067,2020,50,0,62413,188,"Sharlayan Ascending",0,0,0,0,0,0,0,0,0,0,0,0,0,0,0,0,0,0,0,0,0,0,0,0
5068,2021,52,0,62413,188,"Empty Nest",0,0,0,0,0,0,0,0,0,0,0,0,0,0,0,0,0,0,0,0,0,0,0,0
5069,2022,54,0,62413,188,"Conviction",0,0,0,0,0,0,0,0,0,0,0,0,0,0,0,0,0,0,0,0,0,0,0,0
5070,2023,56,0,62413,188,"Feather in the Cap",0,0,0,0,0,0,0,0,0,0,0,0,0,0,0,0,0,0,0,0,0,0,0,0
5071,2024,58,0,62413,188,"Trumped",988,0,0,0,0,0,0,0,0,0,0,0,0,0,0,0,0,0,0,0,0,0,0,0
5072,2025,60,0,62413,188,"The Hands of Fate",989,0,0,0,0,0,0,0,0,0,0,0,0,0,0,0,0,0,0,0,0,0,0,0
5073,2409,60,0,62413,188,"East Meets West",1597,0,0,0,0,0,0,0,0,0,0,0,0,0,0,0,0,0,0,0,0,0,0,0
5074,2410,63,0,62413,188,"Ride Like the Wind",1598,0,0,0,0,0,0,0,0,0,0,0,0,0,0,0,0,0,0,0,0,0,0,0
5075,2411,65,0,62413,188,"Come Rain or Shrine",0,0,0,0,0,0,0,0,0,0,0,0,0,0,0,0,0,0,0,0,0,0,0,0
5076,2412,68,0,62413,188,"Behind Door Number Two",0,0,0,0,0,0,0,0,0,0,0,0,0,0,0,0,0,0,0,0,0,0,0,0
5077,2413,70,0,62413,188,"Foxfire",1514,1515,0,0,0,0,0,0,0,0,0,0,0,0,0,0,0,0,0,0,0,0,0,0
5078,3222,80,0,62413,188,"Love, Astrologically",2082,0,0,0,0,0,0,0,0,0,0,0,0,0,0,0,0,0,0,0,0,0,0,0
5079,2576,50,0,62415,190,"Taking the Red",1494,0,0,0,0,0,0,0,0,0,0,0,0,0,0,0,0,0,0,0,0,0,0,0
5080,2577,50,0,62415,190,"The Crimson Duelist",0,0,0,0,0,0,0,0,0,0,0,0,0,0,0,0,0,0,0,0,0,0,0,0
5081,2578,52,0,62415,190,"A Rewarding Struggle",0,0,0,0,0,0,0,0,0,0,0,0,0,0,0,0,0,0,0,0,0,0,0,0
5082,2579,54,0,62415,190,"Tracking the Cabal",0,0,0,0,0,0,0,0,0,0,0,0,0,0,0,0,0,0,0,0,0,0,0,0
5083,2580,56,0,62415,190,"A Vermilion Vendetta",1495,0,0,0,0,0,0,0,0,0,0,0,0,0,0,0,0,0,0,0,0,0,0,0
5084,2581,58,0,62415,190,"On Lambard's Trail",0,0,0,0,0,0,0,0,0,0,0,0,0,0,0,0,0,0,0,0,0,0,0,0
5085,2582,60,0,62415,190,"Stained in Scarlet",1496,0,0,0,0,0,0,0,0,0,0,0,0,0,0,0,0,0,0,0,0,0,0,0
5086,2583,60,0,62415,190,"The Color of Her Hair",0,0,0,0,0,0,0,0,0,0,0,0,0,0,0,0,0,0,0,0,0,0,0,0
5087,2584,63,0,62415,190,"Traced in Blood",0,0,0,0,0,0,0,0,0,0,0,0,0,0,0,0,0,0,0,0,0,0,0,0
5088,2585,65,0,62415,190,"Nightkin",0,0,0,0,0,0,0,0,0,0,0,0,0,0,0,0,0,0,0,0,0,0,0,0
5089,2586,68,0,62415,190,"Child of Lilith",1497,0,0,0,0,0,0,0,0,0,0,0,0,0,0,0,0,0,0,0,0,0,0,0
5090,2587,70,0,62415,190,"With Heart and Steel",1498,0,0,0,0,0,0,0,0,0,0,0,0,0,0,0,0,0,0,0,0,0,0,0
5091,3224,80,0,62415,190,"Succession of Steel",2089,0,0,0,0,0,0,0,0,0,0,0,0,0,0,0,0,0,0,0,0,0,0,0
5092,4067,70,0,62420,193,"Sage's Path",0,0,0,0,0,0,0,0,0,0,0,0,0,0,0,0,0,0,0,0,0,0,0,0
5093,4068,70,0,62420,193,"Sage's Focus",2530,2791,2792,0,0,0,0,0,0,0,0,0,0,0,0,0,0,0,0,0,0,0,0,0
5094,4069,73,0,62420,193,"Sands of Despair",2531,0,0,0,0,0,0,0,0,0,0,0,0,0,0,0,0,0,0,0,0,0,0,0
5095,4070,75,0,62420,193,"A Poisoned Gift",2532,0,0,0,0,0,0,0,0,0,0,0,0,0,0,0,0,0,0,0,0,0,0,0
5096,4071,78,0,62420,193,"Pledge of Hope",0,0,0,0,0,0,0,0,0,0,0,0,0,0,0,0,0,0,0,0,0,0,0,0
5097,4072,80,0,62420,193,"Life Ephemeral, Path Eternal",2533,2534,2535,0,0,0,0,0,0,0,0,0,0,0,0,0,0,0,0,0,0,0,0,0
5098,4854,80,0,62422,196,"The Joy of Pictomancy",3435,0,0,0,0,0,0,0,0,0,0,0,0,0,0,0,0,0,0,0,0,0,0,0
5099,4855,80,0,62422,196,"Mind over Manor",3436,0,0,0,0,0,0,0,0,0,0,0,0,0,0,0,0,0,0,0,0,0,0,0
5100,4856,83,0,62422,196,"Perspectives in Pursuit",0,0,0,0,0,0,0,0,0,0,0,0,0,0,0,0,0,0,0,0,0,0,0,0
5101,4857,85,0,62422,196,"The Crate Beyond",0,0,0,0,0,0,0,0,0,0,0,0,0,0,0,0,0,0,0,0,0,0,0,0
5102,4858,88,0,62422,196,"Beruru's Clues",3437,0,0,0,0,0,0,0,0,0,0,0,0,0,0,0,0,0,0,0,0,0,0,0
5103,4859,90,0,62422,196,"Somewhere Only She Knows",3438,3439,3440,0,0,0,0,0,0,0,0,0,0,0,0,0,0,0,0,0,0,0,0,0
5104,3192,50,0,62416,197,"Out of the Blue",1932,1933,0,0,0,0,0,0,0,0,0,0,0,0,0,0,0,0,0,0,0,0,0,0
5105,3193,1,0,62416,197,"Blue Leading the Blue",0,0,0,0,0,0,0,0,0,0,0,0,0,0,0,0,0,0,0,0,0,0,0,0
5106,3194,10,0,62416,197,"Blue Collar Work",0,0,0,0,0,0,0,0,0,0,0,0,0,0,0,0,0,0,0,0,0,0,0,0
5107,3195,20,0,62416,197,"Why They Call It the Blues",0,0,0,0,0,0,0,0,0,0,0,0,0,0,0,0,0,0,0,0,0,0,0,0
5108,3196,30,0,62416,197,"Scream Blue Murder",0,0,0,0,0,0,0,0,0,0,0,0,0,0,0,0,0,0,0,0,0,0,0,0
5109,3197,40,0,62416,197,"Blue Gold",0,0,0,0,0,0,0,0,0,0,0,0,0,0,0,0,0,0,0,0,0,0,0,0
5110,3198,50,0,62416,197,"The Real Folk Blues",1934,0,0,0,0,0,0,0,0,0,0,0,0,0,0,0,0,0,0,0,0,0,0,0
5111,3199,50,0,62416,197,"Turning Over a Blue Leaf",0,0,0,0,0,0,0,0,0,0,0,0,0,0,0,0,0,0,0,0,0,0,0,0
5112,3732,50,0,62416,197,"Into the Blue Again",2214,0,0,0,0,0,0,0,0,0,0,0,0,0,0,0,0,0,0,0,0,0,0,0
5113,3733,53,0,62416,197,"Something Borrowed, Something Blue",0,0,0,0,0,0,0,0,0,0,0,0,0,0,0,0,0,0,0,0,0,0,0,0
5114,3734,55,0,62416,197,"Bolt from the Blue",2215,0,0,0,0,0,0,0,0,0,0,0,0,0,0,0,0,0,0,0,0,0,0,0
5115,3735,58,0,62416,197,"Blue in the Face",0,0,0,0,0,0,0,0,0,0,0,0,0,0,0,0,0,0,0,0,0,0,0,0
5116,3736,60,0,62416,197,"Blue Scream of Death",2216,0,0,0,0,0,0,0,0,0,0,0,0,0,0,0,0,0,0,0,0,0,0,0
5117,3737,60,0,62416,197,"Blue Cheese",0,0,0,0,0,0,0,0,0,0,0,0,0,0,0,0,0,0,0,0,0,0,0,0
5118,3989,60,0,62416,197,"Second-rate Entertainment",0,0,0,0,0,0,0,0,0,0,0,0,0,0,0,0,0,0,0,0,0,0,0,0
5119,3990,63,0,62416,197,"Everybody Was Fukumen Fighting",2393,0,0,0,0,0,0,0,0,0,0,0,0,0,0,0,0,0,0,0,0,0,0,0
5120,3991,65,0,62416,197,"Azuro and Goliath",2394,0,0,0,0,0,0,0,0,0,0,0,0,0,0,0,0,0,0,0,0,0,0,0
5121,3992,68,0,62416,197,"Where the Gold Goes",0,0,0,0,0,0,0,0,0,0,0,0,0,0,0,0,0,0,0,0,0,0,0,0
5122,3993,70,0,62416,197,"Master of Mimicry",2395,0,0,0,0,0,0,0,0,0,0,0,0,0,0,0,0,0,0,0,0,0,0,0
5123,3994,70,0,62416,197,"A Future in Blue",0,0,0,0,0,0,0,0,0,0,0,0,0,0,0,0,0,0,0,0,0,0,0,0
5124,4773,70,0,62416,197,"And the Crowd Goes Mild",0,0,0,0,0,0,0,0,0,0,0,0,0,0,0,0,0,0,0,0,0,0,0,0
5125,4774,73,0,62416,197,"The Beard, the Myth, the Legend",3134,0,0,0,0,0,0,0,0,0,0,0,0,0,0,0,0,0,0,0,0,0,0,0
5126,4775,75,0,62416,197,"Gridania's Most Wanted",0,0,0,0,0,0,0,0,0,0,0,0,0,0,0,0,0,0,0,0,0,0,0,0
5127,4776,78,0,62416,197,"No Butts About It",3135,0,0,0,0,0,0,0,0,0,0,0,0,0,0,0,0,0,0,0,0,0,0,0
5128,4777,80,0,62416,197,"A New Gold Standard",3136,0,0,0,0,0,0,0,0,0,0,0,0,0,0,0,0,0,0,0,0,0,0,0
5129,4778,80,0,62416,197,"The Brave and the Blue",0,0,0,0,0,0,0,0,0,0,0,0,0,0,0,0,0,0,0,0,0,0,0,0
5130,3243,70,0,62522,217,"The Man with Too Many Scars",0,0,0,0,0,0,0,0,0,0,0,0,0,0,0,0,0,0,0,0,0,0,0,0
5131,3244,72,0,62522,217,"Shaped by Tragedy",0,0,0,0,0,0,0,0,0,0,0,0,0,0,0,0,0,0,0,0,0,0,0,0
5132,3245,74,0,62522,217,"Defined by Loss",2090,0,0,0,0,0,0,0,0,0,0,0,0,0,0,0,0,0,0,0,0,0,0,0
5133,3246,76,0,62522,217,"The Princess and Her Knight",2091,0,0,0,0,0,0,0,0,0,0,0,0,0,0,0,0,0,0,0,0,0,0,0
5134,3247,78,0,62522,217,"The Hardened Heart",2092,2121,2093,0,0,0,0,0,0,0,0,0,0,0,0,0,0,0,0,0,0,0,0,0
5135,3248,80,0,62522,217,"To Have Loved and Lost",2094,2095,0,0,0,0,0,0,0,0,0,0,0,0,0,0,0,0,0,0,0,0,0,0
5136,3267,70,0,62522,218,"Traditions and Travails",0,0,0,0,0,0,0,0,0,0,0,0,0,0,0,0,0,0,0,0,0,0,0,0
5137,3268,72,0,62522,218,"Affronts and Allies",2096,0,0,0,0,0,0,0,0,0,0,0,0,0,0,0,0,0,0,0,0,0,0,0
5138,3269,74,0,62522,218,"The Scientific Method",0,0,0,0,0,0,0,0,0,0,0,0,0,0,0,0,0,0,0,0,0,0,0,0
5139,3270,76,0,62522,218,"The Lost and the Found",2097,2098,0,0,0,0,0,0,0,0,0,0,0,0,0,0,0,0,0,0,0,0,0,0
5140,3271,78,0,62522,218,"Never to Return",2099,0,0,0,0,0,0,0,0,0,0,0,0,0,0,0,0,0,0,0,0,0,0,0
5141,3272,80,0,62522,218,"The Soul of Temperance",2100,2101,0,0,0,0,0,0,0,0,0,0,0,0,0,0,0,0,0,0,0,0,0,0
5142,3273,70,0,62522,219,"No Greater Sport",0,0,0,0,0,0,0,0,0,0,0,0,0,0,0,0,0,0,0,0,0,0,0,0
5143,3274,72,0,62522,219,"Vengeance in Defeat",2102,0,0,0,0,0,0,0,0,0,0,0,0,0,0,0,0,0,0,0,0,0,0,0
5144,3275,74,0,62522,219,"Freedom from Privilege",0,0,0,0,0,0,0,0,0,0,0,0,0,0,0,0,0,0,0,0,0,0,0,0
5145,3276,76,0,62522,219,"The Hunter's Legacy",2103,2104,0,0,0,0,0,0,0,0,0,0,0,0,0,0,0,0,0,0,0,0,0,0
5146,3277,78,0,62522,219,"Fellowship Restored",2105,0,0,0,0,0,0,0,0,0,0,0,0,0,0,0,0,0,0,0,0,0,0,0
5147,3278,80,0,62522,219,"Courage Born of Fear",2106,2107,0,0,0,0,0,0,0,0,0,0,0,0,0,0,0,0,0,0,0,0,0,0
5148,3623,70,0,62522,220,"Hollow Pursuits",0,0,0,0,0,0,0,0,0,0,0,0,0,0,0,0,0,0,0,0,0,0,0,0
5149,3624,72,0,62522,220,"A Voice from the Void",2108,0,0,0,0,0,0,0,0,0,0,0,0,0,0,0,0,0,0,0,0,0,0,0
5150,3625,74,0,62522,220,"Echoes of the Past",2109,0,0,0,0,0,0,0,0,0,0,0,0,0,0,0,0,0,0,0,0,0,0,0
5151,3626,76,0,62522,220,"Nyelbert's Lament",2110,2111,0,0,0,0,0,0,0,0,0,0,0,0,0,0,0,0,0,0,0,0,0,0
5152,3627,78,0,62522,220,"Taynor's Training Day",0,0,0,0,0,0,0,0,0,0,0,0,0,0,0,0,0,0,0,0,0,0,0,0
5153,3628,80,0,62522,220,"A Tearful Reunion",2112,2113,0,0,0,0,0,0,0,0,0,0,0,0,0,0,0,0,0,0,0,0,0,0
5154,3629,80,0,62522,221,"Shadow Walk with Me",2114,0,0,0,0,0,0,0,0,0,0,0,0,0,0,0,0,0,0,0,0,0,0,0
5155,3985,80,0,62522,221,"Safekeeping",2472,0,0,0,0,0,0,0,0,0,0,0,0,0,0,0,0,0,0,0,0,0,0,0
5156,4102,85,0,62522,222,"Shrouded in Peril",0,0,0,0,0,0,0,0,0,0,0,0,0,0,0,0,0,0,0,0,0,0,0,0
5157,4103,86,0,62522,222,"To Give Voice",2556,0,0,0,0,0,0,0,0,0,0,0,0,0,0,0,0,0,0,0,0,0,0,0
5158,4104,87,0,62522,222,"A Gift Undone",2557,0,0,0,0,0,0,0,0,0,0,0,0,0,0,0,0,0,0,0,0,0,0,0
5159,4105,88,0,62522,222,"A Pact Proven",0,0,0,0,0,0,0,0,0,0,0,0,0,0,0,0,0,0,0,0,0,0,0,0
5160,4106,89,0,62522,222,"Hearts True",2558,0,0,0,0,0,0,0,0,0,0,0,0,0,0,0,0,0,0,0,0,0,0,0
5161,4107,90,0,62522,222,"A Path Unveiled",2559,2560,2561,0,0,0,0,0,0,0,0,0,0,0,0,0,0,0,0,0,0,0,0,0
5162,4108,85,0,62522,223,"Far from Free",2568,0,0,0,0,0,0,0,0,0,0,0,0,0,0,0,0,0,0,0,0,0,0,0
5163,4109,86,0,62522,223,"The Butcher's Blade",2569,2800,0,0,0,0,0,0,0,0,0,0,0,0,0,0,0,0,0,0,0,0,0,0
5164,4110,87,0,62522,223,"A New Battleground",0,0,0,0,0,0,0,0,0,0,0,0,0,0,0,0,0,0,0,0,0,0,0,0
5165,4111,88,0,62522,223,"Laying the Past to Rest",2570,0,0,0,0,0,0,0,0,0,0,0,0,0,0,0,0,0,0,0,0,0,0,0
5166,4112,89,0,62522,223,"Trail of Skulls",0,0,0,0,0,0,0,0,0,0,0,0,0,0,0,0,0,0,0,0,0,0,0,0
5167,4113,90,0,62522,223,"The Gift of Mercy",2571,2572,2573,0,0,0,0,0,0,0,0,0,0,0,0,0,0,0,0,0,0,0,0,0
5168,4114,85,0,62522,224,"Storm Clouds Brewing",0,0,0,0,0,0,0,0,0,0,0,0,0,0,0,0,0,0,0,0,0,0,0,0
5169,4115,86,0,62522,224,"The Crushing Tide",2574,0,0,0,0,0,0,0,0,0,0,0,0,0,0,0,0,0,0,0,0,0,0,0
5170,4116,87,0,62522,224,"Old Heroes Never Die",0,0,0,0,0,0,0,0,0,0,0,0,0,0,0,0,0,0,0,0,0,0,0,0
5171,4117,88,0,62522,224,"A Mother's Suffering",2575,2576,2577,0,0,0,0,0,0,0,0,0,0,0,0,0,0,0,0,0,0,0,0,0
5172,4118,89,0,62522,224,"Out of the Shadows",0,0,0,0,0,0,0,0,0,0,0,0,0,0,0,0,0,0,0,0,0,0,0,0
5173,4119,90,0,62522,224,"To Calmer Seas",2578,2579,0,0,0,0,0,0,0,0,0,0,0,0,0,0,0,0,0,0,0,0,0,0
5174,4120,85,0,62522,225,"Seeds of Disquiet",0,0,0,0,0,0,0,0,0,0,0,0,0,0,0,0,0,0,0,0,0,0,0,0
5175,4121,86,0,62522,225,"When the Kami Answer",2580,2581,0,0,0,0,0,0,0,0,0,0,0,0,0,0,0,0,0,0,0,0,0,0
5176,4122,87,0,62522,225,"Home No Longer",0,0,0,0,0,0,0,0,0,0,0,0,0,0,0,0,0,0,0,0,0,0,0,0
5177,4123,88,0,62522,225,"The Devoted Daughter",2582,2583,0,0,0,0,0,0,0,0,0,0,0,0,0,0,0,0,0,0,0,0,0,0
5178,4124,89,0,62522,225,"A Singular Gift",0,0,0,0,0,0,0,0,0,0,0,0,0,0,0,0,0,0,0,0,0,0,0,0
5179,4125,90,0,62522,225,"Laid to Rest",2584,2793,2585,0,0,0,0,0,0,0,0,0,0,0,0,0,0,0,0,0,0,0,0,0
5180,4126,85,0,62522,226,"Our Aching Souls",2795,0,0,0,0,0,0,0,0,0,0,0,0,0,0,0,0,0,0,0,0,0,0,0
5181,4127,86,0,62522,226,"No Forgiveness, No Deliverance",0,0,0,0,0,0,0,0,0,0,0,0,0,0,0,0,0,0,0,0,0,0,0,0
5182,4128,87,0,62522,226,"Only Justice, Only Vengeance",2564,0,0,0,0,0,0,0,0,0,0,0,0,0,0,0,0,0,0,0,0,0,0,0
5183,4129,88,0,62522,226,"Wills Unending, Faith Unbending",2563,0,0,0,0,0,0,0,0,0,0,0,0,0,0,0,0,0,0,0,0,0,0,0
5184,4130,89,0,62522,226,"O Mighty Fury, Guide Us to Victory",2565,0,0,0,0,0,0,0,0,0,0,0,0,0,0,0,0,0,0,0,0,0,0,0
5185,4131,90,0,62522,226,"Ever March Heavensward",2566,2567,0,0,0,0,0,0,0,0,0,0,0,0,0,0,0,0,0,0,0,0,0,0
5186,4579,90,0,62522,227,"Bitter Snow",0,0,0,0,0,0,0,0,0,0,0,0,0,0,0,0,0,0,0,0,0,0,0,0
5187,4580,90,0,62522,227,"Frozen Hope",2826,0,0,0,0,0,0,0,0,0,0,0,0,0,0,0,0,0,0,0,0,0,0,0
5188,4581,90,0,62522,227,"Misguided Few",0,0,0,0,0,0,0,0,0,0,0,0,0,0,0,0,0,0,0,0,0,0,0,0
5189,4582,90,0,62522,227,"Forlorn Glory",2829,2830,2831,0,0,0,0,0,0,0,0,0,0,0,0,0,0,0,0,0,0,0,0,0
5190,4818,90,0,62522,228,"The Narwhal Beckons",0,0,0,0,0,0,0,0,0,0,0,0,0,0,0,0,0,0,0,0,0,0,0,0
5191,4819,92,0,62522,228,"Sleepless in Ishgard",3409,0,0,0,0,0,0,0,0,0,0,0,0,0,0,0,0,0,0,0,0,0,0,0
5192,4820,94,0,62522,228,"Between Sleep and Death",3410,3411,0,0,0,0,0,0,0,0,0,0,0,0,0,0,0,0,0,0,0,0,0,0
5193,4821,96,0,62522,228,"Beacon in the Darkness",3412,0,0,0,0,0,0,0,0,0,0,0,0,0,0,0,0,0,0,0,0,0,0,0
5194,4822,98,0,62522,228,"Awakened, Not Stirred",0,0,0,0,0,0,0,0,0,0,0,0,0,0,0,0,0,0,0,0,0,0,0,0
5195,4823,100,0,62522,228,"Dreams of a New Day",3413,3511,3414,0,0,0,0,0,0,0,0,0,0,0,0,0,0,0,0,0,0,0,0,0
5196,4824,90,0,62522,229,"In the Sting of Things",3258,0,0,0,0,0,0,0,0,0,0,0,0,0,0,0,0,0,0,0,0,0,0,0
5197,4825,92,0,62522,229,"Causing Problems on Purpose",3259,0,0,0,0,0,0,0,0,0,0,0,0,0,0,0,0,0,0,0,0,0,0,0
5198,4826,94,0,62522,229,"Living among the Deadly",0,0,0,0,0,0,0,0,0,0,0,0,0,0,0,0,0,0,0,0,0,0,0,0
5199,4827,96,0,62522,229,"Taste of a Toxin Paradise",3260,0,0,0,0,0,0,0,0,0,0,0,0,0,0,0,0,0,0,0,0,0,0,0
5200,4828,98,0,62522,229,"Downed by the River",3261,0,0,0,0,0,0,0,0,0,0,0,0,0,0,0,0,0,0,0,0,0,0,0
5201,4829,100,0,62522,229,"An Antidote for Anarchy",3262,3263,0,0,0,0,0,0,0,0,0,0,0,0,0,0,0,0,0,0,0,0,0,0
5202,4830,90,0,62522,230,"The Hunter and the Hunted",3427,0,0,0,0,0,0,0,0,0,0,0,0,0,0,0,0,0,0,0,0,0,0,0
5203,4831,92,0,62522,230,"A Sea of Blood",3428,0,0,0,0,0,0,0,0,0,0,0,0,0,0,0,0,0,0,0,0,0,0,0
5204,4832,94,0,62522,230,"Who's Who",3429,0,0,0,0,0,0,0,0,0,0,0,0,0,0,0,0,0,0,0,0,0,0,0
5205,4833,96,0,62522,230,"Cornered Prey",3430,0,0,0,0,0,0,0,0,0,0,0,0,0,0,0,0,0,0,0,0,0,0,0
5206,4834,98,0,62522,230,"Impostor Syndrome",3431,0,0,0,0,0,0,0,0,0,0,0,0,0,0,0,0,0,0,0,0,0,0,0
5207,4835,100,0,62522,230,"A Hunter True",3432,3433,0,0,0,0,0,0,0,0,0,0,0,0,0,0,0,0,0,0,0,0,0,0
5208,4836,90,0,62522,231,"To Steal a Steelhog",3421,0,0,0,0,0,0,0,0,0,0,0,0,0,0,0,0,0,0,0,0,0,0,0
5209,4837,92,0,62522,231,"Bandits Abound",0,0,0,0,0,0,0,0,0,0,0,0,0,0,0,0,0,0,0,0,0,0,0,0
5210,4838,94,0,62522,231,"Take Me to Your Leader",3422,0,0,0,0,0,0,0,0,0,0,0,0,0,0,0,0,0,0,0,0,0,0,0
5211,4839,96,0,62522,231,"The Milk of Mamool Ja Kindness",3423,0,0,0,0,0,0,0,0,0,0,0,0,0,0,0,0,0,0,0,0,0,0,0
5212,4840,98,0,62522,231,"Ally in the Alley",3424,0,0,0,0,0,0,0,0,0,0,0,0,0,0,0,0,0,0,0,0,0,0,0
5213,4841,100,0,62522,231,"The Mightiest Shield",3425,3426,0,0,0,0,0,0,0,0,0,0,0,0,0,0,0,0,0,0,0,0,0,0
5214,4842,90,0,62522,232,"Power Forgotten",3415,0,0,0,0,0,0,0,0,0,0,0,0,0,0,0,0,0,0,0,0,0,0,0
5215,4843,92,0,62522,232,"A Brand of Justice",3416,0,0,0,0,0,0,0,0,0,0,0,0,0,0,0,0,0,0,0,0,0,0,0
5216,4844,94,0,62522,232,"The Seeds of Popularity",0,0,0,0,0,0,0,0,0,0,0,0,0,0,0,0,0,0,0,0,0,0,0,0
5217,4845,96,0,62522,232,"Floundering Fame",3417,0,0,0,0,0,0,0,0,0,0,0,0,0,0,0,0,0,0,0,0,0,0,0
5218,4846,98,0,62522,232,"Behind the Helm",3418,0,0,0,0,0,0,0,0,0,0,0,0,0,0,0,0,0,0,0,0,0,0,0
5219,4847,100,0,62522,232,"Heroes and Pretenders",3419,3420,0,0,0,0,0,0,0,0,0,0,0,0,0,0,0,0,0,0,0,0,0,0
5220,4817,90,0,62522,233,"Uncouth Customers",3434,0,0,0,0,0,0,0,0,0,0,0,0,0,0,0,0,0,0,0,0,0,0,0
5221,5188,100,0,62522,233,"Picking Up the Torch",3563,0,0,0,0,0,0,0,0,0,0,0,0,0,0,0,0,0,0,0,0,0,0,0
5222,5189,100,0,62522,233,"Imposing Views",3564,3565,0,0,0,0,0,0,0,0,0,0,0,0,0,0,0,0,0,0,0,0,0,0
5223,5190,100,0,62522,233,"Enforcing Freedom",3566,0,0,0,0,0,0,0,0,0,0,0,0,0,0,0,0,0,0,0,0,0,0,0
5224,5191,100,0,62522,233,"Bar the Passage",3567,3568,3569,3570,0,0,0,0,0,0,0,0,0,0,0,0,0,0,0,0,0,0,0,0
5225,1104,30,0,61401,234,"A Pup No Longer (Maelstrom)",415,1167,0,0,0,0,0,0,0,0,0,0,0,0,0,0,0,0,0,0,0,0,0,0
5226,1528,30,0,61401,234,"Like Civilized Men and Women (Maelstrom)",541,0,0,0,0,0,0,0,0,0,0,0,0,0,0,0,0,0,0,0,0,0,0,0
5227,1128,44,0,61401,234,"Shadows Uncast (Maelstrom)",0,0,0,0,0,0,0,0,0,0,0,0,0,0,0,0,0,0,0,0,0,0,0,0
5228,1131,47,0,61401,234,"Gilding the Bilious (Maelstrom)",0,0,0,0,0,0,0,0,0,0,0,0,0,0,0,0,0,0,0,0,0,0,0,0
5229,1564,50,0,61401,234,"Let the Hunt Begin (Maelstrom)",0,0,0,0,0,0,0,0,0,0,0,0,0,0,0,0,0,0,0,0,0,0,0,0
5230,1105,30,0,61402,235,"A Pup No Longer (Twin Adder)",415,1167,0,0,0,0,0,0,0,0,0,0,0,0,0,0,0,0,0,0,0,0,0,0
5231,1527,30,0,61402,235,"Like Civilized Men and Women (Twin Adder)",541,0,0,0,0,0,0,0,0,0,0,0,0,0,0,0,0,0,0,0,0,0,0,0
5232,1129,44,0,61402,235,"Shadows Uncast (Twin Adder)",0,0,0,0,0,0,0,0,0,0,0,0,0,0,0,0,0,0,0,0,0,0,0,0
5233,1132,47,0,61402,235,"Gilding the Bilious (Twin Adder)",0,0,0,0,0,0,0,0,0,0,0,0,0,0,0,0,0,0,0,0,0,0,0,0
5234,1563,50,0,61402,235,"Let the Hunt Begin (Twin Adder)",0,0,0,0,0,0,0,0,0,0,0,0,0,0,0,0,0,0,0,0,0,0,0,0
5235,1106,30,0,61403,236,"A Pup No Longer (Immortal Flames)",415,1167,0,0,0,0,0,0,0,0,0,0,0,0,0,0,0,0,0,0,0,0,0,0
5236,1529,30,0,61403,236,"Like Civilized Men and Women (Immortal Flames)",541,0,0,0,0,0,0,0,0,0,0,0,0,0,0,0,0,0,0,0,0,0,0,0
5237,1130,44,0,61403,236,"Shadows Uncast (Immortal Flames)",0,0,0,0,0,0,0,0,0,0,0,0,0,0,0,0,0,0,0,0,0,0,0,0
5238,1133,47,0,61403,236,"Gilding the Bilious (Immortal Flames)",0,0,0,0,0,0,0,0,0,0,0,0,0,0,0,0,0,0,0,0,0,0,0,0
5239,1565,50,0,61403,236,"Let the Hunt Begin (Immortal Flames)",0,0,0,0,0,0,0,0,0,0,0,0,0,0,0,0,0,0,0,0,0,0,0,0
5240,1292,15,0,61411,238,"A Horse for Heavensturn",0,0,0,0,0,0,0,0,0,0,0,0,0,0,0,0,0,0,0,0,0,0,0,0
5241,1293,15,0,61411,238,"Turn Around, Beautiful",0,0,0,0,0,0,0,0,0,0,0,0,0,0,0,0,0,0,0,0,0,0,0,0
5242,1294,15,0,61411,238,"Heavens Know You're Fast",0,0,0,0,0,0,0,0,0,0,0,0,0,0,0,0,0,0,0,0,0,0,0,0
5243,1295,15,0,61411,238,"Heavenly Power",0,0,0,0,0,0,0,0,0,0,0,0,0,0,0,0,0,0,0,0,0,0,0,0
5244,1296,15,0,61411,238,"Thank Heavensturn for You",0,0,0,0,0,0,0,0,0,0,0,0,0,0,0,0,0,0,0,0,0,0,0,0
5245,252,15,0,61411,238,"Lions for Lambs",0,0,0,0,0,0,0,0,0,0,0,0,0,0,0,0,0,0,0,0,0,0,0,0
5246,289,15,0,61411,238,"Sleepless in the Stable",0,0,0,0,0,0,0,0,0,0,0,0,0,0,0,0,0,0,0,0,0,0,0,0
5247,290,15,0,61411,238,"Sleepless in the Swaddle",0,0,0,0,0,0,0,0,0,0,0,0,0,0,0,0,0,0,0,0,0,0,0,0
5248,309,15,0,61411,238,"Sleepless in the Saloon",0,0,0,0,0,0,0,0,0,0,0,0,0,0,0,0,0,0,0,0,0,0,0,0
5249,287,15,0,61411,238,"All's Wool That Ends Wool",0,0,0,0,0,0,0,0,0,0,0,0,0,0,0,0,0,0,0,0,0,0,0,0
5250,2217,15,0,61411,238,"Monkey about Town",0,0,0,0,0,0,0,0,0,0,0,0,0,0,0,0,0,0,0,0,0,0,0,0
5251,1549,15,0,61411,238,"A Thousand Blows",0,0,0,0,0,0,0,0,0,0,0,0,0,0,0,0,0,0,0,0,0,0,0,0
5252,2425,15,0,61411,238,"More Bark and Mochi Bite",0,0,0,0,0,0,0,0,0,0,0,0,0,0,0,0,0,0,0,0,0,0,0,0
5253,3014,15,0,61411,238,"Hogging the Spotlight",0,0,0,0,0,0,0,0,0,0,0,0,0,0,0,0,0,0,0,0,0,0,0,0
5254,3176,15,0,61411,238,"Mochi to Be Desired",0,0,0,0,0,0,0,0,0,0,0,0,0,0,0,0,0,0,0,0,0,0,0,0
5255,3738,15,0,61411,238,"Steering Clear of Trouble",0,0,0,0,0,0,0,0,0,0,0,0,0,0,0,0,0,0,0,0,0,0,0,0
5256,3751,15,0,61411,238,"Bully for Mochi",0,0,0,0,0,0,0,0,0,0,0,0,0,0,0,0,0,0,0,0,0,0,0,0
5257,4023,15,0,61411,238,"Tangle with a Tora",0,0,0,0,0,0,0,0,0,0,0,0,0,0,0,0,0,0,0,0,0,0,0,0
5258,4024,15,0,61413,238,"Let Them Eat Cake",0,0,0,0,0,0,0,0,0,0,0,0,0,0,0,0,0,0,0,0,0,0,0,0
5259,4588,15,0,61411,238,"The Box of Fortune",0,0,0,0,0,0,0,0,0,0,0,0,0,0,0,0,0,0,0,0,0,0,0,0
5260,4589,15,0,61411,238,"With Great Fortune Comes Great Responsibility",0,0,0,0,0,0,0,0,0,0,0,0,0,0,0,0,0,0,0,0,0,0,0,0
5261,4679,15,0,61411,238,"To Be a Mascot",0,0,0,0,0,0,0,0,0,0,0,0,0,0,0,0,0,0,0,0,0,0,0,0
5262,4680,15,0,61411,238,"Unlike a Dragon",0,0,0,0,0,0,0,0,0,0,0,0,0,0,0,0,0,0,0,0,0,0,0,0
5263,5186,15,0,61411,238,"Heavensssturn Trivia",0,0,0,0,0,0,0,0,0,0,0,0,0,0,0,0,0,0,0,0,0,0,0,0
5264,5229,15,0,61411,238,"Seize the Neigh",0,0,0,0,0,0,0,0,0,0,0,0,0,0,0,0,0,0,0,0,0,0,0,0
5265,5230,15,0,61411,238,"Majesty in Motion",0,0,0,0,0,0,0,0,0,0,0,0,0,0,0,0,0,0,0,0,0,0,0,0
5266,0,0,0,0,0,"",0,0,0,0,0,0,0,0,0,0,0,0,0,0,0,0,0,0,0,0,0,0,0,0
5267,0,0,0,0,0,"",0,0,0,0,0,0,0,0,0,0,0,0,0,0,0,0,0,0,0,0,0,0,0,0
5268,0,0,0,0,0,"",0,0,0,0,0,0,0,0,0,0,0,0,0,0,0,0,0,0,0,0,0,0,0,0
5269,0,0,0,0,0,"",0,0,0,0,0,0,0,0,0,0,0,0,0,0,0,0,0,0,0,0,0,0,0,0
5270,0,0,0,0,0,"",0,0,0,0,0,0,0,0,0,0,0,0,0,0,0,0,0,0,0,0,0,0,0,0
5271,0,0,0,0,0,"",0,0,0,0,0,0,0,0,0,0,0,0,0,0,0,0,0,0,0,0,0,0,0,0
5272,0,0,0,0,0,"",0,0,0,0,0,0,0,0,0,0,0,0,0,0,0,0,0,0,0,0,0,0,0,0
5273,1297,15,0,61411,240,"The Puissance of Love",0,0,0,0,0,0,0,0,0,0,0,0,0,0,0,0,0,0,0,0,0,0,0,0
5274,1298,15,0,61411,240,"Sweet, Sweet Love",0,0,0,0,0,0,0,0,0,0,0,0,0,0,0,0,0,0,0,0,0,0,0,0
5275,1299,15,0,61411,240,"Right Here Waiting",0,0,0,0,0,0,0,0,0,0,0,0,0,0,0,0,0,0,0,0,0,0,0,0
5276,1300,15,0,61411,240,"Love Is a Battleground",0,0,0,0,0,0,0,0,0,0,0,0,0,0,0,0,0,0,0,0,0,0,0,0
5277,1301,15,0,61411,240,"Never Say Farewell",0,0,0,0,0,0,0,0,0,0,0,0,0,0,0,0,0,0,0,0,0,0,0,0
5278,512,15,0,61411,240,"Where Did Our Loves Go",0,0,0,0,0,0,0,0,0,0,0,0,0,0,0,0,0,0,0,0,0,0,0,0
5279,515,15,0,61411,240,"Love in the Woods",0,0,0,0,0,0,0,0,0,0,0,0,0,0,0,0,0,0,0,0,0,0,0,0
5280,523,15,0,61411,240,"Hearts in the Sand",0,0,0,0,0,0,0,0,0,0,0,0,0,0,0,0,0,0,0,0,0,0,0,0
5281,527,15,0,61411,240,"Ardor in the Harbor",0,0,0,0,0,0,0,0,0,0,0,0,0,0,0,0,0,0,0,0,0,0,0,0
5282,547,15,0,61411,240,"Now That We've Found Love",0,0,0,0,0,0,0,0,0,0,0,0,0,0,0,0,0,0,0,0,0,0,0,0
5283,2218,15,0,61411,240,"What Is Love",0,0,0,0,0,0,0,0,0,0,0,0,0,0,0,0,0,0,0,0,0,0,0,0
5284,2219,15,0,61413,240,"The Fault in Our Cards",0,0,0,0,0,0,0,0,0,0,0,0,0,0,0,0,0,0,0,0,0,0,0,0
5285,2220,15,0,61411,240,"A Pair of Hearts",0,0,0,0,0,0,0,0,0,0,0,0,0,0,0,0,0,0,0,0,0,0,0,0
5286,2419,15,0,61411,240,"Once More with Feeling",0,0,0,0,0,0,0,0,0,0,0,0,0,0,0,0,0,0,0,0,0,0,0,0
5287,2420,15,0,61413,240,"The Magic Number",0,0,0,0,0,0,0,0,0,0,0,0,0,0,0,0,0,0,0,0,0,0,0,0
5288,3082,15,0,61419,240,"Lessons in Love",0,0,0,0,0,0,0,0,0,0,0,0,0,0,0,0,0,0,0,0,0,0,0,0
5289,3083,15,0,61413,240,"In Fortune with the Times",0,0,0,0,0,0,0,0,0,0,0,0,0,0,0,0,0,0,0,0,0,0,0,0
5290,3205,15,0,61419,240,"A Many-splendored Thing",0,0,0,0,0,0,0,0,0,0,0,0,0,0,0,0,0,0,0,0,0,0,0,0
5291,3206,15,0,61413,240,"From Now until Affinity",0,0,0,0,0,0,0,0,0,0,0,0,0,0,0,0,0,0,0,0,0,0,0,0
5292,3752,15,0,61419,240,"Of Ardor and Argument",0,0,0,0,0,0,0,0,0,0,0,0,0,0,0,0,0,0,0,0,0,0,0,0
5293,3753,15,0,61411,240,"A Vote for Astrid",0,0,0,0,0,0,0,0,0,0,0,0,0,0,0,0,0,0,0,0,0,0,0,0
5294,3754,15,0,61411,240,"A Vote for Bert",0,0,0,0,0,0,0,0,0,0,0,0,0,0,0,0,0,0,0,0,0,0,0,0
5295,3755,15,0,61411,240,"A Vote for Rodrigault",0,0,0,0,0,0,0,0,0,0,0,0,0,0,0,0,0,0,0,0,0,0,0,0
5296,3756,15,0,61411,240,"Astrid's Acumen",0,0,0,0,0,0,0,0,0,0,0,0,0,0,0,0,0,0,0,0,0,0,0,0
5297,3757,15,0,61411,240,"Bert's Big Idea",0,0,0,0,0,0,0,0,0,0,0,0,0,0,0,0,0,0,0,0,0,0,0,0
5298,3758,15,0,61411,240,"Rodrigault's Revelation",0,0,0,0,0,0,0,0,0,0,0,0,0,0,0,0,0,0,0,0,0,0,0,0
5299,4465,15,0,61411,240,"No Love Lost",0,0,0,0,0,0,0,0,0,0,0,0,0,0,0,0,0,0,0,0,0,0,0,0
5300,4466,15,0,61411,240,"Love's Labors",0,0,0,0,0,0,0,0,0,0,0,0,0,0,0,0,0,0,0,0,0,0,0,0
5301,4467,15,0,61413,240,"Better Letters",0,0,0,0,0,0,0,0,0,0,0,0,0,0,0,0,0,0,0,0,0,0,0,0
5302,4654,15,0,61419,240,"Suited for Affection",0,0,0,0,0,0,0,0,0,0,0,0,0,0,0,0,0,0,0,0,0,0,0,0
5303,4808,15,0,61411,240,"The Symbol of Love",0,0,0,0,0,0,0,0,0,0,0,0,0,0,0,0,0,0,0,0,0,0,0,0
5304,4809,15,0,61411,240,"It's All about Heart",0,0,0,0,0,0,0,0,0,0,0,0,0,0,0,0,0,0,0,0,0,0,0,0
5305,5251,15,0,61411,240,"I Promise You a Rose Garden",0,0,0,0,0,0,0,0,0,0,0,0,0,0,0,0,0,0,0,0,0,0,0,0
5306,5325,15,0,61419,240,"The Icing on the Cake",0,0,0,0,0,0,0,0,0,0,0,0,0,0,0,0,0,0,0,0,0,0,0,0
5307,3996,15,0,61411,241,"A Delivery of Love",0,0,0,0,0,0,0,0,0,0,0,0,0,0,0,0,0,0,0,0,0,0,0,0
5308,3997,15,0,61411,241,"Little Lady Adventurer",0,0,0,0,0,0,0,0,0,0,0,0,0,0,0,0,0,0,0,0,0,0,0,0
5309,1302,15,0,61411,242,"All the Little Ladies (Gridania)",0,0,0,0,0,0,0,0,0,0,0,0,0,0,0,0,0,0,0,0,0,0,0,0
5310,1303,15,0,61411,242,"All the Little Ladies (Limsa Lominsa)",0,0,0,0,0,0,0,0,0,0,0,0,0,0,0,0,0,0,0,0,0,0,0,0
5311,1304,15,0,61411,242,"All the Little Ladies (Ul'dah)",0,0,0,0,0,0,0,0,0,0,0,0,0,0,0,0,0,0,0,0,0,0,0,0
5312,1305,15,0,61411,242,"A Peach by Any Other Name",0,0,0,0,0,0,0,0,0,0,0,0,0,0,0,0,0,0,0,0,0,0,0,0
5313,1306,15,0,61411,242,"Say It with Peaches",0,0,0,0,0,0,0,0,0,0,0,0,0,0,0,0,0,0,0,0,0,0,0,0
5314,1307,15,0,61411,242,"A Real Peach",0,0,0,0,0,0,0,0,0,0,0,0,0,0,0,0,0,0,0,0,0,0,0,0
5315,499,15,0,61411,242,"A Thorne-y Relationship",0,0,0,0,0,0,0,0,0,0,0,0,0,0,0,0,0,0,0,0,0,0,0,0
5316,500,15,0,61413,242,"Digging for Dolls",0,0,0,0,0,0,0,0,0,0,0,0,0,0,0,0,0,0,0,0,0,0,0,0
5317,501,15,0,61411,242,"A Father's Folly",0,0,0,0,0,0,0,0,0,0,0,0,0,0,0,0,0,0,0,0,0,0,0,0
5318,2221,15,0,61411,242,"Aligning the Stars",0,0,0,0,0,0,0,0,0,0,0,0,0,0,0,0,0,0,0,0,0,0,0,0
5319,2222,15,0,61413,242,"Sugar, Spice, and Everything Rice",0,0,0,0,0,0,0,0,0,0,0,0,0,0,0,0,0,0,0,0,0,0,0,0
5320,2223,15,0,61411,242,"The Lead Starling",0,0,0,0,0,0,0,0,0,0,0,0,0,0,0,0,0,0,0,0,0,0,0,0
5321,2399,15,0,61411,242,"Birdwatching Gone Wrong",0,0,0,0,0,0,0,0,0,0,0,0,0,0,0,0,0,0,0,0,0,0,0,0
5322,2400,15,0,61411,242,"The Disappearing Act",0,0,0,0,0,0,0,0,0,0,0,0,0,0,0,0,0,0,0,0,0,0,0,0
5323,2401,15,0,61411,242,"Ulala's Grand Performance",0,0,0,0,0,0,0,0,0,0,0,0,0,0,0,0,0,0,0,0,0,0,0,0
5324,2406,15,0,61411,242,"Masha's Grand Performance",0,0,0,0,0,0,0,0,0,0,0,0,0,0,0,0,0,0,0,0,0,0,0,0
5325,2407,15,0,61411,242,"Narumi's Grand Performance",0,0,0,0,0,0,0,0,0,0,0,0,0,0,0,0,0,0,0,0,0,0,0,0
5326,2408,15,0,61411,242,"Idols Give Back",0,0,0,0,0,0,0,0,0,0,0,0,0,0,0,0,0,0,0,0,0,0,0,0
5327,3084,15,0,61411,242,"A Colorful Affair",0,0,0,0,0,0,0,0,0,0,0,0,0,0,0,0,0,0,0,0,0,0,0,0
5328,3085,15,0,61411,242,"Untended Dreams",0,0,0,0,0,0,0,0,0,0,0,0,0,0,0,0,0,0,0,0,0,0,0,0
5329,3208,15,0,61411,242,"Princess of Flowers",0,0,0,0,0,0,0,0,0,0,0,0,0,0,0,0,0,0,0,0,0,0,0,0
5330,3209,15,0,61413,242,"One Short Day on Emerald Avenue",0,0,0,0,0,0,0,0,0,0,0,0,0,0,0,0,0,0,0,0,0,0,0,0
5331,3850,15,0,61411,242,"Pretty in Peaches",0,0,0,0,0,0,0,0,0,0,0,0,0,0,0,0,0,0,0,0,0,0,0,0
5332,3851,15,0,61413,242,"A Guest to Impress",0,0,0,0,0,0,0,0,0,0,0,0,0,0,0,0,0,0,0,0,0,0,0,0
5333,4471,15,0,61411,242,"Fashion Face-off",0,0,0,0,0,0,0,0,0,0,0,0,0,0,0,0,0,0,0,0,0,0,0,0
5334,4472,15,0,61413,242,"A Stylish Transformation",0,0,0,0,0,0,0,0,0,0,0,0,0,0,0,0,0,0,0,0,0,0,0,0
5335,4720,15,0,61411,242,"Inheritance",0,0,0,0,0,0,0,0,0,0,0,0,0,0,0,0,0,0,0,0,0,0,0,0
5336,5237,15,0,61411,242,"A Princely Persona",0,0,0,0,0,0,0,0,0,0,0,0,0,0,0,0,0,0,0,0,0,0,0,0
5337,5238,15,0,61411,242,"A Princely Debut",0,0,0,0,0,0,0,0,0,0,0,0,0,0,0,0,0,0,0,0,0,0,0,0
5338,5444,15,0,61411,242,"What Can Eye Do for You",0,0,0,0,0,0,0,0,0,0,0,0,0,0,0,0,0,0,0,0,0,0,0,0
5339,5445,15,0,61413,242,"Backstage Chats",0,0,0,0,0,0,0,0,0,0,0,0,0,0,0,0,0,0,0,0,0,0,0,0
5340,4810,15,0,61411,243,"The Princesses and the Eggs",0,0,0,0,0,0,0,0,0,0,0,0,0,0,0,0,0,0,0,0,0,0,0,0
5341,4811,15,0,61411,243,"Peatie in Pink",0,0,0,0,0,0,0,0,0,0,0,0,0,0,0,0,0,0,0,0,0,0,0,0
5342,1414,15,0,61411,244,"Egg-hunting We Will Go (Gridania)",0,0,0,0,0,0,0,0,0,0,0,0,0,0,0,0,0,0,0,0,0,0,0,0
5343,1415,15,0,61411,244,"Egg-hunting We Will Go (Limsa Lominsa)",0,0,0,0,0,0,0,0,0,0,0,0,0,0,0,0,0,0,0,0,0,0,0,0
5344,1416,15,0,61411,244,"Egg-hunting We Will Go (Ul'dah)",0,0,0,0,0,0,0,0,0,0,0,0,0,0,0,0,0,0,0,0,0,0,0,0
5345,1417,15,0,61411,244,"Eggsigent Circumstances",0,0,0,0,0,0,0,0,0,0,0,0,0,0,0,0,0,0,0,0,0,0,0,0
5346,1418,15,0,61411,244,"Nothing to Yolk About",0,0,0,0,0,0,0,0,0,0,0,0,0,0,0,0,0,0,0,0,0,0,0,0
5347,1419,15,0,61411,244,"The Yolks on Us",0,0,0,0,0,0,0,0,0,0,0,0,0,0,0,0,0,0,0,0,0,0,0,0
5348,1420,15,0,61411,244,"Hard-boiled",0,0,0,0,0,0,0,0,0,0,0,0,0,0,0,0,0,0,0,0,0,0,0,0
5349,556,15,0,61411,244,"Great Eggspectations",0,0,0,0,0,0,0,0,0,0,0,0,0,0,0,0,0,0,0,0,0,0,0,0
5350,557,15,0,61411,244,"Poaching the Poachers",0,0,0,0,0,0,0,0,0,0,0,0,0,0,0,0,0,0,0,0,0,0,0,0
5351,559,15,0,61411,244,"Eggs Pluribus Unum",0,0,0,0,0,0,0,0,0,0,0,0,0,0,0,0,0,0,0,0,0,0,0,0
5352,2128,15,0,61411,244,"Jihli Dreams of Egg Hunts",0,0,0,0,0,0,0,0,0,0,0,0,0,0,0,0,0,0,0,0,0,0,0,0
5353,2129,15,0,61413,244,"Pass the Poacher",0,0,0,0,0,0,0,0,0,0,0,0,0,0,0,0,0,0,0,0,0,0,0,0
5354,2130,15,0,61413,244,"Hard-boiled Hocus",0,0,0,0,0,0,0,0,0,0,0,0,0,0,0,0,0,0,0,0,0,0,0,0
5355,2131,15,0,61413,244,"Spriggan Scramble",0,0,0,0,0,0,0,0,0,0,0,0,0,0,0,0,0,0,0,0,0,0,0,0
5356,2132,15,0,61411,244,"Eggsaltation of a Lark",0,0,0,0,0,0,0,0,0,0,0,0,0,0,0,0,0,0,0,0,0,0,0,0
5357,2421,15,0,61411,244,"When Eggs Fly",0,0,0,0,0,0,0,0,0,0,0,0,0,0,0,0,0,0,0,0,0,0,0,0
5358,2422,15,0,61411,244,"Shock-full of Eggcitement",0,0,0,0,0,0,0,0,0,0,0,0,0,0,0,0,0,0,0,0,0,0,0,0
5359,2423,15,0,61411,244,"Eggsistential Crisis",0,0,0,0,0,0,0,0,0,0,0,0,0,0,0,0,0,0,0,0,0,0,0,0
5360,3079,15,0,61411,244,"Uneggseptable Losses",0,0,0,0,0,0,0,0,0,0,0,0,0,0,0,0,0,0,0,0,0,0,0,0
5361,3080,15,0,61413,244,"Uneggspected Encounters",0,0,0,0,0,0,0,0,0,0,0,0,0,0,0,0,0,0,0,0,0,0,0,0
5362,3202,15,0,61411,244,"Eggstreme Eggstrapolation",0,0,0,0,0,0,0,0,0,0,0,0,0,0,0,0,0,0,0,0,0,0,0,0
5363,3203,15,0,61411,244,"A Shelltered Eggsistence",0,0,0,0,0,0,0,0,0,0,0,0,0,0,0,0,0,0,0,0,0,0,0,0
5364,3204,15,0,61411,244,"Deus Eggs Machina",0,0,0,0,0,0,0,0,0,0,0,0,0,0,0,0,0,0,0,0,0,0,0,0
5365,3846,15,0,61411,244,"The Eggth Umbral Calamity",0,0,0,0,0,0,0,0,0,0,0,0,0,0,0,0,0,0,0,0,0,0,0,0
5366,3847,15,0,61411,244,"A Procession Eggstraordinaire",0,0,0,0,0,0,0,0,0,0,0,0,0,0,0,0,0,0,0,0,0,0,0,0
5367,4089,15,0,61411,244,"Fowl Demands",0,0,0,0,0,0,0,0,0,0,0,0,0,0,0,0,0,0,0,0,0,0,0,0
5368,4090,15,0,61411,244,"A Poultry Sum",0,0,0,0,0,0,0,0,0,0,0,0,0,0,0,0,0,0,0,0,0,0,0,0
5369,4590,15,0,61411,244,"Hippity, Hoppity, Happily",0,0,0,0,0,0,0,0,0,0,0,0,0,0,0,0,0,0,0,0,0,0,0,0
5370,4721,15,0,61411,244,"Get Along and Play Knife",0,0,0,0,0,0,0,0,0,0,0,0,0,0,0,0,0,0,0,0,0,0,0,0
5371,4722,15,0,61411,244,"Chaos, Carnage, Eggs",0,0,0,0,0,0,0,0,0,0,0,0,0,0,0,0,0,0,0,0,0,0,0,0
5372,5242,15,0,61411,244,"In Pursuit of Eggcellence",0,0,0,0,0,0,0,0,0,0,0,0,0,0,0,0,0,0,0,0,0,0,0,0
5373,5243,15,0,61411,244,"Eggceeding Expectations",0,0,0,0,0,0,0,0,0,0,0,0,0,0,0,0,0,0,0,0,0,0,0,0
5374,5425,15,0,61419,244,"Of Weeds and Whimsy",0,0,0,0,0,0,0,0,0,0,0,0,0,0,0,0,0,0,0,0,0,0,0,0
5375,2133,15,0,61413,245,"And Then There Were Some",0,0,0,0,0,0,0,0,0,0,0,0,0,0,0,0,0,0,0,0,0,0,0,0
5376,2135,15,0,61411,245,"An Inspector's Gadget",0,0,0,0,0,0,0,0,0,0,0,0,0,0,0,0,0,0,0,0,0,0,0,0
5377,2424,15,0,61411,245,"Golden Rain",0,0,0,0,0,0,0,0,0,0,0,0,0,0,0,0,0,0,0,0,0,0,0,0
5378,3133,15,0,61411,245,"Trouble in Paradise",0,0,0,0,0,0,0,0,0,0,0,0,0,0,0,0,0,0,0,0,0,0,0,0
5379,3134,15,0,61413,245,"Love and Kupo Nuts",0,0,0,0,0,0,0,0,0,0,0,0,0,0,0,0,0,0,0,0,0,0,0,0
5380,3207,15,0,61411,245,"The Sabotender Shimmy",0,0,0,0,0,0,0,0,0,0,0,0,0,0,0,0,0,0,0,0,0,0,0,0
5381,3963,15,0,61411,245,"Caught Shorthanded",0,0,0,0,0,0,0,0,0,0,0,0,0,0,0,0,0,0,0,0,0,0,0,0
5382,3964,15,0,61413,245,"A Guide to Fun",0,0,0,0,0,0,0,0,0,0,0,0,0,0,0,0,0,0,0,0,0,0,0,0
5383,4054,15,0,61411,245,"The Great Horn Heist",0,0,0,0,0,0,0,0,0,0,0,0,0,0,0,0,0,0,0,0,0,0,0,0
5384,4055,15,0,61411,245,"A Token of Thanks",0,0,0,0,0,0,0,0,0,0,0,0,0,0,0,0,0,0,0,0,0,0,0,0
5385,4056,15,0,61413,245,"The Great Horn Heist Redux",0,0,0,0,0,0,0,0,0,0,0,0,0,0,0,0,0,0,0,0,0,0,0,0
5386,4584,15,0,61411,245,"A Prickly Plaint",0,0,0,0,0,0,0,0,0,0,0,0,0,0,0,0,0,0,0,0,0,0,0,0
5387,4727,15,0,61411,245,"A Golden Opportunity",0,0,0,0,0,0,0,0,0,0,0,0,0,0,0,0,0,0,0,0,0,0,0,0
5388,4728,15,0,61411,245,"Hearts of Gold",0,0,0,0,0,0,0,0,0,0,0,0,0,0,0,0,0,0,0,0,0,0,0,0
5389,4814,15,0,61411,245,"Of Impish Importance",0,0,0,0,0,0,0,0,0,0,0,0,0,0,0,0,0,0,0,0,0,0,0,0
5390,5322,15,0,61411,245,"Royal Rumblings",0,0,0,0,0,0,0,0,0,0,0,0,0,0,0,0,0,0,0,0,0,0,0,0
5391,5443,15,0,61411,245,"You Otter Be There",0,0,0,0,0,0,0,0,0,0,0,0,0,0,0,0,0,0,0,0,0,0,0,0
5392,1534,15,0,61411,246,"Streets of Moonfire (Gridania)",0,0,0,0,0,0,0,0,0,0,0,0,0,0,0,0,0,0,0,0,0,0,0,0
5393,1535,15,0,61411,246,"Streets of Moonfire (Limsa Lominsa)",0,0,0,0,0,0,0,0,0,0,0,0,0,0,0,0,0,0,0,0,0,0,0,0
5394,1536,15,0,61411,246,"Streets of Moonfire (Ul'dah)",0,0,0,0,0,0,0,0,0,0,0,0,0,0,0,0,0,0,0,0,0,0,0,0
5395,1537,15,0,61411,246,"Drench It! Moonfire Faire",0,0,0,0,0,0,0,0,0,0,0,0,0,0,0,0,0,0,0,0,0,0,0,0
5396,1538,15,0,61411,246,"Blast It! Moonfire Faire",0,0,0,0,0,0,0,0,0,0,0,0,0,0,0,0,0,0,0,0,0,0,0,0
5397,1539,15,0,61411,246,"Explode It! Moonfire Faire",0,0,0,0,0,0,0,0,0,0,0,0,0,0,0,0,0,0,0,0,0,0,0,0
5398,1540,15,0,61413,246,"A Rousing Douse",0,0,0,0,0,0,0,0,0,0,0,0,0,0,0,0,0,0,0,0,0,0,0,0
5399,1541,15,0,61413,246,"The Cannon-do Spirit",0,0,0,0,0,0,0,0,0,0,0,0,0,0,0,0,0,0,0,0,0,0,0,0
5400,1542,15,0,61413,246,"A Very Cherry Bomb",0,0,0,0,0,0,0,0,0,0,0,0,0,0,0,0,0,0,0,0,0,0,0,0
5401,1543,15,0,61411,246,"Remember Me This Moonfire Faire",0,0,0,0,0,0,0,0,0,0,0,0,0,0,0,0,0,0,0,0,0,0,0,0
5402,2124,30,0,61411,246,"Reigniting the Festivities",0,0,0,0,0,0,0,0,0,0,0,0,0,0,0,0,0,0,0,0,0,0,0,0
5403,2125,30,0,61413,246,"A Matter of Taste",0,0,0,0,0,0,0,0,0,0,0,0,0,0,0,0,0,0,0,0,0,0,0,0
5404,2126,5,0,61413,246,"What's in the Dish",0,0,0,0,0,0,0,0,0,0,0,0,0,0,0,0,0,0,0,0,0,0,0,0
5405,2127,30,0,61411,246,"An Adventurer's Life for Me",0,0,0,0,0,0,0,0,0,0,0,0,0,0,0,0,0,0,0,0,0,0,0,0
5406,2136,30,0,61411,246,"Heroes of Tomorrow",0,0,0,0,0,0,0,0,0,0,0,0,0,0,0,0,0,0,0,0,0,0,0,0
5407,2137,30,0,61413,246,"Dashing and Burning",0,0,0,0,0,0,0,0,0,0,0,0,0,0,0,0,0,0,0,0,0,0,0,0
5408,2138,30,0,61413,246,"Hot 'n Cold",0,0,0,0,0,0,0,0,0,0,0,0,0,0,0,0,0,0,0,0,0,0,0,0
5409,2139,30,0,61413,246,"Who Let the Bombs Out",0,0,0,0,0,0,0,0,0,0,0,0,0,0,0,0,0,0,0,0,0,0,0,0
5410,2140,30,0,61411,246,"A Battle Royal",0,0,0,0,0,0,0,0,0,0,0,0,0,0,0,0,0,0,0,0,0,0,0,0
5411,2956,30,0,61411,246,"The Isle and the Faire",0,0,0,0,0,0,0,0,0,0,0,0,0,0,0,0,0,0,0,0,0,0,0,0
5412,2957,30,0,61413,246,"These Fireworks Won't Light Themselves",0,0,0,0,0,0,0,0,0,0,0,0,0,0,0,0,0,0,0,0,0,0,0,0
5413,2958,30,0,61413,246,"Fried Fish Is the Best Fish",0,0,0,0,0,0,0,0,0,0,0,0,0,0,0,0,0,0,0,0,0,0,0,0
5414,2959,5,0,61413,246,"You Had Me at Haddock",0,0,0,0,0,0,0,0,0,0,0,0,0,0,0,0,0,0,0,0,0,0,0,0
5415,2960,30,0,61411,246,"The True Meaning of Summer",0,0,0,0,0,0,0,0,0,0,0,0,0,0,0,0,0,0,0,0,0,0,0,0
5416,3135,30,0,61411,246,"Jump to the Beach",0,0,0,0,0,0,0,0,0,0,0,0,0,0,0,0,0,0,0,0,0,0,0,0
5417,3136,30,0,61413,246,"Eorzean Nimble Warrior",0,0,0,0,0,0,0,0,0,0,0,0,0,0,0,0,0,0,0,0,0,0,0,0
5418,3137,30,0,61411,246,"If at First You Don't Succeed, Give Up",0,0,0,0,0,0,0,0,0,0,0,0,0,0,0,0,0,0,0,0,0,0,0,0
5419,3663,30,0,61411,246,"Feels Like Moonfire",0,0,0,0,0,0,0,0,0,0,0,0,0,0,0,0,0,0,0,0,0,0,0,0
5420,3664,30,0,61411,246,"Anything You Can Do",0,0,0,0,0,0,0,0,0,0,0,0,0,0,0,0,0,0,0,0,0,0,0,0
5421,3665,30,0,61413,246,"High-flying Hijinks",0,0,0,0,0,0,0,0,0,0,0,0,0,0,0,0,0,0,0,0,0,0,0,0
5422,3666,30,0,61413,246,"Frying for Fame and Fortune",0,0,0,0,0,0,0,0,0,0,0,0,0,0,0,0,0,0,0,0,0,0,0,0
5423,3667,5,0,61413,246,"Hook, Line, and Sinker",0,0,0,0,0,0,0,0,0,0,0,0,0,0,0,0,0,0,0,0,0,0,0,0
5424,3966,30,0,61411,246,"A Fish Too Far",0,0,0,0,0,0,0,0,0,0,0,0,0,0,0,0,0,0,0,0,0,0,0,0
5425,3967,30,0,61411,246,"Flame On",0,0,0,0,0,0,0,0,0,0,0,0,0,0,0,0,0,0,0,0,0,0,0,0
5426,4082,30,0,61411,246,"Unseasonable Chills",0,0,0,0,0,0,0,0,0,0,0,0,0,0,0,0,0,0,0,0,0,0,0,0
5427,4083,30,0,61411,246,"A Treat to Beat the Heat",0,0,0,0,0,0,0,0,0,0,0,0,0,0,0,0,0,0,0,0,0,0,0,0
5428,4540,30,0,61411,246,"A Matter of Course",0,0,0,0,0,0,0,0,0,0,0,0,0,0,0,0,0,0,0,0,0,0,0,0
5429,4541,30,0,61411,246,"Fhul Me Once",0,0,0,0,0,0,0,0,0,0,0,0,0,0,0,0,0,0,0,0,0,0,0,0
5430,4723,30,0,61411,246,"Allergic to Sunshine",0,0,0,0,0,0,0,0,0,0,0,0,0,0,0,0,0,0,0,0,0,0,0,0
5431,4724,30,0,61411,246,"I Am the Sunshine",0,0,0,0,0,0,0,0,0,0,0,0,0,0,0,0,0,0,0,0,0,0,0,0
5432,5182,30,0,61411,246,"Fire Red, Beast Green",0,0,0,0,0,0,0,0,0,0,0,0,0,0,0,0,0,0,0,0,0,0,0,0
5433,5183,30,0,61411,246,"Festival Fan Frenzy",0,0,0,0,0,0,0,0,0,0,0,0,0,0,0,0,0,0,0,0,0,0,0,0
5434,5321,30,0,61411,246,"Dressed to Protect",0,0,0,0,0,0,0,0,0,0,0,0,0,0,0,0,0,0,0,0,0,0,0,0
5435,5457,30,0,61411,246,"Earning Your Water Wings",0,0,0,0,0,0,0,0,0,0,0,0,0,0,0,0,0,0,0,0,0,0,0,0
5436,5458,30,0,61413,246,"Whoever Floats Your Raft",0,0,0,0,0,0,0,0,0,0,0,0,0,0,0,0,0,0,0,0,0,0,0,0
5437,1546,15,0,61411,247,"What Blooms in the Night",601,602,603,0,0,0,0,0,0,0,0,0,0,0,0,0,0,0,0,0,0,0,0,0
5438,2134,15,0,61411,247,"A World Away",1040,1041,1042,1043,0,0,0,0,0,0,0,0,0,0,0,0,0,0,0,0,0,0,0,0
5439,2329,15,0,61411,247,"A Play in Three Acts",0,0,0,0,0,0,0,0,0,0,0,0,0,0,0,0,0,0,0,0,0,0,0,0
5440,2330,15,0,61413,247,"The Show Must Go On",0,0,0,0,0,0,0,0,0,0,0,0,0,0,0,0,0,0,0,0,0,0,0,0
5441,2331,15,0,61411,247,"After the Curtain Falls",0,0,0,0,0,0,0,0,0,0,0,0,0,0,0,0,0,0,0,0,0,0,0,0
5442,2961,15,0,61411,247,"A Reoccurring Bug",0,0,0,0,0,0,0,0,0,0,0,0,0,0,0,0,0,0,0,0,0,0,0,0
5443,3138,15,0,61411,247,"In Adventurers We Trust",0,0,0,0,0,0,0,0,0,0,0,0,0,0,0,0,0,0,0,0,0,0,0,0
5444,3660,30,0,61411,247,"Message in a Bottle",0,0,0,0,0,0,0,0,0,0,0,0,0,0,0,0,0,0,0,0,0,0,0,0
5445,3661,30,0,61413,247,"Messages from Distant Shores",0,0,0,0,0,0,0,0,0,0,0,0,0,0,0,0,0,0,0,0,0,0,0,0
5446,3973,15,0,61411,247,"Art of Glass",0,0,0,0,0,0,0,0,0,0,0,0,0,0,0,0,0,0,0,0,0,0,0,0
5447,3974,15,0,61411,247,"Glass from the Past",0,0,0,0,0,0,0,0,0,0,0,0,0,0,0,0,0,0,0,0,0,0,0,0
5448,4091,15,0,61411,247,"Rising Calm",0,0,0,0,0,0,0,0,0,0,0,0,0,0,0,0,0,0,0,0,0,0,0,0
5449,4544,15,0,61411,247,"Newfound Journey",0,0,0,0,0,0,0,0,0,0,0,0,0,0,0,0,0,0,0,0,0,0,0,0
5450,4765,15,0,61411,247,"Siblings Rising",0,0,0,0,0,0,0,0,0,0,0,0,0,0,0,0,0,0,0,0,0,0,0,0
5451,4766,15,0,61411,247,"What Drives Us",0,0,0,0,0,0,0,0,0,0,0,0,0,0,0,0,0,0,0,0,0,0,0,0
5452,5015,15,0,61411,247,"Rising to the Call",0,0,0,0,0,0,0,0,0,0,0,0,0,0,0,0,0,0,0,0,0,0,0,0
5453,5016,15,0,61411,247,"We Who Are About to Set Sail Salute You",0,0,0,0,0,0,0,0,0,0,0,0,0,0,0,0,0,0,0,0,0,0,0,0
5454,5297,15,0,61411,247,"An Adventurous Ambition",0,0,0,0,0,0,0,0,0,0,0,0,0,0,0,0,0,0,0,0,0,0,0,0
5455,5298,15,0,61411,247,"A Light That Ever Burns",0,0,0,0,0,0,0,0,0,0,0,0,0,0,0,0,0,0,0,0,0,0,0,0
5456,0,0,0,0,0,"",0,0,0,0,0,0,0,0,0,0,0,0,0,0,0,0,0,0,0,0,0,0,0,0
5457,0,0,0,0,0,"",0,0,0,0,0,0,0,0,0,0,0,0,0,0,0,0,0,0,0,0,0,0,0,0
5458,1163,1,0,61411,248,"Not-so-evil Dead",0,0,0,0,0,0,0,0,0,0,0,0,0,0,0,0,0,0,0,0,0,0,0,0
5459,1164,15,0,61411,248,"Show Me the Candy",0,0,0,0,0,0,0,0,0,0,0,0,0,0,0,0,0,0,0,0,0,0,0,0
5460,1165,15,0,61411,248,"I Burn for You",0,0,0,0,0,0,0,0,0,0,0,0,0,0,0,0,0,0,0,0,0,0,0,0
5461,1166,15,0,61411,248,"Monstrous Mummery",0,0,0,0,0,0,0,0,0,0,0,0,0,0,0,0,0,0,0,0,0,0,0,0
5462,1167,1,0,61411,248,"Not-so-evil Dead",0,0,0,0,0,0,0,0,0,0,0,0,0,0,0,0,0,0,0,0,0,0,0,0
5463,1168,15,0,61411,248,"Show Me the Candy",0,0,0,0,0,0,0,0,0,0,0,0,0,0,0,0,0,0,0,0,0,0,0,0
5464,1169,15,0,61411,248,"I Burn for You",0,0,0,0,0,0,0,0,0,0,0,0,0,0,0,0,0,0,0,0,0,0,0,0
5465,1170,15,0,61411,248,"Monstrous Mummery",0,0,0,0,0,0,0,0,0,0,0,0,0,0,0,0,0,0,0,0,0,0,0,0
5466,1171,1,0,61411,248,"Not-so-evil Dead",0,0,0,0,0,0,0,0,0,0,0,0,0,0,0,0,0,0,0,0,0,0,0,0
5467,1172,15,0,61411,248,"Show Me the Candy",0,0,0,0,0,0,0,0,0,0,0,0,0,0,0,0,0,0,0,0,0,0,0,0
5468,1173,15,0,61411,248,"I Burn for You",0,0,0,0,0,0,0,0,0,0,0,0,0,0,0,0,0,0,0,0,0,0,0,0
5469,1174,15,0,61411,248,"Monstrous Mummery",0,0,0,0,0,0,0,0,0,0,0,0,0,0,0,0,0,0,0,0,0,0,0,0
5470,236,15,0,61411,248,"Affright and Delight",0,0,0,0,0,0,0,0,0,0,0,0,0,0,0,0,0,0,0,0,0,0,0,0
5471,237,15,0,61411,248,"A Plague of Pumpkins",0,0,0,0,0,0,0,0,0,0,0,0,0,0,0,0,0,0,0,0,0,0,0,0
5472,238,15,0,61411,248,"Yes We Cant",0,0,0,0,0,0,0,0,0,0,0,0,0,0,0,0,0,0,0,0,0,0,0,0
5473,2149,20,0,61411,248,"Investigating the Inimical",0,0,0,0,0,0,0,0,0,0,0,0,0,0,0,0,0,0,0,0,0,0,0,0
5474,2150,20,0,61411,248,"Joining the Circus",0,0,0,0,0,0,0,0,0,0,0,0,0,0,0,0,0,0,0,0,0,0,0,0
5475,2151,20,0,61411,248,"Sweeping the Meadows",0,0,0,0,0,0,0,0,0,0,0,0,0,0,0,0,0,0,0,0,0,0,0,0
5476,1548,15,0,61419,248,"In a Manor of Spooking",0,0,0,0,0,0,0,0,0,0,0,0,0,0,0,0,0,0,0,0,0,0,0,0
5477,3011,15,0,61411,248,"An Othardian Wolfman in Gridania",0,0,0,0,0,0,0,0,0,0,0,0,0,0,0,0,0,0,0,0,0,0,0,0
5478,3012,15,0,61411,248,"The Adventurer Who Cried Wolfman",0,0,0,0,0,0,0,0,0,0,0,0,0,0,0,0,0,0,0,0,0,0,0,0
5479,3013,15,0,61419,248,"Mind Their Manor",0,0,0,0,0,0,0,0,0,0,0,0,0,0,0,0,0,0,0,0,0,0,0,0
5480,3169,15,0,61411,248,"The Sinister Soirée",0,0,0,0,0,0,0,0,0,0,0,0,0,0,0,0,0,0,0,0,0,0,0,0
5481,3170,15,0,61413,248,"The Parlous Ploy",0,0,0,0,0,0,0,0,0,0,0,0,0,0,0,0,0,0,0,0,0,0,0,0
5482,3171,15,0,61411,248,"The Sordid Cipher",0,0,0,0,0,0,0,0,0,0,0,0,0,0,0,0,0,0,0,0,0,0,0,0
5483,3172,15,0,61419,248,"The Macabre Manor",0,0,0,0,0,0,0,0,0,0,0,0,0,0,0,0,0,0,0,0,0,0,0,0
5484,3668,15,0,61411,248,"Fear and Delight",0,0,0,0,0,0,0,0,0,0,0,0,0,0,0,0,0,0,0,0,0,0,0,0
5485,3669,15,0,61411,248,"A Glamourous Guise",0,0,0,0,0,0,0,0,0,0,0,0,0,0,0,0,0,0,0,0,0,0,0,0
5486,3670,15,0,61419,248,"Haunting Grounds",0,0,0,0,0,0,0,0,0,0,0,0,0,0,0,0,0,0,0,0,0,0,0,0
5487,3995,15,0,61411,248,"All Clowns' Wake",0,0,0,0,0,0,0,0,0,0,0,0,0,0,0,0,0,0,0,0,0,0,0,0
5488,4520,15,0,61419,248,"A Feast to Remember",0,0,0,0,0,0,0,0,0,0,0,0,0,0,0,0,0,0,0,0,0,0,0,0
5489,4655,15,0,61411,248,"A Mad Masquerade",0,0,0,0,0,0,0,0,0,0,0,0,0,0,0,0,0,0,0,0,0,0,0,0
5490,4656,15,0,61411,248,"Be Our Guest",0,0,0,0,0,0,0,0,0,0,0,0,0,0,0,0,0,0,0,0,0,0,0,0
5491,4657,15,0,61413,248,"A Spooky Celebration",0,0,0,0,0,0,0,0,0,0,0,0,0,0,0,0,0,0,0,0,0,0,0,0
5492,4785,15,0,61411,248,"The Fright Stuff",0,0,0,0,0,0,0,0,0,0,0,0,0,0,0,0,0,0,0,0,0,0,0,0
5493,4786,15,0,61411,248,"A Charmed Life",0,0,0,0,0,0,0,0,0,0,0,0,0,0,0,0,0,0,0,0,0,0,0,0
5494,5184,15,0,61411,248,"The Aether-starved Ahriman",0,0,0,0,0,0,0,0,0,0,0,0,0,0,0,0,0,0,0,0,0,0,0,0
5495,5185,15,0,61411,248,"All Fiends Sated on All Saints' Wake",0,0,0,0,0,0,0,0,0,0,0,0,0,0,0,0,0,0,0,0,0,0,0,0
5496,5375,15,0,61411,248,"Frights of Fancy",0,0,0,0,0,0,0,0,0,0,0,0,0,0,0,0,0,0,0,0,0,0,0,0
5497,5376,15,0,61411,248,"Dressed to Impresario",0,0,0,0,0,0,0,0,0,0,0,0,0,0,0,0,0,0,0,0,0,0,0,0
5498,5467,15,0,61411,248,"守護天節と面妖な着ぐるみたち",0,0,0,0,0,0,0,0,0,0,0,0,0,0,0,0,0,0,0,0,0,0,0,0
5499,5468,15,0,61411,248,"守護天節と面妖なかくれんぼ",0,0,0,0,0,0,0,0,0,0,0,0,0,0,0,0,0,0,0,0,0,0,0,0
5500,250,15,0,61411,249,"A Starlight Miracle",0,0,0,0,0,0,0,0,0,0,0,0,0,0,0,0,0,0,0,0,0,0,0,0
5501,251,15,0,61411,249,"Starlight Savings",0,0,0,0,0,0,0,0,0,0,0,0,0,0,0,0,0,0,0,0,0,0,0,0
5502,325,15,0,61411,249,"A Little Help (The Lavender Beds)",0,0,0,0,0,0,0,0,0,0,0,0,0,0,0,0,0,0,0,0,0,0,0,0
5503,338,15,0,61411,249,"A Little Help (Mist)",0,0,0,0,0,0,0,0,0,0,0,0,0,0,0,0,0,0,0,0,0,0,0,0
5504,340,15,0,61411,249,"A Little Help (The Goblet)",0,0,0,0,0,0,0,0,0,0,0,0,0,0,0,0,0,0,0,0,0,0,0,0
5505,247,15,0,61413,249,"The Gift of Joy (The Lavender Beds)",0,0,0,0,0,0,0,0,0,0,0,0,0,0,0,0,0,0,0,0,0,0,0,0
5506,248,15,0,61413,249,"The Gift of Joy (Mist)",0,0,0,0,0,0,0,0,0,0,0,0,0,0,0,0,0,0,0,0,0,0,0,0
5507,249,15,0,61413,249,"The Gift of Joy (The Goblet)",0,0,0,0,0,0,0,0,0,0,0,0,0,0,0,0,0,0,0,0,0,0,0,0
5508,354,15,0,61411,249,"Going the Extra Smile",0,0,0,0,0,0,0,0,0,0,0,0,0,0,0,0,0,0,0,0,0,0,0,0
5509,2224,15,0,61411,249,"For Whom the Starlight Bell Tolls",0,0,0,0,0,0,0,0,0,0,0,0,0,0,0,0,0,0,0,0,0,0,0,0
5510,2375,15,0,61411,249,"Naughty or Nice",0,0,0,0,0,0,0,0,0,0,0,0,0,0,0,0,0,0,0,0,0,0,0,0
5511,2376,15,0,61411,249,"Think of the Children",0,0,0,0,0,0,0,0,0,0,0,0,0,0,0,0,0,0,0,0,0,0,0,0
5512,2377,15,0,61411,249,"I'll Be Home for Starlight",0,0,0,0,0,0,0,0,0,0,0,0,0,0,0,0,0,0,0,0,0,0,0,0
5513,2378,15,0,61413,249,"A Starlight Story",0,0,0,0,0,0,0,0,0,0,0,0,0,0,0,0,0,0,0,0,0,0,0,0
5514,3009,15,0,61411,249,"Stars and Explosions and Bears, Oh My",0,0,0,0,0,0,0,0,0,0,0,0,0,0,0,0,0,0,0,0,0,0,0,0
5515,3010,15,0,61411,249,"Starlight Stakeout",0,0,0,0,0,0,0,0,0,0,0,0,0,0,0,0,0,0,0,0,0,0,0,0
5516,3173,15,0,61411,249,"Not-so-silent Night",0,0,0,0,0,0,0,0,0,0,0,0,0,0,0,0,0,0,0,0,0,0,0,0
5517,3174,15,0,61413,249,"A Concerted Effort",0,0,0,0,0,0,0,0,0,0,0,0,0,0,0,0,0,0,0,0,0,0,0,0
5518,3175,15,0,61411,249,"Theatgrhythdaniam",0,0,0,0,0,0,0,0,0,0,0,0,0,0,0,0,0,0,0,0,0,0,0,0
5519,3722,15,0,61411,249,"All I Want for Starlight",0,0,0,0,0,0,0,0,0,0,0,0,0,0,0,0,0,0,0,0,0,0,0,0
5520,3723,15,0,61411,249,"A Chocobo Carol",0,0,0,0,0,0,0,0,0,0,0,0,0,0,0,0,0,0,0,0,0,0,0,0
5521,3724,15,0,61413,249,"A Star Shines On",0,0,0,0,0,0,0,0,0,0,0,0,0,0,0,0,0,0,0,0,0,0,0,0
5522,4017,15,0,61411,249,"A Festive Fiasco",0,0,0,0,0,0,0,0,0,0,0,0,0,0,0,0,0,0,0,0,0,0,0,0
5523,4018,15,0,61411,249,"Starlight Slapdashery",0,0,0,0,0,0,0,0,0,0,0,0,0,0,0,0,0,0,0,0,0,0,0,0
5524,4019,15,0,61411,249,"The True Spirit of Starlight",0,0,0,0,0,0,0,0,0,0,0,0,0,0,0,0,0,0,0,0,0,0,0,0
5525,4020,15,0,61411,249,"One Happy Family",0,0,0,0,0,0,0,0,0,0,0,0,0,0,0,0,0,0,0,0,0,0,0,0
5526,4021,15,0,61411,249,"Wish Upon a Starlight",0,0,0,0,0,0,0,0,0,0,0,0,0,0,0,0,0,0,0,0,0,0,0,0
5527,4022,15,0,61411,249,"Starlit Smiles",0,0,0,0,0,0,0,0,0,0,0,0,0,0,0,0,0,0,0,0,0,0,0,0
5528,4468,15,0,61411,249,"A Very Yeti Starlight",0,0,0,0,0,0,0,0,0,0,0,0,0,0,0,0,0,0,0,0,0,0,0,0
5529,4469,15,0,61411,249,"Time to Shine",0,0,0,0,0,0,0,0,0,0,0,0,0,0,0,0,0,0,0,0,0,0,0,0
5530,4470,15,0,61413,249,"Saintly Inspiration",0,0,0,0,0,0,0,0,0,0,0,0,0,0,0,0,0,0,0,0,0,0,0,0
5531,4658,15,0,61411,249,"Reindeer Fame",0,0,0,0,0,0,0,0,0,0,0,0,0,0,0,0,0,0,0,0,0,0,0,0
5532,4659,15,0,61411,249,"The Ghost of Starlight Present",0,0,0,0,0,0,0,0,0,0,0,0,0,0,0,0,0,0,0,0,0,0,0,0
5533,4781,15,0,61411,249,"Blue Starlight",0,0,0,0,0,0,0,0,0,0,0,0,0,0,0,0,0,0,0,0,0,0,0,0
5534,4782,15,0,61411,249,"Together at a Distance",0,0,0,0,0,0,0,0,0,0,0,0,0,0,0,0,0,0,0,0,0,0,0,0
5535,4783,15,0,61413,249,"Starlight Surprise",0,0,0,0,0,0,0,0,0,0,0,0,0,0,0,0,0,0,0,0,0,0,0,0
5536,5227,15,0,61411,249,"Reach for the Stalls",0,0,0,0,0,0,0,0,0,0,0,0,0,0,0,0,0,0,0,0,0,0,0,0
5537,5228,15,0,61411,249,"Spreading the Warmth and Cheer",0,0,0,0,0,0,0,0,0,0,0,0,0,0,0,0,0,0,0,0,0,0,0,0
5538,5231,15,0,61411,249,"We Three Kinderpunsch",0,0,0,0,0,0,0,0,0,0,0,0,0,0,0,0,0,0,0,0,0,0,0,0
5539,5464,15,0,61411,249,"星芒祭と友だちのためのソリ",0,0,0,0,0,0,0,0,0,0,0,0,0,0,0,0,0,0,0,0,0,0,0,0
5540,5465,15,0,61411,249,"星芒祭と子どものためのベル",0,0,0,0,0,0,0,0,0,0,0,0,0,0,0,0,0,0,0,0,0,0,0,0
5541,1578,1,0,61411,251,"The Ties That Bind",0,0,0,0,0,0,0,0,0,0,0,0,0,0,0,0,0,0,0,0,0,0,0,0
5542,1153,12,0,61411,252,"For the Winsome",0,0,0,0,0,0,0,0,0,0,0,0,0,0,0,0,0,0,0,0,0,0,0,0
5543,1154,26,0,61411,252,"Seeking the Scoop",0,0,0,0,0,0,0,0,0,0,0,0,0,0,0,0,0,0,0,0,0,0,0,0
5544,1155,38,0,61411,252,"The Knight's Passage",393,0,0,0,0,0,0,0,0,0,0,0,0,0,0,0,0,0,0,0,0,0,0,0
5545,1156,45,0,61411,252,"Wonder and Lightning",394,0,0,0,0,0,0,0,0,0,0,0,0,0,0,0,0,0,0,0,0,0,0,0
5546,1287,10,0,61411,252,"Burgeoning Dread",416,0,0,0,0,0,0,0,0,0,0,0,0,0,0,0,0,0,0,0,0,0,0,0
5547,1288,7,0,61411,252,"Breaking Brick Mountains",417,0,0,0,0,0,0,0,0,0,0,0,0,0,0,0,0,0,0,0,0,0,0,0
5548,2206,30,0,61411,252,"A Journey to Remember",1090,1091,1092,1093,0,0,0,0,0,0,0,0,0,0,0,0,0,0,0,0,0,0,0,0
5549,2141,15,0,61411,252,"A Complete Game Changer",1234,0,0,0,0,0,0,0,0,0,0,0,0,0,0,0,0,0,0,0,0,0,0,0
5550,1554,70,0,61419,252,"The New King on the Block",1782,1783,1784,0,0,0,0,0,0,0,0,0,0,0,0,0,0,0,0,0,0,0,0,0
5551,1555,70,0,61419,252,"The Newer King on the Block",0,0,0,0,0,0,0,0,0,0,0,0,0,0,0,0,0,0,0,0,0,0,0,0
5552,3158,50,0,61411,252,"The Man in Black",1914,0,0,0,0,0,0,0,0,0,0,0,0,0,0,0,0,0,0,0,0,0,0,0
5553,3159,50,0,61411,252,"In the Dark of Night",1915,0,0,0,0,0,0,0,0,0,0,0,0,0,0,0,0,0,0,0,0,0,0,0
5554,3160,50,0,61411,252,"Messenger of the Winds",1916,1917,0,0,0,0,0,0,0,0,0,0,0,0,0,0,0,0,0,0,0,0,0,0
5555,4796,50,0,61411,252,"A Land on Fire",3237,0,0,0,0,0,0,0,0,0,0,0,0,0,0,0,0,0,0,0,0,0,0,0
5556,4797,50,0,61411,252,"Pain to Recall",3238,0,0,0,0,0,0,0,0,0,0,0,0,0,0,0,0,0,0,0,0,0,0,0
5557,4798,50,0,61411,252,"The Path Infernal",3239,3240,3241,3242,0,0,0,0,0,0,0,0,0,0,0,0,0,0,0,0,0,0,0,0
5558,5374,100,0,61419,252,"The White Wanderer",3760,3706,3761,3762,3763,0,0,0,0,0,0,0,0,0,0,0,0,0,0,0,0,0,0,0
5559,4801,15,0,61419,252,"Just Crowning Around",3264,0,0,0,0,0,0,0,0,0,0,0,0,0,0,0,0,0,0,0,0,0,0,0
5560,0,0,0,0,0,"",0,0,0,0,0,0,0,0,0,0,0,0,0,0,0,0,0,0,0,0,0,0,0,0
5561,6,1,0,62501,17,"リーヴテスト06",0,0,0,0,0,0,0,0,0,0,0,0,0,0,0,0,0,0,0,0,0,0,0,0
5562,7,1,0,62501,17,"リーヴテスト07",0,0,0,0,0,0,0,0,0,0,0,0,0,0,0,0,0,0,0,0,0,0,0,0
5563,8,1,0,62501,17,"リーヴテスト08",0,0,0,0,0,0,0,0,0,0,0,0,0,0,0,0,0,0,0,0,0,0,0,0
5564,9,1,0,62501,17,"リーヴテスト09",0,0,0,0,0,0,0,0,0,0,0,0,0,0,0,0,0,0,0,0,0,0,0,0
5565,10,1,0,62501,17,"リーヴテスト10",0,0,0,0,0,0,0,0,0,0,0,0,0,0,0,0,0,0,0,0,0,0,0,0
5566,11,1,0,62501,17,"リーヴテスト11",0,0,0,0,0,0,0,0,0,0,0,0,0,0,0,0,0,0,0,0,0,0,0,0
5567,12,1,0,62501,17,"リーヴテスト12",0,0,0,0,0,0,0,0,0,0,0,0,0,0,0,0,0,0,0,0,0,0,0,0
5568,13,1,0,62501,17,"リーヴテスト13",0,0,0,0,0,0,0,0,0,0,0,0,0,0,0,0,0,0,0,0,0,0,0,0
5569,14,1,0,62501,17,"リーヴテスト14",0,0,0,0,0,0,0,0,0,0,0,0,0,0,0,0,0,0,0,0,0,0,0,0
5570,15,1,0,62501,17,"リーヴテスト15",0,0,0,0,0,0,0,0,0,0,0,0,0,0,0,0,0,0,0,0,0,0,0,0
5571,501,1,0,62501,54,"Water, Water Everywhere",0,0,0,0,0,0,0,0,0,0,0,0,0,0,0,0,0,0,0,0,0,0,0,0
5572,502,1,0,62501,54,"No Bane, No Gain",0,0,0,0,0,0,0,0,0,0,0,0,0,0,0,0,0,0,0,0,0,0,0,0
5573,503,1,0,62501,54,"Scourge of the Saplings",0,0,0,0,0,0,0,0,0,0,0,0,0,0,0,0,0,0,0,0,0,0,0,0
5574,504,1,0,62501,54,"Stay for a Vile",0,0,0,0,0,0,0,0,0,0,0,0,0,0,0,0,0,0,0,0,0,0,0,0
5575,505,1,0,62501,54,"Nutbreaker Suite",0,0,0,0,0,0,0,0,0,0,0,0,0,0,0,0,0,0,0,0,0,0,0,0
5576,506,1,0,62501,54,"Picking Up the Piercers",0,0,0,0,0,0,0,0,0,0,0,0,0,0,0,0,0,0,0,0,0,0,0,0
5577,507,1,0,62501,31,"Bug Looks Like a Lady",0,0,0,0,0,0,0,0,0,0,0,0,0,0,0,0,0,0,0,0,0,0,0,0
5578,508,1,0,62501,31,"獲得任務：オーレリアのバラスト袋",0,0,0,0,0,0,0,0,0,0,0,0,0,0,0,0,0,0,0,0,0,0,0,0
5579,509,1,0,62501,31,"Ain't Nobody Got Time for Rats",0,0,0,0,0,0,0,0,0,0,0,0,0,0,0,0,0,0,0,0,0,0,0,0
5580,510,1,0,62501,31,"A Long and Winding Road",0,0,0,0,0,0,0,0,0,0,0,0,0,0,0,0,0,0,0,0,0,0,0,0
5581,511,1,0,62501,31,"On the Lamb",0,0,0,0,0,0,0,0,0,0,0,0,0,0,0,0,0,0,0,0,0,0,0,0
5582,512,1,0,62501,31,"Bug Bites",0,0,0,0,0,0,0,0,0,0,0,0,0,0,0,0,0,0,0,0,0,0,0,0
5583,513,1,0,62501,42,"Road Rage",0,0,0,0,0,0,0,0,0,0,0,0,0,0,0,0,0,0,0,0,0,0,0,0
5584,514,1,0,62501,42,"獲得任務：装飾用の羽",0,0,0,0,0,0,0,0,0,0,0,0,0,0,0,0,0,0,0,0,0,0,0,0
5585,515,1,0,62501,42,"Nothing Compares to Shrews",0,0,0,0,0,0,0,0,0,0,0,0,0,0,0,0,0,0,0,0,0,0,0,0
5586,516,1,0,62501,42,"Observe and Protect",0,0,0,0,0,0,0,0,0,0,0,0,0,0,0,0,0,0,0,0,0,0,0,0
5587,517,1,0,62501,42,"Either Love Them or Kill Them",0,0,0,0,0,0,0,0,0,0,0,0,0,0,0,0,0,0,0,0,0,0,0,0
5588,518,1,0,62501,42,"Berries Got Bucked",0,0,0,0,0,0,0,0,0,0,0,0,0,0,0,0,0,0,0,0,0,0,0,0
5589,877,1,0,62501,54,"リーヴテスト23",0,0,0,0,0,0,0,0,0,0,0,0,0,0,0,0,0,0,0,0,0,0,0,0
5590,519,5,0,62501,54,"We Didn't Start the Fire",0,0,0,0,0,0,0,0,0,0,0,0,0,0,0,0,0,0,0,0,0,0,0,0
5591,520,5,0,62501,54,"A Vine Finer than Twine",0,0,0,0,0,0,0,0,0,0,0,0,0,0,0,0,0,0,0,0,0,0,0,0
5592,521,5,0,62501,54,"River Raid",0,0,0,0,0,0,0,0,0,0,0,0,0,0,0,0,0,0,0,0,0,0,0,0
5593,522,5,0,62501,54,"A Full Stomach",0,0,0,0,0,0,0,0,0,0,0,0,0,0,0,0,0,0,0,0,0,0,0,0
5594,523,5,0,62501,54,"Wrangling Raptors",0,0,0,0,0,0,0,0,0,0,0,0,0,0,0,0,0,0,0,0,0,0,0,0
5595,524,5,0,62501,54,"Compost with the Most",0,0,0,0,0,0,0,0,0,0,0,0,0,0,0,0,0,0,0,0,0,0,0,0
5596,525,5,0,62501,31,"討伐任務：シープを狙う獣たち",0,0,0,0,0,0,0,0,0,0,0,0,0,0,0,0,0,0,0,0,0,0,0,0
5597,526,5,0,62501,31,"No Pain, No Grain",0,0,0,0,0,0,0,0,0,0,0,0,0,0,0,0,0,0,0,0,0,0,0,0
5598,527,5,0,62501,31,"March of the Mandragoras",0,0,0,0,0,0,0,0,0,0,0,0,0,0,0,0,0,0,0,0,0,0,0,0
5599,528,5,0,62501,31,"Red Stead Redemption",0,0,0,0,0,0,0,0,0,0,0,0,0,0,0,0,0,0,0,0,0,0,0,0
5600,529,5,0,62501,31,"The Cure",0,0,0,0,0,0,0,0,0,0,0,0,0,0,0,0,0,0,0,0,0,0,0,0
5601,530,5,0,62501,31,"Far from the Vine",0,0,0,0,0,0,0,0,0,0,0,0,0,0,0,0,0,0,0,0,0,0,0,0
5602,531,5,0,62501,42,"討伐任務：ウルダハ近郊の害虫駆除",0,0,0,0,0,0,0,0,0,0,0,0,0,0,0,0,0,0,0,0,0,0,0,0
5603,532,5,0,62501,42,"The Ore the Better",0,0,0,0,0,0,0,0,0,0,0,0,0,0,0,0,0,0,0,0,0,0,0,0
5604,533,5,0,62501,42,"Needles to Say",0,0,0,0,0,0,0,0,0,0,0,0,0,0,0,0,0,0,0,0,0,0,0,0
5605,534,5,0,62501,42,"Procession of the Noble",0,0,0,0,0,0,0,0,0,0,0,0,0,0,0,0,0,0,0,0,0,0,0,0
5606,535,5,0,62501,42,"A Spoonful of Poison",0,0,0,0,0,0,0,0,0,0,0,0,0,0,0,0,0,0,0,0,0,0,0,0
5607,536,5,0,62501,42,"Two Yalms Under",0,0,0,0,0,0,0,0,0,0,0,0,0,0,0,0,0,0,0,0,0,0,0,0
5608,537,10,0,62501,54,"Going Green",0,0,0,0,0,0,0,0,0,0,0,0,0,0,0,0,0,0,0,0,0,0,0,0
5609,538,10,0,62501,54,"Infestation Cessation",0,0,0,0,0,0,0,0,0,0,0,0,0,0,0,0,0,0,0,0,0,0,0,0
5610,539,10,0,62501,54,"Turning Out the Blight",0,0,0,0,0,0,0,0,0,0,0,0,0,0,0,0,0,0,0,0,0,0,0,0
5611,540,10,0,62501,54,"Bump in the Night",0,0,0,0,0,0,0,0,0,0,0,0,0,0,0,0,0,0,0,0,0,0,0,0
5612,541,10,0,62501,54,"Wail of a Tale",0,0,0,0,0,0,0,0,0,0,0,0,0,0,0,0,0,0,0,0,0,0,0,0
5613,542,10,0,62501,54,"Hog Wild",0,0,0,0,0,0,0,0,0,0,0,0,0,0,0,0,0,0,0,0,0,0,0,0
5614,543,10,0,62501,54,"Scent of a Roselet",0,0,0,0,0,0,0,0,0,0,0,0,0,0,0,0,0,0,0,0,0,0,0,0
5615,544,10,0,62501,54,"Mite and Madness",0,0,0,0,0,0,0,0,0,0,0,0,0,0,0,0,0,0,0,0,0,0,0,0
5616,545,10,0,62501,54,"A Shroom with a View",0,0,0,0,0,0,0,0,0,0,0,0,0,0,0,0,0,0,0,0,0,0,0,0
5617,546,10,0,62501,54,"Too Close to Home",0,0,0,0,0,0,0,0,0,0,0,0,0,0,0,0,0,0,0,0,0,0,0,0
5618,547,10,0,62501,33,"A Tall Odor",0,0,0,0,0,0,0,0,0,0,0,0,0,0,0,0,0,0,0,0,0,0,0,0
5619,548,10,0,62501,33,"The Sprite of Competition",0,0,0,0,0,0,0,0,0,0,0,0,0,0,0,0,0,0,0,0,0,0,0,0
5620,549,10,0,62501,33,"Jackal and the Livestock",0,0,0,0,0,0,0,0,0,0,0,0,0,0,0,0,0,0,0,0,0,0,0,0
5621,550,10,0,62501,33,"Shock Therapy",0,0,0,0,0,0,0,0,0,0,0,0,0,0,0,0,0,0,0,0,0,0,0,0
5622,551,10,0,62501,33,"At the Gates",0,0,0,0,0,0,0,0,0,0,0,0,0,0,0,0,0,0,0,0,0,0,0,0
5623,552,10,0,62501,33,"懐柔任務：入植地の番犬候補",0,0,0,0,0,0,0,0,0,0,0,0,0,0,0,0,0,0,0,0,0,0,0,0
5624,553,10,0,62501,33,"Fresh Meat",0,0,0,0,0,0,0,0,0,0,0,0,0,0,0,0,0,0,0,0,0,0,0,0
5625,554,10,0,62501,33,"捜索任務：ばらまかれた妖花の種",0,0,0,0,0,0,0,0,0,0,0,0,0,0,0,0,0,0,0,0,0,0,0,0
5626,555,10,0,62501,33,"No Egg to Stand On",0,0,0,0,0,0,0,0,0,0,0,0,0,0,0,0,0,0,0,0,0,0,0,0
5627,556,10,0,62501,33,"Grabbing Crabs",0,0,0,0,0,0,0,0,0,0,0,0,0,0,0,0,0,0,0,0,0,0,0,0
5628,557,10,0,62501,42,"Reeking Havoc",0,0,0,0,0,0,0,0,0,0,0,0,0,0,0,0,0,0,0,0,0,0,0,0
5629,558,10,0,62501,42,"Skin-deep",0,0,0,0,0,0,0,0,0,0,0,0,0,0,0,0,0,0,0,0,0,0,0,0
5630,559,10,0,62501,42,"Beak to Beak",0,0,0,0,0,0,0,0,0,0,0,0,0,0,0,0,0,0,0,0,0,0,0,0
5631,560,10,0,62501,42,"Out of Body, Out of Mind",0,0,0,0,0,0,0,0,0,0,0,0,0,0,0,0,0,0,0,0,0,0,0,0
5632,561,10,0,62501,42,"Field of Beans",0,0,0,0,0,0,0,0,0,0,0,0,0,0,0,0,0,0,0,0,0,0,0,0
5633,562,10,0,62501,42,"懐柔任務：発破代わりのボム",0,0,0,0,0,0,0,0,0,0,0,0,0,0,0,0,0,0,0,0,0,0,0,0
5634,563,10,0,62501,42,"You Cannot Kill the Metal",0,0,0,0,0,0,0,0,0,0,0,0,0,0,0,0,0,0,0,0,0,0,0,0
5635,564,10,0,62501,42,"捜索任務：ペイストの罠",0,0,0,0,0,0,0,0,0,0,0,0,0,0,0,0,0,0,0,0,0,0,0,0
5636,565,10,0,62501,42,"From Ruins to Riches",0,0,0,0,0,0,0,0,0,0,0,0,0,0,0,0,0,0,0,0,0,0,0,0
5637,566,10,0,62501,42,"What Peistes Crave",0,0,0,0,0,0,0,0,0,0,0,0,0,0,0,0,0,0,0,0,0,0,0,0
5638,567,15,0,62501,55,"Monkey Business",0,0,0,0,0,0,0,0,0,0,0,0,0,0,0,0,0,0,0,0,0,0,0,0
5639,568,15,0,62501,55,"Something in the Mead",0,0,0,0,0,0,0,0,0,0,0,0,0,0,0,0,0,0,0,0,0,0,0,0
5640,569,15,0,62501,55,"Can't Say No to Gnat",0,0,0,0,0,0,0,0,0,0,0,0,0,0,0,0,0,0,0,0,0,0,0,0
5641,570,15,0,62501,55,"Ochus Bite, Leaves Bleed",0,0,0,0,0,0,0,0,0,0,0,0,0,0,0,0,0,0,0,0,0,0,0,0
5642,571,15,0,62501,55,"Stew for Two",0,0,0,0,0,0,0,0,0,0,0,0,0,0,0,0,0,0,0,0,0,0,0,0
5643,572,15,0,62501,55,"A Guest for Supper",0,0,0,0,0,0,0,0,0,0,0,0,0,0,0,0,0,0,0,0,0,0,0,0
5644,573,15,0,62501,55,"The Transporter",0,0,0,0,0,0,0,0,0,0,0,0,0,0,0,0,0,0,0,0,0,0,0,0
5645,574,15,0,62501,33,"Sucked Dry",0,0,0,0,0,0,0,0,0,0,0,0,0,0,0,0,0,0,0,0,0,0,0,0
5646,575,15,0,62501,33,"A Glamourous Life",0,0,0,0,0,0,0,0,0,0,0,0,0,0,0,0,0,0,0,0,0,0,0,0
5647,576,15,0,62501,33,"First to Reave",0,0,0,0,0,0,0,0,0,0,0,0,0,0,0,0,0,0,0,0,0,0,0,0
5648,577,15,0,62501,33,"Beasts of Bourbon",0,0,0,0,0,0,0,0,0,0,0,0,0,0,0,0,0,0,0,0,0,0,0,0
5649,578,15,0,62501,33,"Field Testing",0,0,0,0,0,0,0,0,0,0,0,0,0,0,0,0,0,0,0,0,0,0,0,0
5650,579,15,0,62501,33,"Barley Legal",0,0,0,0,0,0,0,0,0,0,0,0,0,0,0,0,0,0,0,0,0,0,0,0
5651,580,15,0,62501,33,"Tail in Tow",0,0,0,0,0,0,0,0,0,0,0,0,0,0,0,0,0,0,0,0,0,0,0,0
5652,581,15,0,62501,44,"The Enterprise of Undeath",0,0,0,0,0,0,0,0,0,0,0,0,0,0,0,0,0,0,0,0,0,0,0,0
5653,582,15,0,62501,44,"追撃任務：砂を呼ぶゴート",0,0,0,0,0,0,0,0,0,0,0,0,0,0,0,0,0,0,0,0,0,0,0,0
5654,583,15,0,62501,44,"A Simple Solution",0,0,0,0,0,0,0,0,0,0,0,0,0,0,0,0,0,0,0,0,0,0,0,0
5655,584,15,0,62501,44,"Death with Indignity",0,0,0,0,0,0,0,0,0,0,0,0,0,0,0,0,0,0,0,0,0,0,0,0
5656,585,15,0,62501,44,"Going for Goat",0,0,0,0,0,0,0,0,0,0,0,0,0,0,0,0,0,0,0,0,0,0,0,0
5657,586,15,0,62501,44,"Earthbound",0,0,0,0,0,0,0,0,0,0,0,0,0,0,0,0,0,0,0,0,0,0,0,0
5658,587,15,0,62501,44,"The Missing Merchant",0,0,0,0,0,0,0,0,0,0,0,0,0,0,0,0,0,0,0,0,0,0,0,0
5659,588,15,0,62501,44,"The Law Won",0,0,0,0,0,0,0,0,0,0,0,0,0,0,0,0,0,0,0,0,0,0,0,0
5660,589,20,0,62501,56,"Belly Up",0,0,0,0,0,0,0,0,0,0,0,0,0,0,0,0,0,0,0,0,0,0,0,0
5661,590,20,0,62501,56,"No Leaves Left Behind",0,0,0,0,0,0,0,0,0,0,0,0,0,0,0,0,0,0,0,0,0,0,0,0
5662,591,20,0,62501,56,"What's Yours Is Mine",0,0,0,0,0,0,0,0,0,0,0,0,0,0,0,0,0,0,0,0,0,0,0,0
5663,592,20,0,62501,56,"The Root of the Problem",0,0,0,0,0,0,0,0,0,0,0,0,0,0,0,0,0,0,0,0,0,0,0,0
5664,593,20,0,62501,56,"Killing Beasts Softly",0,0,0,0,0,0,0,0,0,0,0,0,0,0,0,0,0,0,0,0,0,0,0,0
5665,594,20,0,62501,56,"It's a Trap",0,0,0,0,0,0,0,0,0,0,0,0,0,0,0,0,0,0,0,0,0,0,0,0
5666,595,20,0,62501,56,"It's Hard Being Moogle",0,0,0,0,0,0,0,0,0,0,0,0,0,0,0,0,0,0,0,0,0,0,0,0
5667,596,20,0,62501,56,"Treevenge",0,0,0,0,0,0,0,0,0,0,0,0,0,0,0,0,0,0,0,0,0,0,0,0
5668,597,20,0,62501,31,"討伐任務：放牧されたドードー退治",0,0,0,0,0,0,0,0,0,0,0,0,0,0,0,0,0,0,0,0,0,0,0,0
5669,598,20,0,62501,31,"Claw-struck",0,0,0,0,0,0,0,0,0,0,0,0,0,0,0,0,0,0,0,0,0,0,0,0
5670,599,20,0,62501,31,"The Light Stripes",0,0,0,0,0,0,0,0,0,0,0,0,0,0,0,0,0,0,0,0,0,0,0,0
5671,600,20,0,62501,31,"Another Egg Gone",0,0,0,0,0,0,0,0,0,0,0,0,0,0,0,0,0,0,0,0,0,0,0,0
5672,601,20,0,62501,31,"Strand by Me",0,0,0,0,0,0,0,0,0,0,0,0,0,0,0,0,0,0,0,0,0,0,0,0
5673,602,20,0,62501,31,"Man the Ore",0,0,0,0,0,0,0,0,0,0,0,0,0,0,0,0,0,0,0,0,0,0,0,0
5674,603,20,0,62501,31,"The Deathliest Catch",0,0,0,0,0,0,0,0,0,0,0,0,0,0,0,0,0,0,0,0,0,0,0,0
5675,604,25,0,62501,56,"Refugee Raw",0,0,0,0,0,0,0,0,0,0,0,0,0,0,0,0,0,0,0,0,0,0,0,0
5676,605,25,0,62501,56,"More than Meets the Eye",0,0,0,0,0,0,0,0,0,0,0,0,0,0,0,0,0,0,0,0,0,0,0,0
5677,606,25,0,62501,56,"Necrologos: Olidious Separation",0,0,0,0,0,0,0,0,0,0,0,0,0,0,0,0,0,0,0,0,0,0,0,0
5678,607,25,0,62501,56,"Revisiting Raimdelle",0,0,0,0,0,0,0,0,0,0,0,0,0,0,0,0,0,0,0,0,0,0,0,0
5679,608,25,0,62501,56,"Up the Creek",0,0,0,0,0,0,0,0,0,0,0,0,0,0,0,0,0,0,0,0,0,0,0,0
5680,609,25,0,62501,56,"Rope a 'Lope",0,0,0,0,0,0,0,0,0,0,0,0,0,0,0,0,0,0,0,0,0,0,0,0
5681,610,25,0,62501,56,"Necrologos: The Beholders",0,0,0,0,0,0,0,0,0,0,0,0,0,0,0,0,0,0,0,0,0,0,0,0
5682,611,25,0,62501,45,"Dead Men Lie",0,0,0,0,0,0,0,0,0,0,0,0,0,0,0,0,0,0,0,0,0,0,0,0
5683,612,25,0,62501,45,"Drakes' Misfortune",0,0,0,0,0,0,0,0,0,0,0,0,0,0,0,0,0,0,0,0,0,0,0,0
5684,613,25,0,62501,45,"Necrologos: Fluid Corruption",0,0,0,0,0,0,0,0,0,0,0,0,0,0,0,0,0,0,0,0,0,0,0,0
5685,614,25,0,62501,45,"Flower Power",0,0,0,0,0,0,0,0,0,0,0,0,0,0,0,0,0,0,0,0,0,0,0,0
5686,615,25,0,62501,45,"Run, Run Away",0,0,0,0,0,0,0,0,0,0,0,0,0,0,0,0,0,0,0,0,0,0,0,0
5687,616,25,0,62501,45,"Necrologos: The Noctambulist",0,0,0,0,0,0,0,0,0,0,0,0,0,0,0,0,0,0,0,0,0,0,0,0
5688,617,30,0,62501,56,"A Feast in the Forest",0,0,0,0,0,0,0,0,0,0,0,0,0,0,0,0,0,0,0,0,0,0,0,0
5689,618,30,0,62501,56,"Black Market Down",0,0,0,0,0,0,0,0,0,0,0,0,0,0,0,0,0,0,0,0,0,0,0,0
5690,619,30,0,62501,56,"Necrologos: Brand of the Impure",0,0,0,0,0,0,0,0,0,0,0,0,0,0,0,0,0,0,0,0,0,0,0,0
5691,620,30,0,62501,56,"Adamantoise Tears",0,0,0,0,0,0,0,0,0,0,0,0,0,0,0,0,0,0,0,0,0,0,0,0
5692,621,30,0,62501,56,"Woodcross Busydeal",0,0,0,0,0,0,0,0,0,0,0,0,0,0,0,0,0,0,0,0,0,0,0,0
5693,622,30,0,62501,56,"Where the Fur's At",0,0,0,0,0,0,0,0,0,0,0,0,0,0,0,0,0,0,0,0,0,0,0,0
5694,623,30,0,62501,32,"Sol Survivors",0,0,0,0,0,0,0,0,0,0,0,0,0,0,0,0,0,0,0,0,0,0,0,0
5695,624,30,0,62501,32,"Call Me Mating",0,0,0,0,0,0,0,0,0,0,0,0,0,0,0,0,0,0,0,0,0,0,0,0
5696,625,30,0,62501,32,"Necrologos: Igneous Toil",0,0,0,0,0,0,0,0,0,0,0,0,0,0,0,0,0,0,0,0,0,0,0,0
5697,626,30,0,62501,32,"Birds of a Feather",0,0,0,0,0,0,0,0,0,0,0,0,0,0,0,0,0,0,0,0,0,0,0,0
5698,627,30,0,62501,32,"Out to Sea",0,0,0,0,0,0,0,0,0,0,0,0,0,0,0,0,0,0,0,0,0,0,0,0
5699,628,30,0,62501,32,"Clearing Steer",0,0,0,0,0,0,0,0,0,0,0,0,0,0,0,0,0,0,0,0,0,0,0,0
5700,629,30,0,62501,32,"Under Foot",0,0,0,0,0,0,0,0,0,0,0,0,0,0,0,0,0,0,0,0,0,0,0,0
5701,630,35,0,62501,32,"Coeurl Scratch Fever",0,0,0,0,0,0,0,0,0,0,0,0,0,0,0,0,0,0,0,0,0,0,0,0
5702,631,35,0,62501,32,"Walk Like a Mandragora",0,0,0,0,0,0,0,0,0,0,0,0,0,0,0,0,0,0,0,0,0,0,0,0
5703,632,35,0,62501,32,"Necrologos: Igneous Moil",0,0,0,0,0,0,0,0,0,0,0,0,0,0,0,0,0,0,0,0,0,0,0,0
5704,633,35,0,62501,32,"Bud Bait",0,0,0,0,0,0,0,0,0,0,0,0,0,0,0,0,0,0,0,0,0,0,0,0
5705,634,35,0,62501,32,"Wonder Wine",0,0,0,0,0,0,0,0,0,0,0,0,0,0,0,0,0,0,0,0,0,0,0,0
5706,635,35,0,62501,32,"Appetite for Abduction",0,0,0,0,0,0,0,0,0,0,0,0,0,0,0,0,0,0,0,0,0,0,0,0
5707,636,35,0,62501,63,"Now We're Even",0,0,0,0,0,0,0,0,0,0,0,0,0,0,0,0,0,0,0,0,0,0,0,0
5708,637,35,0,62501,63,"Have a Nice Trip",0,0,0,0,0,0,0,0,0,0,0,0,0,0,0,0,0,0,0,0,0,0,0,0
5709,638,35,0,62501,63,"Necrologos: Cinerary Rite",0,0,0,0,0,0,0,0,0,0,0,0,0,0,0,0,0,0,0,0,0,0,0,0
5710,639,35,0,62501,63,"Meat and Bleat",0,0,0,0,0,0,0,0,0,0,0,0,0,0,0,0,0,0,0,0,0,0,0,0
5711,640,35,0,62501,63,"Little Lost Lamb",0,0,0,0,0,0,0,0,0,0,0,0,0,0,0,0,0,0,0,0,0,0,0,0
5712,641,35,0,62501,63,"Cower to the People",0,0,0,0,0,0,0,0,0,0,0,0,0,0,0,0,0,0,0,0,0,0,0,0
5713,642,35,0,62501,63,"Saving Bessy",0,0,0,0,0,0,0,0,0,0,0,0,0,0,0,0,0,0,0,0,0,0,0,0
5714,643,40,0,62501,46,"Subduing the Subprime",0,0,0,0,0,0,0,0,0,0,0,0,0,0,0,0,0,0,0,0,0,0,0,0
5715,644,40,0,62501,46,"Necrologos: Pale Oblation",0,0,0,0,0,0,0,0,0,0,0,0,0,0,0,0,0,0,0,0,0,0,0,0
5716,645,40,0,62501,46,"Don't Forget to Cry",0,0,0,0,0,0,0,0,0,0,0,0,0,0,0,0,0,0,0,0,0,0,0,0
5717,646,40,0,62501,46,"Circling the Ceruleum",0,0,0,0,0,0,0,0,0,0,0,0,0,0,0,0,0,0,0,0,0,0,0,0
5718,647,40,0,62501,46,"Someone's in the Doghouse",0,0,0,0,0,0,0,0,0,0,0,0,0,0,0,0,0,0,0,0,0,0,0,0
5719,648,40,0,62501,46,"Blow-up Incubator",0,0,0,0,0,0,0,0,0,0,0,0,0,0,0,0,0,0,0,0,0,0,0,0
5720,649,40,0,62501,63,"Necrologos: Whispers of the Gem",0,0,0,0,0,0,0,0,0,0,0,0,0,0,0,0,0,0,0,0,0,0,0,0
5721,650,40,0,62501,63,"Got a Gut Feeling about This",0,0,0,0,0,0,0,0,0,0,0,0,0,0,0,0,0,0,0,0,0,0,0,0
5722,651,40,0,62501,63,"You Look Good Enough to Eat",0,0,0,0,0,0,0,0,0,0,0,0,0,0,0,0,0,0,0,0,0,0,0,0
5723,652,40,0,62501,63,"The Area's a Bit Sketchy",0,0,0,0,0,0,0,0,0,0,0,0,0,0,0,0,0,0,0,0,0,0,0,0
5724,653,40,0,62501,63,"The Tropes of the Trade",0,0,0,0,0,0,0,0,0,0,0,0,0,0,0,0,0,0,0,0,0,0,0,0
5725,654,40,0,62501,63,"Pets Are Family Too",0,0,0,0,0,0,0,0,0,0,0,0,0,0,0,0,0,0,0,0,0,0,0,0
5726,655,40,0,62501,63,"We Can Dismember It for You Wholesale",0,0,0,0,0,0,0,0,0,0,0,0,0,0,0,0,0,0,0,0,0,0,0,0
5727,656,45,0,62501,67,"Turnabout's Fair Play",0,0,0,0,0,0,0,0,0,0,0,0,0,0,0,0,0,0,0,0,0,0,0,0
5728,657,45,0,62501,67,"Necrologos: The Liminal Ones",0,0,0,0,0,0,0,0,0,0,0,0,0,0,0,0,0,0,0,0,0,0,0,0
5729,658,45,0,62501,67,"Big, Bad Idea",0,0,0,0,0,0,0,0,0,0,0,0,0,0,0,0,0,0,0,0,0,0,0,0
5730,659,45,0,62501,67,"Put Your Stomp on It",0,0,0,0,0,0,0,0,0,0,0,0,0,0,0,0,0,0,0,0,0,0,0,0
5731,660,45,0,62501,67,"One of Our Naturalists Is Missing",0,0,0,0,0,0,0,0,0,0,0,0,0,0,0,0,0,0,0,0,0,0,0,0
5732,661,45,0,62501,67,"A Toad Less Taken",0,0,0,0,0,0,0,0,0,0,0,0,0,0,0,0,0,0,0,0,0,0,0,0
5733,878,50,0,62501,2200,"The Unexpected Tourist",0,0,0,0,0,0,0,0,0,0,0,0,0,0,0,0,0,0,0,0,0,0,0,0
5734,879,50,0,62501,2200,"Don't Come Back",0,0,0,0,0,0,0,0,0,0,0,0,0,0,0,0,0,0,0,0,0,0,0,0
5735,880,50,0,62501,2200,"Necrologos: Of Sallow Vizards",0,0,0,0,0,0,0,0,0,0,0,0,0,0,0,0,0,0,0,0,0,0,0,0
5736,881,50,0,62501,2200,"We're So Above This (L)",0,0,0,0,0,0,0,0,0,0,0,0,0,0,0,0,0,0,0,0,0,0,0,0
5737,882,50,0,62501,2200,"The Second Coming of Yak (L)",0,0,0,0,0,0,0,0,0,0,0,0,0,0,0,0,0,0,0,0,0,0,0,0
5738,883,50,0,62501,2200,"Necrologos: Of Sallow Vizards (L)",0,0,0,0,0,0,0,0,0,0,0,0,0,0,0,0,0,0,0,0,0,0,0,0
5739,16,52,0,62501,54,"リーヴテスト16",0,0,0,0,0,0,0,0,0,0,0,0,0,0,0,0,0,0,0,0,0,0,0,0
5740,17,52,0,62501,54,"リーヴテスト17",0,0,0,0,0,0,0,0,0,0,0,0,0,0,0,0,0,0,0,0,0,0,0,0
5741,884,52,0,62501,2000,"Quit Loafing Around",0,0,0,0,0,0,0,0,0,0,0,0,0,0,0,0,0,0,0,0,0,0,0,0
5742,885,52,0,62501,2000,"Feathers Unsullied",0,0,0,0,0,0,0,0,0,0,0,0,0,0,0,0,0,0,0,0,0,0,0,0
5743,886,52,0,62501,2000,"Jailbird Break",0,0,0,0,0,0,0,0,0,0,0,0,0,0,0,0,0,0,0,0,0,0,0,0
5744,887,52,0,62501,2000,"Last Priest Profaned (L)",0,0,0,0,0,0,0,0,0,0,0,0,0,0,0,0,0,0,0,0,0,0,0,0
5745,888,52,0,62501,2000,"Scavenger Hunt (L)",0,0,0,0,0,0,0,0,0,0,0,0,0,0,0,0,0,0,0,0,0,0,0,0
5746,889,52,0,62501,2000,"Return to Sender (L)",0,0,0,0,0,0,0,0,0,0,0,0,0,0,0,0,0,0,0,0,0,0,0,0
5747,18,54,0,62501,17,"リーヴテスト18",0,0,0,0,0,0,0,0,0,0,0,0,0,0,0,0,0,0,0,0,0,0,0,0
5748,19,54,0,62501,17,"リーヴテスト19",0,0,0,0,0,0,0,0,0,0,0,0,0,0,0,0,0,0,0,0,0,0,0,0
5749,890,54,0,62501,2002,"Show Your Work",0,0,0,0,0,0,0,0,0,0,0,0,0,0,0,0,0,0,0,0,0,0,0,0
5750,891,54,0,62501,2002,"Puppet Show",0,0,0,0,0,0,0,0,0,0,0,0,0,0,0,0,0,0,0,0,0,0,0,0
5751,892,54,0,62501,2002,"Cry Home",0,0,0,0,0,0,0,0,0,0,0,0,0,0,0,0,0,0,0,0,0,0,0,0
5752,893,54,0,62501,2002,"Family Comes First (L)",0,0,0,0,0,0,0,0,0,0,0,0,0,0,0,0,0,0,0,0,0,0,0,0
5753,894,54,0,62501,2002,"More Than One Way (L)",0,0,0,0,0,0,0,0,0,0,0,0,0,0,0,0,0,0,0,0,0,0,0,0
5754,895,54,0,62501,2002,"Hello, Cousin (L)",0,0,0,0,0,0,0,0,0,0,0,0,0,0,0,0,0,0,0,0,0,0,0,0
5755,20,56,0,62501,17,"リーヴテスト20",0,0,0,0,0,0,0,0,0,0,0,0,0,0,0,0,0,0,0,0,0,0,0,0
5756,896,56,0,62501,2100,"Two Birds, One Culling",0,0,0,0,0,0,0,0,0,0,0,0,0,0,0,0,0,0,0,0,0,0,0,0
5757,897,56,0,62501,2100,"Don't Eat the Shrooms",0,0,0,0,0,0,0,0,0,0,0,0,0,0,0,0,0,0,0,0,0,0,0,0
5758,898,56,0,62501,2100,"Marl-ementary Procedure",0,0,0,0,0,0,0,0,0,0,0,0,0,0,0,0,0,0,0,0,0,0,0,0
5759,899,56,0,62501,2100,"Just Washed (L)",0,0,0,0,0,0,0,0,0,0,0,0,0,0,0,0,0,0,0,0,0,0,0,0
5760,900,56,0,62501,2100,"Needs More Fervor (L)",0,0,0,0,0,0,0,0,0,0,0,0,0,0,0,0,0,0,0,0,0,0,0,0
5761,901,56,0,62501,2100,"Nobody Can Farm Marl, but Marl (L)",0,0,0,0,0,0,0,0,0,0,0,0,0,0,0,0,0,0,0,0,0,0,0,0
5762,902,58,0,62501,2001,"Dance, Magic Dance",0,0,0,0,0,0,0,0,0,0,0,0,0,0,0,0,0,0,0,0,0,0,0,0
5763,903,58,0,62501,2001,"Necrologos: His Treasure Forhelen",0,0,0,0,0,0,0,0,0,0,0,0,0,0,0,0,0,0,0,0,0,0,0,0
5764,904,58,0,62501,2001,"Whither the Morbol Goeth",0,0,0,0,0,0,0,0,0,0,0,0,0,0,0,0,0,0,0,0,0,0,0,0
5765,905,58,0,62501,2001,"Goblin Up Sharlayan (L)",0,0,0,0,0,0,0,0,0,0,0,0,0,0,0,0,0,0,0,0,0,0,0,0
5766,906,58,0,62501,2001,"Necrologos: His Treasure Forhelen (L)",0,0,0,0,0,0,0,0,0,0,0,0,0,0,0,0,0,0,0,0,0,0,0,0
5767,907,58,0,62501,2001,"Bareback Riding (L)",0,0,0,0,0,0,0,0,0,0,0,0,0,0,0,0,0,0,0,0,0,0,0,0
5768,714,1,0,62510,42,"Rubble Bubble",0,0,0,0,0,0,0,0,0,0,0,0,0,0,0,0,0,0,0,0,0,0,0,0
5769,715,1,0,62510,42,"Who Needs the Paperwork",0,0,0,0,0,0,0,0,0,0,0,0,0,0,0,0,0,0,0,0,0,0,0,0
5770,716,1,0,62510,42,"The Primrose Path",0,0,0,0,0,0,0,0,0,0,0,0,0,0,0,0,0,0,0,0,0,0,0,0
5771,717,1,0,62510,42,"Miners' Holiday",0,0,0,0,0,0,0,0,0,0,0,0,0,0,0,0,0,0,0,0,0,0,0,0
5772,718,5,0,62510,42,"Vanishing Point",0,0,0,0,0,0,0,0,0,0,0,0,0,0,0,0,0,0,0,0,0,0,0,0
5773,719,5,0,62510,42,"Do They Ore Don't They",0,0,0,0,0,0,0,0,0,0,0,0,0,0,0,0,0,0,0,0,0,0,0,0
5774,720,5,0,62510,42,"Pipikkuli's Ship Comes In",0,0,0,0,0,0,0,0,0,0,0,0,0,0,0,0,0,0,0,0,0,0,0,0
5775,721,5,0,62510,42,"I Don't Zinc It's a Coincidence",0,0,0,0,0,0,0,0,0,0,0,0,0,0,0,0,0,0,0,0,0,0,0,0
5776,722,10,0,62510,42,"Break It Up",0,0,0,0,0,0,0,0,0,0,0,0,0,0,0,0,0,0,0,0,0,0,0,0
5777,723,10,0,62510,42,"That's Why They Call It Fool's Gold",0,0,0,0,0,0,0,0,0,0,0,0,0,0,0,0,0,0,0,0,0,0,0,0
5778,724,10,0,62510,42,"It Peiste to Listen",0,0,0,0,0,0,0,0,0,0,0,0,0,0,0,0,0,0,0,0,0,0,0,0
5779,725,10,0,62510,42,"We Do This the Hard Way",0,0,0,0,0,0,0,0,0,0,0,0,0,0,0,0,0,0,0,0,0,0,0,0
5780,726,15,0,62510,44,"A Man's Gotta Dream",0,0,0,0,0,0,0,0,0,0,0,0,0,0,0,0,0,0,0,0,0,0,0,0
5781,727,15,0,62510,44,"Earth Sprites Are Easy",0,0,0,0,0,0,0,0,0,0,0,0,0,0,0,0,0,0,0,0,0,0,0,0
5782,728,15,0,62510,44,"Eiderdown for Eidolons",0,0,0,0,0,0,0,0,0,0,0,0,0,0,0,0,0,0,0,0,0,0,0,0
5783,729,15,0,62510,44,"The Doom that Came to Belah'dia",0,0,0,0,0,0,0,0,0,0,0,0,0,0,0,0,0,0,0,0,0,0,0,0
5784,730,20,0,62510,56,"Look How They Shine for You",0,0,0,0,0,0,0,0,0,0,0,0,0,0,0,0,0,0,0,0,0,0,0,0
5785,731,20,0,62510,56,"Elemental Housekeeping",0,0,0,0,0,0,0,0,0,0,0,0,0,0,0,0,0,0,0,0,0,0,0,0
5786,732,20,0,62510,56,"Location, Location, Location",0,0,0,0,0,0,0,0,0,0,0,0,0,0,0,0,0,0,0,0,0,0,0,0
5787,733,20,0,62510,56,"Rock My Wall",0,0,0,0,0,0,0,0,0,0,0,0,0,0,0,0,0,0,0,0,0,0,0,0
5788,734,25,0,62510,56,"Fool Me Twice",0,0,0,0,0,0,0,0,0,0,0,0,0,0,0,0,0,0,0,0,0,0,0,0
5789,735,25,0,62510,56,"Can't Start a Fire",0,0,0,0,0,0,0,0,0,0,0,0,0,0,0,0,0,0,0,0,0,0,0,0
5790,736,25,0,62510,56,"Tag, You're It",0,0,0,0,0,0,0,0,0,0,0,0,0,0,0,0,0,0,0,0,0,0,0,0
5791,737,25,0,62510,56,"Baby, Light My Way",0,0,0,0,0,0,0,0,0,0,0,0,0,0,0,0,0,0,0,0,0,0,0,0
5792,738,30,0,62510,32,"I Kidd You Not",0,0,0,0,0,0,0,0,0,0,0,0,0,0,0,0,0,0,0,0,0,0,0,0
5793,739,30,0,62510,32,"That's What the Money Is For",0,0,0,0,0,0,0,0,0,0,0,0,0,0,0,0,0,0,0,0,0,0,0,0
5794,740,30,0,62510,32,"The Midden Fair",0,0,0,0,0,0,0,0,0,0,0,0,0,0,0,0,0,0,0,0,0,0,0,0
5795,741,30,0,62510,32,"Shell Game",0,0,0,0,0,0,0,0,0,0,0,0,0,0,0,0,0,0,0,0,0,0,0,0
5796,742,35,0,62510,63,"Rocks for Brains",0,0,0,0,0,0,0,0,0,0,0,0,0,0,0,0,0,0,0,0,0,0,0,0
5797,743,35,0,62510,63,"There Are No Good Answers",0,0,0,0,0,0,0,0,0,0,0,0,0,0,0,0,0,0,0,0,0,0,0,0
5798,744,35,0,62510,63,"Eye for an Eye",0,0,0,0,0,0,0,0,0,0,0,0,0,0,0,0,0,0,0,0,0,0,0,0
5799,745,35,0,62510,63,"Mythril Madness",0,0,0,0,0,0,0,0,0,0,0,0,0,0,0,0,0,0,0,0,0,0,0,0
5800,746,40,0,62510,63,"Nature Is a Monster",0,0,0,0,0,0,0,0,0,0,0,0,0,0,0,0,0,0,0,0,0,0,0,0
5801,747,40,0,62510,63,"Brother in Arms",0,0,0,0,0,0,0,0,0,0,0,0,0,0,0,0,0,0,0,0,0,0,0,0
5802,748,40,0,62510,63,"Breach and Build",0,0,0,0,0,0,0,0,0,0,0,0,0,0,0,0,0,0,0,0,0,0,0,0
5803,749,40,0,62510,63,"Not Losing Our Heads This Time",0,0,0,0,0,0,0,0,0,0,0,0,0,0,0,0,0,0,0,0,0,0,0,0
5804,750,45,0,62510,67,"Metal Has No Master",0,0,0,0,0,0,0,0,0,0,0,0,0,0,0,0,0,0,0,0,0,0,0,0
5805,751,45,0,62510,67,"Crystal Mess",0,0,0,0,0,0,0,0,0,0,0,0,0,0,0,0,0,0,0,0,0,0,0,0
5806,752,45,0,62510,67,"Sucker Seer",0,0,0,0,0,0,0,0,0,0,0,0,0,0,0,0,0,0,0,0,0,0,0,0
5807,753,45,0,62510,67,"Hybrid Hypotheses",0,0,0,0,0,0,0,0,0,0,0,0,0,0,0,0,0,0,0,0,0,0,0,0
5808,1178,50,0,62510,2200,"Taken for Granite",0,0,0,0,0,0,0,0,0,0,0,0,0,0,0,0,0,0,0,0,0,0,0,0
5809,1179,50,0,62510,2200,"The Road to Pilgrimage",0,0,0,0,0,0,0,0,0,0,0,0,0,0,0,0,0,0,0,0,0,0,0,0
5810,1180,50,0,62510,2200,"The Merits of Upcycling",0,0,0,0,0,0,0,0,0,0,0,0,0,0,0,0,0,0,0,0,0,0,0,0
5811,1181,50,0,62510,2200,"The Basics of Forgery (L)",0,0,0,0,0,0,0,0,0,0,0,0,0,0,0,0,0,0,0,0,0,0,0,0
5812,1182,50,0,62510,2200,"For Vares Beyond Compare (L)",0,0,0,0,0,0,0,0,0,0,0,0,0,0,0,0,0,0,0,0,0,0,0,0
5813,1183,50,0,62510,2200,"Breaking Beacons (L)",0,0,0,0,0,0,0,0,0,0,0,0,0,0,0,0,0,0,0,0,0,0,0,0
5814,1184,52,0,62510,2000,"Permit for Destruction of Religious Property",0,0,0,0,0,0,0,0,0,0,0,0,0,0,0,0,0,0,0,0,0,0,0,0
5815,1185,52,0,62510,2000,"I'll Show You My Battle Shards",0,0,0,0,0,0,0,0,0,0,0,0,0,0,0,0,0,0,0,0,0,0,0,0
5816,1186,52,0,62510,2000,"Halone's Jewelry Box",0,0,0,0,0,0,0,0,0,0,0,0,0,0,0,0,0,0,0,0,0,0,0,0
5817,1187,52,0,62510,2000,"Rose Never Lets Go (L)",0,0,0,0,0,0,0,0,0,0,0,0,0,0,0,0,0,0,0,0,0,0,0,0
5818,1188,52,0,62510,2000,"Forging Lance Base (L)",0,0,0,0,0,0,0,0,0,0,0,0,0,0,0,0,0,0,0,0,0,0,0,0
5819,1189,52,0,62510,2000,"Polished till They Shine (L)",0,0,0,0,0,0,0,0,0,0,0,0,0,0,0,0,0,0,0,0,0,0,0,0
5820,1190,54,0,62510,2002,"From Creepers to Squatters",0,0,0,0,0,0,0,0,0,0,0,0,0,0,0,0,0,0,0,0,0,0,0,0
5821,1191,54,0,62510,2002,"Dreams of War, Dreams of Liars, Dreams of Dragon Fire",0,0,0,0,0,0,0,0,0,0,0,0,0,0,0,0,0,0,0,0,0,0,0,0
5822,1192,54,0,62510,2002,"Talk about Boundaries",0,0,0,0,0,0,0,0,0,0,0,0,0,0,0,0,0,0,0,0,0,0,0,0
5823,1193,54,0,62510,2002,"All of These Bases Belong to Us (L)",0,0,0,0,0,0,0,0,0,0,0,0,0,0,0,0,0,0,0,0,0,0,0,0
5824,1194,54,0,62510,2002,"There's Sand in My Water (L)",0,0,0,0,0,0,0,0,0,0,0,0,0,0,0,0,0,0,0,0,0,0,0,0
5825,1195,54,0,62510,2002,"History Needs Some Revisions (L)",0,0,0,0,0,0,0,0,0,0,0,0,0,0,0,0,0,0,0,0,0,0,0,0
5826,1196,56,0,62510,2100,"Fake-icite",0,0,0,0,0,0,0,0,0,0,0,0,0,0,0,0,0,0,0,0,0,0,0,0
5827,1197,56,0,62510,2100,"What Goes Up",0,0,0,0,0,0,0,0,0,0,0,0,0,0,0,0,0,0,0,0,0,0,0,0
5828,1198,56,0,62510,2100,"Mortarin'",0,0,0,0,0,0,0,0,0,0,0,0,0,0,0,0,0,0,0,0,0,0,0,0
5829,1199,56,0,62510,2100,"Fool Me Once (L)",0,0,0,0,0,0,0,0,0,0,0,0,0,0,0,0,0,0,0,0,0,0,0,0
5830,1200,56,0,62510,2100,"The Puppets of War (L)",0,0,0,0,0,0,0,0,0,0,0,0,0,0,0,0,0,0,0,0,0,0,0,0
5831,1201,56,0,62510,2100,"A Spire for New Heights (L)",0,0,0,0,0,0,0,0,0,0,0,0,0,0,0,0,0,0,0,0,0,0,0,0
5832,1202,58,0,62510,2001,"Sticking It Out",0,0,0,0,0,0,0,0,0,0,0,0,0,0,0,0,0,0,0,0,0,0,0,0
5833,1203,58,0,62510,2001,"Crystal Chronicles",0,0,0,0,0,0,0,0,0,0,0,0,0,0,0,0,0,0,0,0,0,0,0,0
5834,1204,58,0,62510,2001,"Dragonproofing",0,0,0,0,0,0,0,0,0,0,0,0,0,0,0,0,0,0,0,0,0,0,0,0
5835,1205,58,0,62510,2001,"Pommeling the Enemy (L)",0,0,0,0,0,0,0,0,0,0,0,0,0,0,0,0,0,0,0,0,0,0,0,0
5836,1206,58,0,62510,2001,"Not So Crystal Clear (L)",0,0,0,0,0,0,0,0,0,0,0,0,0,0,0,0,0,0,0,0,0,0,0,0
5837,1207,58,0,62510,2001,"Sharlayan Sympathizers (L)",0,0,0,0,0,0,0,0,0,0,0,0,0,0,0,0,0,0,0,0,0,0,0,0
5838,1373,60,0,62510,2406,"Cermet Breaker",0,0,0,0,0,0,0,0,0,0,0,0,0,0,0,0,0,0,0,0,0,0,0,0
5839,1374,60,0,62510,2406,"Set in Stone",0,0,0,0,0,0,0,0,0,0,0,0,0,0,0,0,0,0,0,0,0,0,0,0
5840,1375,60,0,62510,2406,"Axe to Grind",0,0,0,0,0,0,0,0,0,0,0,0,0,0,0,0,0,0,0,0,0,0,0,0
5841,1376,62,0,62510,2409,"Ready Ore Not",0,0,0,0,0,0,0,0,0,0,0,0,0,0,0,0,0,0,0,0,0,0,0,0
5842,1377,62,0,62510,2409,"Hit Rock Bottom",0,0,0,0,0,0,0,0,0,0,0,0,0,0,0,0,0,0,0,0,0,0,0,0
5843,1378,62,0,62510,2409,"Coral-lary",0,0,0,0,0,0,0,0,0,0,0,0,0,0,0,0,0,0,0,0,0,0,0,0
5844,1379,64,0,62510,2410,"Simply Marble Us",0,0,0,0,0,0,0,0,0,0,0,0,0,0,0,0,0,0,0,0,0,0,0,0
5845,1380,64,0,62510,2410,"Scraptacular",0,0,0,0,0,0,0,0,0,0,0,0,0,0,0,0,0,0,0,0,0,0,0,0
5846,1381,64,0,62510,2410,"No Stone Unturned",0,0,0,0,0,0,0,0,0,0,0,0,0,0,0,0,0,0,0,0,0,0,0,0
5847,1382,66,0,62510,2411,"Bead 'Em Up",0,0,0,0,0,0,0,0,0,0,0,0,0,0,0,0,0,0,0,0,0,0,0,0
5848,1383,66,0,62510,2411,"O Say Can You Rock",0,0,0,0,0,0,0,0,0,0,0,0,0,0,0,0,0,0,0,0,0,0,0,0
5849,1384,66,0,62510,2411,"Dunes of Our Lives",0,0,0,0,0,0,0,0,0,0,0,0,0,0,0,0,0,0,0,0,0,0,0,0
5850,1385,68,0,62510,2407,"Mine All Mine",0,0,0,0,0,0,0,0,0,0,0,0,0,0,0,0,0,0,0,0,0,0,0,0
5851,1386,68,0,62510,2407,"Adios, Ala Mhigo",0,0,0,0,0,0,0,0,0,0,0,0,0,0,0,0,0,0,0,0,0,0,0,0
5852,1387,68,0,62510,2407,"The Ores Have It",0,0,0,0,0,0,0,0,0,0,0,0,0,0,0,0,0,0,0,0,0,0,0,0
5853,1538,70,0,62510,2954,"Jewelry for All",0,0,0,0,0,0,0,0,0,0,0,0,0,0,0,0,0,0,0,0,0,0,0,0
5854,1539,70,0,62510,2954,"The Search for Slag",0,0,0,0,0,0,0,0,0,0,0,0,0,0,0,0,0,0,0,0,0,0,0,0
5855,1540,70,0,62510,2954,"Barmy for Ballistas",0,0,0,0,0,0,0,0,0,0,0,0,0,0,0,0,0,0,0,0,0,0,0,0
5856,1541,72,0,62510,2956,"Secret Stones",0,0,0,0,0,0,0,0,0,0,0,0,0,0,0,0,0,0,0,0,0,0,0,0
5857,1542,72,0,62510,2956,"New Necklaces",0,0,0,0,0,0,0,0,0,0,0,0,0,0,0,0,0,0,0,0,0,0,0,0
5858,1543,72,0,62510,2956,"Crystallized Revenge",0,0,0,0,0,0,0,0,0,0,0,0,0,0,0,0,0,0,0,0,0,0,0,0
5859,1544,74,0,62510,2957,"Rocks from Rak'tika",0,0,0,0,0,0,0,0,0,0,0,0,0,0,0,0,0,0,0,0,0,0,0,0
5860,1545,74,0,62510,2957,"Jewels for Jewelry",0,0,0,0,0,0,0,0,0,0,0,0,0,0,0,0,0,0,0,0,0,0,0,0
5861,1546,74,0,62510,2957,"Knowledge Is Power",0,0,0,0,0,0,0,0,0,0,0,0,0,0,0,0,0,0,0,0,0,0,0,0
5862,1547,76,0,62510,2955,"Road to Recovery",0,0,0,0,0,0,0,0,0,0,0,0,0,0,0,0,0,0,0,0,0,0,0,0
5863,1548,76,0,62510,2955,"Jewelry Is Forever",0,0,0,0,0,0,0,0,0,0,0,0,0,0,0,0,0,0,0,0,0,0,0,0
5864,1549,76,0,62510,2955,"The Magic of Mining",0,0,0,0,0,0,0,0,0,0,0,0,0,0,0,0,0,0,0,0,0,0,0,0
5865,1550,78,0,62510,2953,"Lakeland's Legacy",0,0,0,0,0,0,0,0,0,0,0,0,0,0,0,0,0,0,0,0,0,0,0,0
5866,1551,78,0,62510,2953,"Back Stronger",0,0,0,0,0,0,0,0,0,0,0,0,0,0,0,0,0,0,0,0,0,0,0,0
5867,1552,78,0,62510,2953,"Crystal Meds",0,0,0,0,0,0,0,0,0,0,0,0,0,0,0,0,0,0,0,0,0,0,0,0
5868,1663,80,0,62510,3708,"One Man's Rock",0,0,0,0,0,0,0,0,0,0,0,0,0,0,0,0,0,0,0,0,0,0,0,0
5869,1664,80,0,62510,3708,"Explosive Progress",0,0,0,0,0,0,0,0,0,0,0,0,0,0,0,0,0,0,0,0,0,0,0,0
5870,1665,80,0,62510,3708,"An Unstable Foundation",0,0,0,0,0,0,0,0,0,0,0,0,0,0,0,0,0,0,0,0,0,0,0,0
5871,1666,82,0,62510,3709,"The Gall on That Giant",0,0,0,0,0,0,0,0,0,0,0,0,0,0,0,0,0,0,0,0,0,0,0,0
5872,1667,82,0,62510,3709,"Just in Lime",0,0,0,0,0,0,0,0,0,0,0,0,0,0,0,0,0,0,0,0,0,0,0,0
5873,1668,82,0,62510,3709,"To Boldly Gall",0,0,0,0,0,0,0,0,0,0,0,0,0,0,0,0,0,0,0,0,0,0,0,0
5874,1669,84,0,62510,3710,"Training Up",0,0,0,0,0,0,0,0,0,0,0,0,0,0,0,0,0,0,0,0,0,0,0,0
5875,1670,84,0,62510,3710,"A Rock After My Own Heart",0,0,0,0,0,0,0,0,0,0,0,0,0,0,0,0,0,0,0,0,0,0,0,0
5876,1671,84,0,62510,3710,"March for Magitek",0,0,0,0,0,0,0,0,0,0,0,0,0,0,0,0,0,0,0,0,0,0,0,0
5877,1672,86,0,62510,3709,"Stone Cold",0,0,0,0,0,0,0,0,0,0,0,0,0,0,0,0,0,0,0,0,0,0,0,0
5878,1673,86,0,62510,3709,"Sand in My Boots",0,0,0,0,0,0,0,0,0,0,0,0,0,0,0,0,0,0,0,0,0,0,0,0
5879,1674,86,0,62510,3709,"Enriching the Soil",0,0,0,0,0,0,0,0,0,0,0,0,0,0,0,0,0,0,0,0,0,0,0,0
5880,1675,88,0,62510,3708,"Rocks of a Feather",0,0,0,0,0,0,0,0,0,0,0,0,0,0,0,0,0,0,0,0,0,0,0,0
5881,1676,88,0,62510,3708,"The Final Touch",0,0,0,0,0,0,0,0,0,0,0,0,0,0,0,0,0,0,0,0,0,0,0,0
5882,1677,88,0,62510,3708,"Reactionary Reactors",0,0,0,0,0,0,0,0,0,0,0,0,0,0,0,0,0,0,0,0,0,0,0,0
5883,1783,90,0,62510,4505,"Tough Tuff",0,0,0,0,0,0,0,0,0,0,0,0,0,0,0,0,0,0,0,0,0,0,0,0
5884,1784,90,0,62510,4505,"Strong Arm for Stone",0,0,0,0,0,0,0,0,0,0,0,0,0,0,0,0,0,0,0,0,0,0,0,0
5885,1785,90,0,62510,4505,"Old and Bubbly",0,0,0,0,0,0,0,0,0,0,0,0,0,0,0,0,0,0,0,0,0,0,0,0
5886,1786,92,0,62510,4505,"Abandoned Architecture",0,0,0,0,0,0,0,0,0,0,0,0,0,0,0,0,0,0,0,0,0,0,0,0
5887,1787,92,0,62510,4505,"Mountain Fish",0,0,0,0,0,0,0,0,0,0,0,0,0,0,0,0,0,0,0,0,0,0,0,0
5888,1788,92,0,62510,4505,"Gleamstone for Lazybones",0,0,0,0,0,0,0,0,0,0,0,0,0,0,0,0,0,0,0,0,0,0,0,0
5889,1789,94,0,62510,4506,"Fuelgiving Passionwork",0,0,0,0,0,0,0,0,0,0,0,0,0,0,0,0,0,0,0,0,0,0,0,0
5890,1790,94,0,62510,4506,"Building the Banks",0,0,0,0,0,0,0,0,0,0,0,0,0,0,0,0,0,0,0,0,0,0,0,0
5891,1791,94,0,62510,4506,"Pebbles for a Path",0,0,0,0,0,0,0,0,0,0,0,0,0,0,0,0,0,0,0,0,0,0,0,0
5892,1792,96,0,62510,4507,"Sampled Starfall",0,0,0,0,0,0,0,0,0,0,0,0,0,0,0,0,0,0,0,0,0,0,0,0
5893,1793,96,0,62510,4507,"Material for a Mindgenius",0,0,0,0,0,0,0,0,0,0,0,0,0,0,0,0,0,0,0,0,0,0,0,0
5894,1794,96,0,62510,4507,"Vestiges of War",0,0,0,0,0,0,0,0,0,0,0,0,0,0,0,0,0,0,0,0,0,0,0,0
5895,1795,98,0,62510,4508,"Plains, Stone, Fish",0,0,0,0,0,0,0,0,0,0,0,0,0,0,0,0,0,0,0,0,0,0,0,0
5896,1796,98,0,62510,4508,"Burning Rival",0,0,0,0,0,0,0,0,0,0,0,0,0,0,0,0,0,0,0,0,0,0,0,0
5897,1797,98,0,62510,4508,"No Takebacks for Workshirk",0,0,0,0,0,0,0,0,0,0,0,0,0,0,0,0,0,0,0,0,0,0,0,0
5898,1,1,0,62511,17,"リーヴテスト01",0,0,0,0,0,0,0,0,0,0,0,0,0,0,0,0,0,0,0,0,0,0,0,0
5899,2,1,0,62511,17,"リーヴテスト02",0,0,0,0,0,0,0,0,0,0,0,0,0,0,0,0,0,0,0,0,0,0,0,0
5900,3,1,0,62511,17,"リーヴテスト03",0,0,0,0,0,0,0,0,0,0,0,0,0,0,0,0,0,0,0,0,0,0,0,0
5901,4,1,0,62511,17,"リーヴテスト04",0,0,0,0,0,0,0,0,0,0,0,0,0,0,0,0,0,0,0,0,0,0,0,0
5902,5,1,0,62511,17,"リーヴテスト05",0,0,0,0,0,0,0,0,0,0,0,0,0,0,0,0,0,0,0,0,0,0,0,0
5903,674,1,0,62511,54,"Waking Wood",0,0,0,0,0,0,0,0,0,0,0,0,0,0,0,0,0,0,0,0,0,0,0,0
5904,675,1,0,62511,54,"East Bank Story",0,0,0,0,0,0,0,0,0,0,0,0,0,0,0,0,0,0,0,0,0,0,0,0
5905,676,1,0,62511,54,"We Couldn't Start the Fire",0,0,0,0,0,0,0,0,0,0,0,0,0,0,0,0,0,0,0,0,0,0,0,0
5906,677,1,0,62511,54,"Lovely Latex",0,0,0,0,0,0,0,0,0,0,0,0,0,0,0,0,0,0,0,0,0,0,0,0
5907,678,5,0,62511,54,"Let the Sun Shine In",0,0,0,0,0,0,0,0,0,0,0,0,0,0,0,0,0,0,0,0,0,0,0,0
5908,679,5,0,62511,54,"If a Tree Falls",0,0,0,0,0,0,0,0,0,0,0,0,0,0,0,0,0,0,0,0,0,0,0,0
5909,680,5,0,62511,54,"Evil Seeds",0,0,0,0,0,0,0,0,0,0,0,0,0,0,0,0,0,0,0,0,0,0,0,0
5910,681,5,0,62511,54,"No Bark, All Bite",0,0,0,0,0,0,0,0,0,0,0,0,0,0,0,0,0,0,0,0,0,0,0,0
5911,682,10,0,62511,54,"A Chest of Nuts",0,0,0,0,0,0,0,0,0,0,0,0,0,0,0,0,0,0,0,0,0,0,0,0
5912,683,10,0,62511,54,"West Bank Story",0,0,0,0,0,0,0,0,0,0,0,0,0,0,0,0,0,0,0,0,0,0,0,0
5913,684,10,0,62511,54,"Digging Deep",0,0,0,0,0,0,0,0,0,0,0,0,0,0,0,0,0,0,0,0,0,0,0,0
5914,685,10,0,62511,54,"The Heart of the Hedge",0,0,0,0,0,0,0,0,0,0,0,0,0,0,0,0,0,0,0,0,0,0,0,0
5915,872,10,0,62511,54,"リーヴテスト22",0,0,0,0,0,0,0,0,0,0,0,0,0,0,0,0,0,0,0,0,0,0,0,0
5916,686,15,0,62511,55,"The Quick and the Dead",0,0,0,0,0,0,0,0,0,0,0,0,0,0,0,0,0,0,0,0,0,0,0,0
5917,687,15,0,62511,55,"Maple Stories",0,0,0,0,0,0,0,0,0,0,0,0,0,0,0,0,0,0,0,0,0,0,0,0
5918,688,15,0,62511,55,"Never Strikes Twice",0,0,0,0,0,0,0,0,0,0,0,0,0,0,0,0,0,0,0,0,0,0,0,0
5919,689,15,0,62511,55,"Briar in the Hole",0,0,0,0,0,0,0,0,0,0,0,0,0,0,0,0,0,0,0,0,0,0,0,0
5920,690,20,0,62511,56,"Nowhere to Slide",0,0,0,0,0,0,0,0,0,0,0,0,0,0,0,0,0,0,0,0,0,0,0,0
5921,691,20,0,62511,56,"Shaken, Not Stirred",0,0,0,0,0,0,0,0,0,0,0,0,0,0,0,0,0,0,0,0,0,0,0,0
5922,692,20,0,62511,56,"Just the Artifacts, Madam",0,0,0,0,0,0,0,0,0,0,0,0,0,0,0,0,0,0,0,0,0,0,0,0
5923,693,20,0,62511,56,"Fueling the Flames",0,0,0,0,0,0,0,0,0,0,0,0,0,0,0,0,0,0,0,0,0,0,0,0
5924,694,25,0,62511,56,"Over the Underbrush",0,0,0,0,0,0,0,0,0,0,0,0,0,0,0,0,0,0,0,0,0,0,0,0
5925,695,25,0,62511,56,"Moon in Rouge",0,0,0,0,0,0,0,0,0,0,0,0,0,0,0,0,0,0,0,0,0,0,0,0
5926,696,25,0,62511,56,"Appleanche",0,0,0,0,0,0,0,0,0,0,0,0,0,0,0,0,0,0,0,0,0,0,0,0
5927,697,25,0,62511,56,"Mushroom Gobblin'",0,0,0,0,0,0,0,0,0,0,0,0,0,0,0,0,0,0,0,0,0,0,0,0
5928,698,30,0,62511,32,"The Palm in Your Hand",0,0,0,0,0,0,0,0,0,0,0,0,0,0,0,0,0,0,0,0,0,0,0,0
5929,699,30,0,62511,32,"Nature Calls",0,0,0,0,0,0,0,0,0,0,0,0,0,0,0,0,0,0,0,0,0,0,0,0
5930,700,30,0,62511,32,"Bleeding Them Dry",0,0,0,0,0,0,0,0,0,0,0,0,0,0,0,0,0,0,0,0,0,0,0,0
5931,701,30,0,62511,32,"Always Right",0,0,0,0,0,0,0,0,0,0,0,0,0,0,0,0,0,0,0,0,0,0,0,0
5932,702,35,0,62511,63,"A Stash of Herbs",0,0,0,0,0,0,0,0,0,0,0,0,0,0,0,0,0,0,0,0,0,0,0,0
5933,703,35,0,62511,63,"Spear of Heaven",0,0,0,0,0,0,0,0,0,0,0,0,0,0,0,0,0,0,0,0,0,0,0,0
5934,704,35,0,62511,63,"Salad Days",0,0,0,0,0,0,0,0,0,0,0,0,0,0,0,0,0,0,0,0,0,0,0,0
5935,705,35,0,62511,63,"Catch My Drift",0,0,0,0,0,0,0,0,0,0,0,0,0,0,0,0,0,0,0,0,0,0,0,0
5936,706,40,0,62511,63,"Plague on Both Our Forests",0,0,0,0,0,0,0,0,0,0,0,0,0,0,0,0,0,0,0,0,0,0,0,0
5937,707,40,0,62511,63,"Straight and Arrow",0,0,0,0,0,0,0,0,0,0,0,0,0,0,0,0,0,0,0,0,0,0,0,0
5938,708,40,0,62511,63,"This Old Fort",0,0,0,0,0,0,0,0,0,0,0,0,0,0,0,0,0,0,0,0,0,0,0,0
5939,709,40,0,62511,63,"Sign of the Crimes",0,0,0,0,0,0,0,0,0,0,0,0,0,0,0,0,0,0,0,0,0,0,0,0
5940,710,45,0,62511,67,"Caught in the Long Grass",0,0,0,0,0,0,0,0,0,0,0,0,0,0,0,0,0,0,0,0,0,0,0,0
5941,711,45,0,62511,67,"Topsy-turvy Time",0,0,0,0,0,0,0,0,0,0,0,0,0,0,0,0,0,0,0,0,0,0,0,0
5942,712,45,0,62511,67,"Wonders Don't Cease, They're Discontinued",0,0,0,0,0,0,0,0,0,0,0,0,0,0,0,0,0,0,0,0,0,0,0,0
5943,713,45,0,62511,67,"See How They Shine",0,0,0,0,0,0,0,0,0,0,0,0,0,0,0,0,0,0,0,0,0,0,0,0
5944,1148,50,0,62511,2200,"Does This Look Infected?",0,0,0,0,0,0,0,0,0,0,0,0,0,0,0,0,0,0,0,0,0,0,0,0
5945,1149,50,0,62511,2200,"Breathe Deeply",0,0,0,0,0,0,0,0,0,0,0,0,0,0,0,0,0,0,0,0,0,0,0,0
5946,1150,50,0,62511,2200,"Warm in Their Beds",0,0,0,0,0,0,0,0,0,0,0,0,0,0,0,0,0,0,0,0,0,0,0,0
5947,1151,50,0,62511,2200,"Secondhand Smoke Screen (L)",0,0,0,0,0,0,0,0,0,0,0,0,0,0,0,0,0,0,0,0,0,0,0,0
5948,1152,50,0,62511,2200,"A Crown for Every Head (L)",0,0,0,0,0,0,0,0,0,0,0,0,0,0,0,0,0,0,0,0,0,0,0,0
5949,1153,50,0,62511,2200,"No Rest for the Thicket (L)",0,0,0,0,0,0,0,0,0,0,0,0,0,0,0,0,0,0,0,0,0,0,0,0
5950,1154,52,0,62511,2000,"Ladies and Gentians",0,0,0,0,0,0,0,0,0,0,0,0,0,0,0,0,0,0,0,0,0,0,0,0
5951,1155,52,0,62511,2000,"The Bitter, the Better",0,0,0,0,0,0,0,0,0,0,0,0,0,0,0,0,0,0,0,0,0,0,0,0
5952,1156,52,0,62511,2000,"Six Hours in a Leaky Boat",0,0,0,0,0,0,0,0,0,0,0,0,0,0,0,0,0,0,0,0,0,0,0,0
5953,1157,52,0,62511,2000,"Coat the Harm (L)",0,0,0,0,0,0,0,0,0,0,0,0,0,0,0,0,0,0,0,0,0,0,0,0
5954,1158,52,0,62511,2000,"The Sour Patch Grids (L)",0,0,0,0,0,0,0,0,0,0,0,0,0,0,0,0,0,0,0,0,0,0,0,0
5955,1159,52,0,62511,2000,"Hot Tub Clime Machine (L)",0,0,0,0,0,0,0,0,0,0,0,0,0,0,0,0,0,0,0,0,0,0,0,0
5956,1160,54,0,62511,2002,"Your Mother Is Medicine and Your Father Is the Wild",0,0,0,0,0,0,0,0,0,0,0,0,0,0,0,0,0,0,0,0,0,0,0,0
5957,1161,54,0,62511,2002,"Dandelion Don't Tell No Lies",0,0,0,0,0,0,0,0,0,0,0,0,0,0,0,0,0,0,0,0,0,0,0,0
5958,1162,54,0,62511,2002,"Chewed Up and Snuffed Out",0,0,0,0,0,0,0,0,0,0,0,0,0,0,0,0,0,0,0,0,0,0,0,0
5959,1163,54,0,62511,2002,"Exotic Remedies (L)",0,0,0,0,0,0,0,0,0,0,0,0,0,0,0,0,0,0,0,0,0,0,0,0
5960,1164,54,0,62511,2002,"Sacrilege Neutralized (L)",0,0,0,0,0,0,0,0,0,0,0,0,0,0,0,0,0,0,0,0,0,0,0,0
5961,1165,54,0,62511,2002,"Hybrid Theories (L)",0,0,0,0,0,0,0,0,0,0,0,0,0,0,0,0,0,0,0,0,0,0,0,0
5962,1166,56,0,62511,2100,"Heart to Heart",0,0,0,0,0,0,0,0,0,0,0,0,0,0,0,0,0,0,0,0,0,0,0,0
5963,1167,56,0,62511,2100,"Bold and Blue",0,0,0,0,0,0,0,0,0,0,0,0,0,0,0,0,0,0,0,0,0,0,0,0
5964,1168,56,0,62511,2100,"The Anointing of the Dead",0,0,0,0,0,0,0,0,0,0,0,0,0,0,0,0,0,0,0,0,0,0,0,0
5965,1169,56,0,62511,2100,"Putting on Airs (L)",0,0,0,0,0,0,0,0,0,0,0,0,0,0,0,0,0,0,0,0,0,0,0,0
5966,1170,56,0,62511,2100,"These Colors Run Not (L)",0,0,0,0,0,0,0,0,0,0,0,0,0,0,0,0,0,0,0,0,0,0,0,0
5967,1171,56,0,62511,2100,"Nectar of the Goddess (L)",0,0,0,0,0,0,0,0,0,0,0,0,0,0,0,0,0,0,0,0,0,0,0,0
5968,1172,58,0,62511,2001,"Watching the Western Wall",0,0,0,0,0,0,0,0,0,0,0,0,0,0,0,0,0,0,0,0,0,0,0,0
5969,1173,58,0,62511,2001,"Bleeding Out",0,0,0,0,0,0,0,0,0,0,0,0,0,0,0,0,0,0,0,0,0,0,0,0
5970,1174,58,0,62511,2001,"A Taste of Their Own Medicine",0,0,0,0,0,0,0,0,0,0,0,0,0,0,0,0,0,0,0,0,0,0,0,0
5971,1175,58,0,62511,2001,"Blending In (L)",0,0,0,0,0,0,0,0,0,0,0,0,0,0,0,0,0,0,0,0,0,0,0,0
5972,1176,58,0,62511,2001,"Mending Wings (L)",0,0,0,0,0,0,0,0,0,0,0,0,0,0,0,0,0,0,0,0,0,0,0,0
5973,1177,58,0,62511,2001,"Thank You for Smoke Screening (L)",0,0,0,0,0,0,0,0,0,0,0,0,0,0,0,0,0,0,0,0,0,0,0,0
5974,1358,60,0,62511,2406,"Rhalgr Wood Too",0,0,0,0,0,0,0,0,0,0,0,0,0,0,0,0,0,0,0,0,0,0,0,0
5975,1359,60,0,62511,2406,"Thank Heavenspillar",0,0,0,0,0,0,0,0,0,0,0,0,0,0,0,0,0,0,0,0,0,0,0,0
5976,1360,60,0,62511,2406,"Barking Up the Right Tree",0,0,0,0,0,0,0,0,0,0,0,0,0,0,0,0,0,0,0,0,0,0,0,0
5977,1361,62,0,62511,2409,"Pining",0,0,0,0,0,0,0,0,0,0,0,0,0,0,0,0,0,0,0,0,0,0,0,0
5978,1362,62,0,62511,2409,"Coral-lation",0,0,0,0,0,0,0,0,0,0,0,0,0,0,0,0,0,0,0,0,0,0,0,0
5979,1363,62,0,62511,2409,"Penned-up Frustration",0,0,0,0,0,0,0,0,0,0,0,0,0,0,0,0,0,0,0,0,0,0,0,0
5980,1364,64,0,62511,2410,"Bamboozled",0,0,0,0,0,0,0,0,0,0,0,0,0,0,0,0,0,0,0,0,0,0,0,0
5981,1365,64,0,62511,2410,"Timbr",0,0,0,0,0,0,0,0,0,0,0,0,0,0,0,0,0,0,0,0,0,0,0,0
5982,1366,64,0,62511,2410,"Flowers for Algae Run",0,0,0,0,0,0,0,0,0,0,0,0,0,0,0,0,0,0,0,0,0,0,0,0
5983,1367,66,0,62511,2411,"Craic of Dawn",0,0,0,0,0,0,0,0,0,0,0,0,0,0,0,0,0,0,0,0,0,0,0,0
5984,1368,66,0,62511,2411,"Hypocritic Oath",0,0,0,0,0,0,0,0,0,0,0,0,0,0,0,0,0,0,0,0,0,0,0,0
5985,1369,66,0,62511,2411,"Leaves Much to Be Desired",0,0,0,0,0,0,0,0,0,0,0,0,0,0,0,0,0,0,0,0,0,0,0,0
5986,1370,68,0,62511,2407,"Nunh the Wiser",0,0,0,0,0,0,0,0,0,0,0,0,0,0,0,0,0,0,0,0,0,0,0,0
5987,1371,68,0,62511,2407,"Last of the Mhigans",0,0,0,0,0,0,0,0,0,0,0,0,0,0,0,0,0,0,0,0,0,0,0,0
5988,1372,68,0,62511,2407,"Garden Variety",0,0,0,0,0,0,0,0,0,0,0,0,0,0,0,0,0,0,0,0,0,0,0,0
5989,1523,70,0,62511,2954,"Sought-after Spices",0,0,0,0,0,0,0,0,0,0,0,0,0,0,0,0,0,0,0,0,0,0,0,0
5990,1524,70,0,62511,2954,"Medicinal Herbs",0,0,0,0,0,0,0,0,0,0,0,0,0,0,0,0,0,0,0,0,0,0,0,0
5991,1525,70,0,62511,2954,"Home Is Where the Heart Is",0,0,0,0,0,0,0,0,0,0,0,0,0,0,0,0,0,0,0,0,0,0,0,0
5992,1526,72,0,62511,2956,"Packs a Punch",0,0,0,0,0,0,0,0,0,0,0,0,0,0,0,0,0,0,0,0,0,0,0,0
5993,1527,72,0,62511,2956,"Home Is Where the Heart Isn't",0,0,0,0,0,0,0,0,0,0,0,0,0,0,0,0,0,0,0,0,0,0,0,0
5994,1528,72,0,62511,2956,"Seeds for the Sick",0,0,0,0,0,0,0,0,0,0,0,0,0,0,0,0,0,0,0,0,0,0,0,0
5995,1529,74,0,62511,2957,"Pest Problems",0,0,0,0,0,0,0,0,0,0,0,0,0,0,0,0,0,0,0,0,0,0,0,0
5996,1530,74,0,62511,2957,"Fresh off the Boat",0,0,0,0,0,0,0,0,0,0,0,0,0,0,0,0,0,0,0,0,0,0,0,0
5997,1531,74,0,62511,2957,"Dream a Little Dream",0,0,0,0,0,0,0,0,0,0,0,0,0,0,0,0,0,0,0,0,0,0,0,0
5998,1532,76,0,62511,2955,"Spiritual Ventures",0,0,0,0,0,0,0,0,0,0,0,0,0,0,0,0,0,0,0,0,0,0,0,0
5999,1533,76,0,62511,2955,"Culinary Concepts",0,0,0,0,0,0,0,0,0,0,0,0,0,0,0,0,0,0,0,0,0,0,0,0
6000,1534,76,0,62511,2955,"The Only Cure",0,0,0,0,0,0,0,0,0,0,0,0,0,0,0,0,0,0,0,0,0,0,0,0
6001,1535,78,0,62511,2953,"Good Business",0,0,0,0,0,0,0,0,0,0,0,0,0,0,0,0,0,0,0,0,0,0,0,0
6002,1536,78,0,62511,2953,"The Sweetest Syrup",0,0,0,0,0,0,0,0,0,0,0,0,0,0,0,0,0,0,0,0,0,0,0,0
6003,1537,78,0,62511,2953,"Big Business",0,0,0,0,0,0,0,0,0,0,0,0,0,0,0,0,0,0,0,0,0,0,0,0
6004,1648,80,0,62511,3708,"Paper Minds",0,0,0,0,0,0,0,0,0,0,0,0,0,0,0,0,0,0,0,0,0,0,0,0
6005,1649,80,0,62511,3708,"A Balanced Diet",0,0,0,0,0,0,0,0,0,0,0,0,0,0,0,0,0,0,0,0,0,0,0,0
6006,1650,80,0,62511,3708,"Bug Report",0,0,0,0,0,0,0,0,0,0,0,0,0,0,0,0,0,0,0,0,0,0,0,0
6007,1651,82,0,62511,3709,"Don't Have a Yakow",0,0,0,0,0,0,0,0,0,0,0,0,0,0,0,0,0,0,0,0,0,0,0,0
6008,1652,82,0,62511,3709,"Soup for the Stars",0,0,0,0,0,0,0,0,0,0,0,0,0,0,0,0,0,0,0,0,0,0,0,0
6009,1653,82,0,62511,3709,"Explosive Palms",0,0,0,0,0,0,0,0,0,0,0,0,0,0,0,0,0,0,0,0,0,0,0,0
6010,1654,84,0,62511,3710,"Beet It",0,0,0,0,0,0,0,0,0,0,0,0,0,0,0,0,0,0,0,0,0,0,0,0
6011,1655,84,0,62511,3710,"Into the Pines",0,0,0,0,0,0,0,0,0,0,0,0,0,0,0,0,0,0,0,0,0,0,0,0
6012,1656,84,0,62511,3710,"Through the Fires and Flames",0,0,0,0,0,0,0,0,0,0,0,0,0,0,0,0,0,0,0,0,0,0,0,0
6013,1657,86,0,62511,3709,"Tea Off",0,0,0,0,0,0,0,0,0,0,0,0,0,0,0,0,0,0,0,0,0,0,0,0
6014,1658,86,0,62511,3709,"When Size Matters",0,0,0,0,0,0,0,0,0,0,0,0,0,0,0,0,0,0,0,0,0,0,0,0
6015,1659,86,0,62511,3709,"In Case of Emergency",0,0,0,0,0,0,0,0,0,0,0,0,0,0,0,0,0,0,0,0,0,0,0,0
6016,1660,88,0,62511,3708,"A Natural Style",0,0,0,0,0,0,0,0,0,0,0,0,0,0,0,0,0,0,0,0,0,0,0,0
6017,1661,88,0,62511,3708,"Wood Envy",0,0,0,0,0,0,0,0,0,0,0,0,0,0,0,0,0,0,0,0,0,0,0,0
6018,1662,88,0,62511,3708,"Poisonous Palms",0,0,0,0,0,0,0,0,0,0,0,0,0,0,0,0,0,0,0,0,0,0,0,0
6019,1768,90,0,62511,4506,"Reading Reeds",0,0,0,0,0,0,0,0,0,0,0,0,0,0,0,0,0,0,0,0,0,0,0,0
6020,1769,90,0,62511,4506,"Brushing Up on Flowers",0,0,0,0,0,0,0,0,0,0,0,0,0,0,0,0,0,0,0,0,0,0,0,0
6021,1770,90,0,62511,4506,"All Stars",0,0,0,0,0,0,0,0,0,0,0,0,0,0,0,0,0,0,0,0,0,0,0,0
6022,1771,92,0,62511,4506,"Evaluating Energies",0,0,0,0,0,0,0,0,0,0,0,0,0,0,0,0,0,0,0,0,0,0,0,0
6023,1772,92,0,62511,4506,"Plants Aquatic",0,0,0,0,0,0,0,0,0,0,0,0,0,0,0,0,0,0,0,0,0,0,0,0
6024,1773,92,0,62511,4506,"First Beasts, Now Bugs",0,0,0,0,0,0,0,0,0,0,0,0,0,0,0,0,0,0,0,0,0,0,0,0
6025,1774,94,0,62511,4505,"Herbs for Hurts",0,0,0,0,0,0,0,0,0,0,0,0,0,0,0,0,0,0,0,0,0,0,0,0
6026,1775,94,0,62511,4505,"Good Ear for Corn",0,0,0,0,0,0,0,0,0,0,0,0,0,0,0,0,0,0,0,0,0,0,0,0
6027,1776,94,0,62511,4505,"Trusty Trees",0,0,0,0,0,0,0,0,0,0,0,0,0,0,0,0,0,0,0,0,0,0,0,0
6028,1777,96,0,62511,4507,"Sip of Scalebud",0,0,0,0,0,0,0,0,0,0,0,0,0,0,0,0,0,0,0,0,0,0,0,0
6029,1778,96,0,62511,4507,"Sacred Sap",0,0,0,0,0,0,0,0,0,0,0,0,0,0,0,0,0,0,0,0,0,0,0,0
6030,1779,96,0,62511,4507,"New Start for the Cinderfield",0,0,0,0,0,0,0,0,0,0,0,0,0,0,0,0,0,0,0,0,0,0,0,0
6031,1780,98,0,62511,4508,"Stopping Soapweed",0,0,0,0,0,0,0,0,0,0,0,0,0,0,0,0,0,0,0,0,0,0,0,0
6032,1781,98,0,62511,4508,"Need for Nopales",0,0,0,0,0,0,0,0,0,0,0,0,0,0,0,0,0,0,0,0,0,0,0,0
6033,1782,98,0,62511,4508,"Girth of the Earth",0,0,0,0,0,0,0,0,0,0,0,0,0,0,0,0,0,0,0,0,0,0,0,0
6034,754,1,0,62512,27,"Adventurers' Relish",0,0,0,0,0,0,0,0,0,0,0,0,0,0,0,0,0,0,0,0,0,0,0,0
6035,755,1,0,62512,27,"Soup to Guts",0,0,0,0,0,0,0,0,0,0,0,0,0,0,0,0,0,0,0,0,0,0,0,0
6036,756,1,0,62512,27,"A Kelping Hand",0,0,0,0,0,0,0,0,0,0,0,0,0,0,0,0,0,0,0,0,0,0,0,0
6037,757,1,0,62512,27,"Poor Boys Eat Well",0,0,0,0,0,0,0,0,0,0,0,0,0,0,0,0,0,0,0,0,0,0,0,0
6038,758,5,0,62512,27,"Cloud Cutlet",0,0,0,0,0,0,0,0,0,0,0,0,0,0,0,0,0,0,0,0,0,0,0,0
6039,759,5,0,62512,27,"They Taste Just as Pretty",0,0,0,0,0,0,0,0,0,0,0,0,0,0,0,0,0,0,0,0,0,0,0,0
6040,760,5,0,62512,27,"Yummy in the Tummy",0,0,0,0,0,0,0,0,0,0,0,0,0,0,0,0,0,0,0,0,0,0,0,0
6041,761,5,0,62512,27,"Splendor in the Glass",0,0,0,0,0,0,0,0,0,0,0,0,0,0,0,0,0,0,0,0,0,0,0,0
6042,762,10,0,62512,33,"Fish by Many Other Names",0,0,0,0,0,0,0,0,0,0,0,0,0,0,0,0,0,0,0,0,0,0,0,0
6043,763,10,0,62512,33,"Just Add Water",0,0,0,0,0,0,0,0,0,0,0,0,0,0,0,0,0,0,0,0,0,0,0,0
6044,764,10,0,62512,33,"Brain Candy",0,0,0,0,0,0,0,0,0,0,0,0,0,0,0,0,0,0,0,0,0,0,0,0
6045,765,10,0,62512,33,"The Fertile Incandescent",0,0,0,0,0,0,0,0,0,0,0,0,0,0,0,0,0,0,0,0,0,0,0,0
6046,766,15,0,62512,33,"My Own Private Shell",0,0,0,0,0,0,0,0,0,0,0,0,0,0,0,0,0,0,0,0,0,0,0,0
6047,767,15,0,62512,33,"The Deepest Cut",0,0,0,0,0,0,0,0,0,0,0,0,0,0,0,0,0,0,0,0,0,0,0,0
6048,768,15,0,62512,33,"The Moral of the Coral",0,0,0,0,0,0,0,0,0,0,0,0,0,0,0,0,0,0,0,0,0,0,0,0
6049,769,15,0,62512,33,"Crab Life by the Horns",0,0,0,0,0,0,0,0,0,0,0,0,0,0,0,0,0,0,0,0,0,0,0,0
6050,770,20,0,62512,56,"Sounds Fishy to Me",0,0,0,0,0,0,0,0,0,0,0,0,0,0,0,0,0,0,0,0,0,0,0,0
6051,771,20,0,62512,56,"The Long and the Shortcrust",0,0,0,0,0,0,0,0,0,0,0,0,0,0,0,0,0,0,0,0,0,0,0,0
6052,772,20,0,62512,56,"Food Chain Reaction",0,0,0,0,0,0,0,0,0,0,0,0,0,0,0,0,0,0,0,0,0,0,0,0
6053,773,20,0,62512,56,"Blind Ambition",0,0,0,0,0,0,0,0,0,0,0,0,0,0,0,0,0,0,0,0,0,0,0,0
6054,774,25,0,62512,56,"A Shocking Soirée",0,0,0,0,0,0,0,0,0,0,0,0,0,0,0,0,0,0,0,0,0,0,0,0
6055,775,25,0,62512,56,"A Watery Web of Lies",0,0,0,0,0,0,0,0,0,0,0,0,0,0,0,0,0,0,0,0,0,0,0,0
6056,776,25,0,62512,56,"Fishing 101",0,0,0,0,0,0,0,0,0,0,0,0,0,0,0,0,0,0,0,0,0,0,0,0
6057,777,25,0,62512,56,"The Truth Will Set You Free",0,0,0,0,0,0,0,0,0,0,0,0,0,0,0,0,0,0,0,0,0,0,0,0
6058,778,30,0,62512,32,"A Recipe for Disaster",0,0,0,0,0,0,0,0,0,0,0,0,0,0,0,0,0,0,0,0,0,0,0,0
6059,779,30,0,62512,32,"Just Call Me Late for Dinner",0,0,0,0,0,0,0,0,0,0,0,0,0,0,0,0,0,0,0,0,0,0,0,0
6060,780,30,0,62512,32,"Kitchen Nightmares No More",0,0,0,0,0,0,0,0,0,0,0,0,0,0,0,0,0,0,0,0,0,0,0,0
6061,781,30,0,62512,32,"The Blue Period",0,0,0,0,0,0,0,0,0,0,0,0,0,0,0,0,0,0,0,0,0,0,0,0
6062,782,35,0,62512,63,"The Perks of Politics",0,0,0,0,0,0,0,0,0,0,0,0,0,0,0,0,0,0,0,0,0,0,0,0
6063,783,35,0,62512,63,"Hands off Our Fish",0,0,0,0,0,0,0,0,0,0,0,0,0,0,0,0,0,0,0,0,0,0,0,0
6064,784,35,0,62512,63,"Fry Me a River",0,0,0,0,0,0,0,0,0,0,0,0,0,0,0,0,0,0,0,0,0,0,0,0
6065,785,35,0,62512,63,"Gathering Light",0,0,0,0,0,0,0,0,0,0,0,0,0,0,0,0,0,0,0,0,0,0,0,0
6066,786,40,0,62512,63,"Empire Builder",0,0,0,0,0,0,0,0,0,0,0,0,0,0,0,0,0,0,0,0,0,0,0,0
6067,787,40,0,62512,63,"Laird of the Lakes",0,0,0,0,0,0,0,0,0,0,0,0,0,0,0,0,0,0,0,0,0,0,0,0
6068,788,40,0,62512,63,"Make a Fish",0,0,0,0,0,0,0,0,0,0,0,0,0,0,0,0,0,0,0,0,0,0,0,0
6069,789,40,0,62512,63,"Rationally Speaking",0,0,0,0,0,0,0,0,0,0,0,0,0,0,0,0,0,0,0,0,0,0,0,0
6070,790,45,0,62512,67,"Putting the Zap on Nature",0,0,0,0,0,0,0,0,0,0,0,0,0,0,0,0,0,0,0,0,0,0,0,0
6071,791,45,0,62512,67,"Awash in Evidence",0,0,0,0,0,0,0,0,0,0,0,0,0,0,0,0,0,0,0,0,0,0,0,0
6072,792,45,0,62512,67,"Snail Fail",0,0,0,0,0,0,0,0,0,0,0,0,0,0,0,0,0,0,0,0,0,0,0,0
6073,793,45,0,62512,67,"Sleeper Creeper",0,0,0,0,0,0,0,0,0,0,0,0,0,0,0,0,0,0,0,0,0,0,0,0
6074,1208,50,0,62512,62,"Please Halone, Tell Me I'm Still Asleep",0,0,0,0,0,0,0,0,0,0,0,0,0,0,0,0,0,0,0,0,0,0,0,0
6075,1209,50,0,62512,62,"The Voice of the Fury",0,0,0,0,0,0,0,0,0,0,0,0,0,0,0,0,0,0,0,0,0,0,0,0
6076,1210,50,0,62512,62,"Dine or Spine",0,0,0,0,0,0,0,0,0,0,0,0,0,0,0,0,0,0,0,0,0,0,0,0
6077,1211,50,0,62512,62,"Snipped for Spirituality (L)",0,0,0,0,0,0,0,0,0,0,0,0,0,0,0,0,0,0,0,0,0,0,0,0
6078,1212,50,0,62512,62,"A Whole Lot of Nope (L)",0,0,0,0,0,0,0,0,0,0,0,0,0,0,0,0,0,0,0,0,0,0,0,0
6079,1213,50,0,62512,62,"Lurchin' from Urchins (L)",0,0,0,0,0,0,0,0,0,0,0,0,0,0,0,0,0,0,0,0,0,0,0,0
6080,1214,52,0,62512,62,"Loose Lips Heal (Broken) Hips",0,0,0,0,0,0,0,0,0,0,0,0,0,0,0,0,0,0,0,0,0,0,0,0
6081,1215,52,0,62512,62,"Fish Oils and Forgotten Spoils",0,0,0,0,0,0,0,0,0,0,0,0,0,0,0,0,0,0,0,0,0,0,0,0
6082,1216,52,0,62512,62,"Bounty of Sky, Bounty of Earth",0,0,0,0,0,0,0,0,0,0,0,0,0,0,0,0,0,0,0,0,0,0,0,0
6083,1217,52,0,62512,62,"Prayer and Prejudice (L)",0,0,0,0,0,0,0,0,0,0,0,0,0,0,0,0,0,0,0,0,0,0,0,0
6084,1218,52,0,62512,62,"Valuing the Vintage (L)",0,0,0,0,0,0,0,0,0,0,0,0,0,0,0,0,0,0,0,0,0,0,0,0
6085,1219,52,0,62512,62,"Eating Like the Natives (L)",0,0,0,0,0,0,0,0,0,0,0,0,0,0,0,0,0,0,0,0,0,0,0,0
6086,1220,54,0,62512,62,"Analysis of Paralysis",0,0,0,0,0,0,0,0,0,0,0,0,0,0,0,0,0,0,0,0,0,0,0,0
6087,1221,54,0,62512,62,"The Aquariums of Ishgard",0,0,0,0,0,0,0,0,0,0,0,0,0,0,0,0,0,0,0,0,0,0,0,0
6088,1222,54,0,62512,62,"Bearing of the Blue",0,0,0,0,0,0,0,0,0,0,0,0,0,0,0,0,0,0,0,0,0,0,0,0
6089,1223,54,0,62512,62,"Send a Feeling to My Spine (L)",0,0,0,0,0,0,0,0,0,0,0,0,0,0,0,0,0,0,0,0,0,0,0,0
6090,1224,54,0,62512,62,"A Win-win Situation (L)",0,0,0,0,0,0,0,0,0,0,0,0,0,0,0,0,0,0,0,0,0,0,0,0
6091,1225,54,0,62512,62,"Blue of Sky and Sea (L)",0,0,0,0,0,0,0,0,0,0,0,0,0,0,0,0,0,0,0,0,0,0,0,0
6092,1226,56,0,62512,62,"Dining with Dravanians",0,0,0,0,0,0,0,0,0,0,0,0,0,0,0,0,0,0,0,0,0,0,0,0
6093,1227,56,0,62512,62,"Solo Out the Bolo",0,0,0,0,0,0,0,0,0,0,0,0,0,0,0,0,0,0,0,0,0,0,0,0
6094,1228,56,0,62512,62,"Pipira Pirouette",0,0,0,0,0,0,0,0,0,0,0,0,0,0,0,0,0,0,0,0,0,0,0,0
6095,1229,56,0,62512,62,"Hundred Fins for a Hundred Wings (L)",0,0,0,0,0,0,0,0,0,0,0,0,0,0,0,0,0,0,0,0,0,0,0,0
6096,1230,56,0,62512,62,"Sucking on Face (L)",0,0,0,0,0,0,0,0,0,0,0,0,0,0,0,0,0,0,0,0,0,0,0,0
6097,1231,56,0,62512,62,"Plus One or Two or Three (L)",0,0,0,0,0,0,0,0,0,0,0,0,0,0,0,0,0,0,0,0,0,0,0,0
6098,1232,58,0,62512,62,"Spew Forth and Spawn",0,0,0,0,0,0,0,0,0,0,0,0,0,0,0,0,0,0,0,0,0,0,0,0
6099,1233,58,0,62512,62,"They Call It the Kissing Disease",0,0,0,0,0,0,0,0,0,0,0,0,0,0,0,0,0,0,0,0,0,0,0,0
6100,1234,58,0,62512,62,"Warmer than Wine",0,0,0,0,0,0,0,0,0,0,0,0,0,0,0,0,0,0,0,0,0,0,0,0
6101,1235,58,0,62512,62,"Unleash the Hydro Cannons (L)",0,0,0,0,0,0,0,0,0,0,0,0,0,0,0,0,0,0,0,0,0,0,0,0
6102,1236,58,0,62512,62,"Angling for Ailments (L)",0,0,0,0,0,0,0,0,0,0,0,0,0,0,0,0,0,0,0,0,0,0,0,0
6103,1237,58,0,62512,62,"What Does Not Break Us, Devours Us (L)",0,0,0,0,0,0,0,0,0,0,0,0,0,0,0,0,0,0,0,0,0,0,0,0
6104,1388,60,0,62512,2404,"Slow Wash, Rapids Jumper",0,0,0,0,0,0,0,0,0,0,0,0,0,0,0,0,0,0,0,0,0,0,0,0
6105,1389,60,0,62512,2404,"If a Leaf Falls in the Water",0,0,0,0,0,0,0,0,0,0,0,0,0,0,0,0,0,0,0,0,0,0,0,0
6106,1390,60,0,62512,2404,"There Can Be Only One",0,0,0,0,0,0,0,0,0,0,0,0,0,0,0,0,0,0,0,0,0,0,0,0
6107,1391,62,0,62512,2404,"Lighter Wallets",0,0,0,0,0,0,0,0,0,0,0,0,0,0,0,0,0,0,0,0,0,0,0,0
6108,1392,62,0,62512,2404,"In a Pickle",0,0,0,0,0,0,0,0,0,0,0,0,0,0,0,0,0,0,0,0,0,0,0,0
6109,1393,62,0,62512,2404,"Perhaps Not-so-common",0,0,0,0,0,0,0,0,0,0,0,0,0,0,0,0,0,0,0,0,0,0,0,0
6110,1394,64,0,62512,2404,"Catfish Scheme",0,0,0,0,0,0,0,0,0,0,0,0,0,0,0,0,0,0,0,0,0,0,0,0
6111,1395,64,0,62512,2404,"Curtains for Pleco",0,0,0,0,0,0,0,0,0,0,0,0,0,0,0,0,0,0,0,0,0,0,0,0
6112,1396,64,0,62512,2404,"Marooned Minnow",0,0,0,0,0,0,0,0,0,0,0,0,0,0,0,0,0,0,0,0,0,0,0,0
6113,1397,66,0,62512,2404,"Peculiar De-light",0,0,0,0,0,0,0,0,0,0,0,0,0,0,0,0,0,0,0,0,0,0,0,0
6114,1398,66,0,62512,2404,"Step by Steppe",0,0,0,0,0,0,0,0,0,0,0,0,0,0,0,0,0,0,0,0,0,0,0,0
6115,1399,66,0,62512,2404,"Unbeliebubble",0,0,0,0,0,0,0,0,0,0,0,0,0,0,0,0,0,0,0,0,0,0,0,0
6116,1400,68,0,62512,2404,"Blood in the Water",0,0,0,0,0,0,0,0,0,0,0,0,0,0,0,0,0,0,0,0,0,0,0,0
6117,1401,68,0,62512,2404,"To the Teeth",0,0,0,0,0,0,0,0,0,0,0,0,0,0,0,0,0,0,0,0,0,0,0,0
6118,1402,68,0,62512,2404,"Pre-octopied",0,0,0,0,0,0,0,0,0,0,0,0,0,0,0,0,0,0,0,0,0,0,0,0
6119,1553,70,0,62512,2951,"Eco-Warrior of Light",0,0,0,0,0,0,0,0,0,0,0,0,0,0,0,0,0,0,0,0,0,0,0,0
6120,1554,70,0,62512,2951,"Needs More Egg",0,0,0,0,0,0,0,0,0,0,0,0,0,0,0,0,0,0,0,0,0,0,0,0
6121,1555,70,0,62512,2951,"The Source of the Problem",0,0,0,0,0,0,0,0,0,0,0,0,0,0,0,0,0,0,0,0,0,0,0,0
6122,1556,72,0,62512,2951,"Jelly Salad",0,0,0,0,0,0,0,0,0,0,0,0,0,0,0,0,0,0,0,0,0,0,0,0
6123,1557,72,0,62512,2951,"Full of Fish",0,0,0,0,0,0,0,0,0,0,0,0,0,0,0,0,0,0,0,0,0,0,0,0
6124,1558,72,0,62512,2951,"Aetherquake",0,0,0,0,0,0,0,0,0,0,0,0,0,0,0,0,0,0,0,0,0,0,0,0
6125,1559,74,0,62512,2951,"Faerie Fish",0,0,0,0,0,0,0,0,0,0,0,0,0,0,0,0,0,0,0,0,0,0,0,0
6126,1560,74,0,62512,2951,"The Bride Aquatic",0,0,0,0,0,0,0,0,0,0,0,0,0,0,0,0,0,0,0,0,0,0,0,0
6127,1561,74,0,62512,2951,"A Cherry-red Herring",0,0,0,0,0,0,0,0,0,0,0,0,0,0,0,0,0,0,0,0,0,0,0,0
6128,1562,76,0,62512,2951,"Crab Corps",0,0,0,0,0,0,0,0,0,0,0,0,0,0,0,0,0,0,0,0,0,0,0,0
6129,1563,76,0,62512,2951,"Magic Mushrooms",0,0,0,0,0,0,0,0,0,0,0,0,0,0,0,0,0,0,0,0,0,0,0,0
6130,1564,76,0,62512,2951,"Fish for Days",0,0,0,0,0,0,0,0,0,0,0,0,0,0,0,0,0,0,0,0,0,0,0,0
6131,1565,78,0,62512,2951,"Short-term Gains",0,0,0,0,0,0,0,0,0,0,0,0,0,0,0,0,0,0,0,0,0,0,0,0
6132,1566,78,0,62512,2951,"Deep-sea Diving",0,0,0,0,0,0,0,0,0,0,0,0,0,0,0,0,0,0,0,0,0,0,0,0
6133,1567,78,0,62512,2951,"A Feast for the Senses",0,0,0,0,0,0,0,0,0,0,0,0,0,0,0,0,0,0,0,0,0,0,0,0
6134,1678,80,0,62512,3706,"Fish for Thought",0,0,0,0,0,0,0,0,0,0,0,0,0,0,0,0,0,0,0,0,0,0,0,0
6135,1679,80,0,62512,3706,"Crabs for the Crabby",0,0,0,0,0,0,0,0,0,0,0,0,0,0,0,0,0,0,0,0,0,0,0,0
6136,1680,82,0,62512,3706,"Water Works",0,0,0,0,0,0,0,0,0,0,0,0,0,0,0,0,0,0,0,0,0,0,0,0
6137,1681,82,0,62512,3706,"Fishing for the Future",0,0,0,0,0,0,0,0,0,0,0,0,0,0,0,0,0,0,0,0,0,0,0,0
6138,1682,84,0,62512,3706,"Making Waves",0,0,0,0,0,0,0,0,0,0,0,0,0,0,0,0,0,0,0,0,0,0,0,0
6139,1683,84,0,62512,3706,"What Would You Do for a Pickle",0,0,0,0,0,0,0,0,0,0,0,0,0,0,0,0,0,0,0,0,0,0,0,0
6140,1684,86,0,62512,3706,"Fungi of the Firmament",0,0,0,0,0,0,0,0,0,0,0,0,0,0,0,0,0,0,0,0,0,0,0,0
6141,1685,86,0,62512,3706,"Simple as Salt",0,0,0,0,0,0,0,0,0,0,0,0,0,0,0,0,0,0,0,0,0,0,0,0
6142,1686,88,0,62512,3706,"Plumbing the Past",0,0,0,0,0,0,0,0,0,0,0,0,0,0,0,0,0,0,0,0,0,0,0,0
6143,1687,88,0,62512,3706,"What's in the Air",0,0,0,0,0,0,0,0,0,0,0,0,0,0,0,0,0,0,0,0,0,0,0,0
6144,1798,90,0,62512,4504,"Axing for Fish",0,0,0,0,0,0,0,0,0,0,0,0,0,0,0,0,0,0,0,0,0,0,0,0
6145,1799,90,0,62512,4504,"Full Moon Frogs",0,0,0,0,0,0,0,0,0,0,0,0,0,0,0,0,0,0,0,0,0,0,0,0
6146,1800,92,0,62512,4504,"Travel by Turtle",0,0,0,0,0,0,0,0,0,0,0,0,0,0,0,0,0,0,0,0,0,0,0,0
6147,1801,92,0,62512,4504,"Order for Odd Fish",0,0,0,0,0,0,0,0,0,0,0,0,0,0,0,0,0,0,0,0,0,0,0,0
6148,1802,94,0,62512,4504,"Perilous Peaks Poga",0,0,0,0,0,0,0,0,0,0,0,0,0,0,0,0,0,0,0,0,0,0,0,0
6149,1803,94,0,62512,4504,"Catch My Metaphor",0,0,0,0,0,0,0,0,0,0,0,0,0,0,0,0,0,0,0,0,0,0,0,0
6150,1804,96,0,62512,4504,"Starry-finned",0,0,0,0,0,0,0,0,0,0,0,0,0,0,0,0,0,0,0,0,0,0,0,0
6151,1805,96,0,62512,4504,"Eeling Cleanse",0,0,0,0,0,0,0,0,0,0,0,0,0,0,0,0,0,0,0,0,0,0,0,0
6152,1806,98,0,62512,4504,"Fish Tacos",0,0,0,0,0,0,0,0,0,0,0,0,0,0,0,0,0,0,0,0,0,0,0,0
6153,1807,98,0,62512,4504,"Hungry Hungry Whalaqee",0,0,0,0,0,0,0,0,0,0,0,0,0,0,0,0,0,0,0,0,0,0,0,0
6154,21,1,0,62502,39,"In with the New",0,0,0,0,0,0,0,0,0,0,0,0,0,0,0,0,0,0,0,0,0,0,0,0
6155,22,1,0,62502,39,"Touch and Heal",0,0,0,0,0,0,0,0,0,0,0,0,0,0,0,0,0,0,0,0,0,0,0,0
6156,23,1,0,62502,54,"A Clogful of Camaraderie",0,0,0,0,0,0,0,0,0,0,0,0,0,0,0,0,0,0,0,0,0,0,0,0
6157,24,1,0,62502,54,"Bowing Out",0,0,0,0,0,0,0,0,0,0,0,0,0,0,0,0,0,0,0,0,0,0,0,0
6158,25,1,0,62502,54,"Got Your Back",0,0,0,0,0,0,0,0,0,0,0,0,0,0,0,0,0,0,0,0,0,0,0,0
6159,26,1,0,62502,39,"Gridania's Got Talent",0,0,0,0,0,0,0,0,0,0,0,0,0,0,0,0,0,0,0,0,0,0,0,0
6160,27,5,0,62502,39,"Bows for the Boys",0,0,0,0,0,0,0,0,0,0,0,0,0,0,0,0,0,0,0,0,0,0,0,0
6161,28,5,0,62502,39,"Shields for the Serpents",0,0,0,0,0,0,0,0,0,0,0,0,0,0,0,0,0,0,0,0,0,0,0,0
6162,29,5,0,62502,54,"Spears and Sorcery",0,0,0,0,0,0,0,0,0,0,0,0,0,0,0,0,0,0,0,0,0,0,0,0
6163,30,5,0,62502,54,"Leaving without Leave",0,0,0,0,0,0,0,0,0,0,0,0,0,0,0,0,0,0,0,0,0,0,0,0
6164,31,5,0,62502,54,"A Sword in Hand",0,0,0,0,0,0,0,0,0,0,0,0,0,0,0,0,0,0,0,0,0,0,0,0
6165,32,5,0,62502,39,"Compulsory Conjury",0,0,0,0,0,0,0,0,0,0,0,0,0,0,0,0,0,0,0,0,0,0,0,0
6166,33,10,0,62502,39,"Citizens' Canes",0,0,0,0,0,0,0,0,0,0,0,0,0,0,0,0,0,0,0,0,0,0,0,0
6167,34,10,0,62502,39,"On the Move",0,0,0,0,0,0,0,0,0,0,0,0,0,0,0,0,0,0,0,0,0,0,0,0
6168,35,10,0,62502,54,"Raise the Roof",0,0,0,0,0,0,0,0,0,0,0,0,0,0,0,0,0,0,0,0,0,0,0,0
6169,36,10,0,62502,54,"Say It with Spears",0,0,0,0,0,0,0,0,0,0,0,0,0,0,0,0,0,0,0,0,0,0,0,0
6170,37,10,0,62502,54,"Life's a Stitch",0,0,0,0,0,0,0,0,0,0,0,0,0,0,0,0,0,0,0,0,0,0,0,0
6171,38,10,0,62502,39,"Shielding Sales",0,0,0,0,0,0,0,0,0,0,0,0,0,0,0,0,0,0,0,0,0,0,0,0
6172,871,10,0,62502,39,"リーヴテスト21",0,0,0,0,0,0,0,0,0,0,0,0,0,0,0,0,0,0,0,0,0,0,0,0
6173,39,15,0,62502,39,"Re-crating the Scene",0,0,0,0,0,0,0,0,0,0,0,0,0,0,0,0,0,0,0,0,0,0,0,0
6174,40,15,0,62502,39,"Nightmare on My Street",0,0,0,0,0,0,0,0,0,0,0,0,0,0,0,0,0,0,0,0,0,0,0,0
6175,41,15,0,62502,55,"Driving Up the Wall",0,0,0,0,0,0,0,0,0,0,0,0,0,0,0,0,0,0,0,0,0,0,0,0
6176,42,15,0,62502,55,"Nothing to Hide",0,0,0,0,0,0,0,0,0,0,0,0,0,0,0,0,0,0,0,0,0,0,0,0
6177,43,15,0,62502,55,"What You Need",0,0,0,0,0,0,0,0,0,0,0,0,0,0,0,0,0,0,0,0,0,0,0,0
6178,44,15,0,62502,39,"Bowing to Necessity",0,0,0,0,0,0,0,0,0,0,0,0,0,0,0,0,0,0,0,0,0,0,0,0
6179,45,20,0,62502,39,"As the Worm Turns",0,0,0,0,0,0,0,0,0,0,0,0,0,0,0,0,0,0,0,0,0,0,0,0
6180,46,20,0,62502,39,"Behind the Mask",0,0,0,0,0,0,0,0,0,0,0,0,0,0,0,0,0,0,0,0,0,0,0,0
6181,47,20,0,62502,56,"Militia on My Mind",0,0,0,0,0,0,0,0,0,0,0,0,0,0,0,0,0,0,0,0,0,0,0,0
6182,48,20,0,62502,56,"Grinding It Out",0,0,0,0,0,0,0,0,0,0,0,0,0,0,0,0,0,0,0,0,0,0,0,0
6183,49,20,0,62502,56,"Polearms Aplenty",0,0,0,0,0,0,0,0,0,0,0,0,0,0,0,0,0,0,0,0,0,0,0,0
6184,50,20,0,62502,56,"Wall Not Found",0,0,0,0,0,0,0,0,0,0,0,0,0,0,0,0,0,0,0,0,0,0,0,0
6185,51,25,0,62502,39,"Daddy's Little Girl",0,0,0,0,0,0,0,0,0,0,0,0,0,0,0,0,0,0,0,0,0,0,0,0
6186,52,25,0,62502,56,"Tools for the Tools",0,0,0,0,0,0,0,0,0,0,0,0,0,0,0,0,0,0,0,0,0,0,0,0
6187,53,25,0,62502,39,"Armoires of the Rich and Famous",0,0,0,0,0,0,0,0,0,0,0,0,0,0,0,0,0,0,0,0,0,0,0,0
6188,54,25,0,62502,56,"Storm of Swords",0,0,0,0,0,0,0,0,0,0,0,0,0,0,0,0,0,0,0,0,0,0,0,0
6189,55,25,0,62502,56,"Toys of Summer",0,0,0,0,0,0,0,0,0,0,0,0,0,0,0,0,0,0,0,0,0,0,0,0
6190,56,25,0,62502,56,"Heal Away",0,0,0,0,0,0,0,0,0,0,0,0,0,0,0,0,0,0,0,0,0,0,0,0
6191,57,30,0,62502,32,"Knock on Wood",0,0,0,0,0,0,0,0,0,0,0,0,0,0,0,0,0,0,0,0,0,0,0,0
6192,58,30,0,62502,39,"An Expected Tourney",0,0,0,0,0,0,0,0,0,0,0,0,0,0,0,0,0,0,0,0,0,0,0,0
6193,59,30,0,62502,39,"Ceremonial Spears",0,0,0,0,0,0,0,0,0,0,0,0,0,0,0,0,0,0,0,0,0,0,0,0
6194,60,30,0,62502,32,"The Lone Bowman",0,0,0,0,0,0,0,0,0,0,0,0,0,0,0,0,0,0,0,0,0,0,0,0
6195,61,30,0,62502,32,"Live Freelance or Die",0,0,0,0,0,0,0,0,0,0,0,0,0,0,0,0,0,0,0,0,0,0,0,0
6196,62,30,0,62502,32,"The Long Lance of the Law",0,0,0,0,0,0,0,0,0,0,0,0,0,0,0,0,0,0,0,0,0,0,0,0
6197,63,35,0,62502,63,"Stay on Target",0,0,0,0,0,0,0,0,0,0,0,0,0,0,0,0,0,0,0,0,0,0,0,0
6198,64,35,0,62502,39,"A Tree Grew in Gridania",0,0,0,0,0,0,0,0,0,0,0,0,0,0,0,0,0,0,0,0,0,0,0,0
6199,65,35,0,62502,39,"Flintstone Fight",0,0,0,0,0,0,0,0,0,0,0,0,0,0,0,0,0,0,0,0,0,0,0,0
6200,66,35,0,62502,63,"Grippy When Wet",0,0,0,0,0,0,0,0,0,0,0,0,0,0,0,0,0,0,0,0,0,0,0,0
6201,67,35,0,62502,63,"The Cold, Cold Ground",0,0,0,0,0,0,0,0,0,0,0,0,0,0,0,0,0,0,0,0,0,0,0,0
6202,68,35,0,62502,63,"Bend It Like Durendaire",0,0,0,0,0,0,0,0,0,0,0,0,0,0,0,0,0,0,0,0,0,0,0,0
6203,69,40,0,62502,63,"The Arsenal of Theocracy",0,0,0,0,0,0,0,0,0,0,0,0,0,0,0,0,0,0,0,0,0,0,0,0
6204,70,40,0,62502,39,"Greenstone for Greenhorns",0,0,0,0,0,0,0,0,0,0,0,0,0,0,0,0,0,0,0,0,0,0,0,0
6205,71,40,0,62502,39,"Spin It Like You Mean It",0,0,0,0,0,0,0,0,0,0,0,0,0,0,0,0,0,0,0,0,0,0,0,0
6206,72,40,0,62502,63,"A Winning Combo",0,0,0,0,0,0,0,0,0,0,0,0,0,0,0,0,0,0,0,0,0,0,0,0
6207,73,40,0,62502,63,"The Turning Point",0,0,0,0,0,0,0,0,0,0,0,0,0,0,0,0,0,0,0,0,0,0,0,0
6208,74,40,0,62502,63,"Ready for a Rematch",0,0,0,0,0,0,0,0,0,0,0,0,0,0,0,0,0,0,0,0,0,0,0,0
6209,75,45,0,62502,67,"Trident and Error",0,0,0,0,0,0,0,0,0,0,0,0,0,0,0,0,0,0,0,0,0,0,0,0
6210,76,45,0,62502,39,"Clogs of War",0,0,0,0,0,0,0,0,0,0,0,0,0,0,0,0,0,0,0,0,0,0,0,0
6211,77,45,0,62502,39,"You Do the Heavy Lifting",0,0,0,0,0,0,0,0,0,0,0,0,0,0,0,0,0,0,0,0,0,0,0,0
6212,78,45,0,62502,67,"Bow Down to Magic",0,0,0,0,0,0,0,0,0,0,0,0,0,0,0,0,0,0,0,0,0,0,0,0
6213,79,45,0,62502,67,"Bowing to Greater Power",0,0,0,0,0,0,0,0,0,0,0,0,0,0,0,0,0,0,0,0,0,0,0,0
6214,80,45,0,62502,67,"Incant Now, Think Later",0,0,0,0,0,0,0,0,0,0,0,0,0,0,0,0,0,0,0,0,0,0,0,0
6215,908,50,0,62502,62,"Splinter in the Sewers",0,0,0,0,0,0,0,0,0,0,0,0,0,0,0,0,0,0,0,0,0,0,0,0
6216,909,50,0,62502,62,"So You Think You Can Lance?",0,0,0,0,0,0,0,0,0,0,0,0,0,0,0,0,0,0,0,0,0,0,0,0
6217,910,50,0,62502,62,"Almost as Fun as Slingshotting Birds",0,0,0,0,0,0,0,0,0,0,0,0,0,0,0,0,0,0,0,0,0,0,0,0
6218,911,50,0,62502,62,"The Lumber of Their Discontent (L)",0,0,0,0,0,0,0,0,0,0,0,0,0,0,0,0,0,0,0,0,0,0,0,0
6219,912,50,0,62502,62,"Sticks and Stones (L)",0,0,0,0,0,0,0,0,0,0,0,0,0,0,0,0,0,0,0,0,0,0,0,0
6220,913,50,0,62502,62,"Living Bow to Mouth (L)",0,0,0,0,0,0,0,0,0,0,0,0,0,0,0,0,0,0,0,0,0,0,0,0
6221,914,52,0,62502,62,"Do You Even String Bow",0,0,0,0,0,0,0,0,0,0,0,0,0,0,0,0,0,0,0,0,0,0,0,0
6222,915,52,0,62502,62,"Landing the Big One",0,0,0,0,0,0,0,0,0,0,0,0,0,0,0,0,0,0,0,0,0,0,0,0
6223,916,52,0,62502,62,"A Reward Fitting of the Faithful",0,0,0,0,0,0,0,0,0,0,0,0,0,0,0,0,0,0,0,0,0,0,0,0
6224,917,52,0,62502,62,"Win One Bow, Get Three Free (L)",0,0,0,0,0,0,0,0,0,0,0,0,0,0,0,0,0,0,0,0,0,0,0,0
6225,918,52,0,62502,62,"Fishing for Profits (L)",0,0,0,0,0,0,0,0,0,0,0,0,0,0,0,0,0,0,0,0,0,0,0,0
6226,919,52,0,62502,62,"Just Rewards for Just Devotion (L)",0,0,0,0,0,0,0,0,0,0,0,0,0,0,0,0,0,0,0,0,0,0,0,0
6227,920,54,0,62502,62,"License to Heal",0,0,0,0,0,0,0,0,0,0,0,0,0,0,0,0,0,0,0,0,0,0,0,0
6228,921,54,0,62502,62,"The Darkest Hearth",0,0,0,0,0,0,0,0,0,0,0,0,0,0,0,0,0,0,0,0,0,0,0,0
6229,922,54,0,62502,62,"Walking on Pins and Needles",0,0,0,0,0,0,0,0,0,0,0,0,0,0,0,0,0,0,0,0,0,0,0,0
6230,923,54,0,62502,62,"Purified Polyrhythm (L)",0,0,0,0,0,0,0,0,0,0,0,0,0,0,0,0,0,0,0,0,0,0,0,0
6231,924,54,0,62502,62,"Fruit of the Loom (L)",0,0,0,0,0,0,0,0,0,0,0,0,0,0,0,0,0,0,0,0,0,0,0,0
6232,925,54,0,62502,62,"Like Lemon on a Lumbercut (L)",0,0,0,0,0,0,0,0,0,0,0,0,0,0,0,0,0,0,0,0,0,0,0,0
6233,926,56,0,62502,62,"The Long Armillae of the Law",0,0,0,0,0,0,0,0,0,0,0,0,0,0,0,0,0,0,0,0,0,0,0,0
6234,927,56,0,62502,62,"Don't Ask Wyvern",0,0,0,0,0,0,0,0,0,0,0,0,0,0,0,0,0,0,0,0,0,0,0,0
6235,928,56,0,62502,62,"Aim to Please",0,0,0,0,0,0,0,0,0,0,0,0,0,0,0,0,0,0,0,0,0,0,0,0
6236,929,56,0,62502,62,"Wooden Ambitions (L)",0,0,0,0,0,0,0,0,0,0,0,0,0,0,0,0,0,0,0,0,0,0,0,0
6237,930,56,0,62502,62,"A Sky Pirate's Life for Me (L)",0,0,0,0,0,0,0,0,0,0,0,0,0,0,0,0,0,0,0,0,0,0,0,0
6238,931,56,0,62502,62,"To Protect My City, I Must Wear a Mask (L)",0,0,0,0,0,0,0,0,0,0,0,0,0,0,0,0,0,0,0,0,0,0,0,0
6239,932,58,0,62502,62,"Birch, Please",0,0,0,0,0,0,0,0,0,0,0,0,0,0,0,0,0,0,0,0,0,0,0,0
6240,933,58,0,62502,62,"Anatomy of a Drill Bit",0,0,0,0,0,0,0,0,0,0,0,0,0,0,0,0,0,0,0,0,0,0,0,0
6241,934,58,0,62502,62,"Hold on Adamantite",0,0,0,0,0,0,0,0,0,0,0,0,0,0,0,0,0,0,0,0,0,0,0,0
6242,935,58,0,62502,62,"Built This City on Blocks and Soul (L)",0,0,0,0,0,0,0,0,0,0,0,0,0,0,0,0,0,0,0,0,0,0,0,0
6243,936,58,0,62502,62,"Pulling Them to the Grind (L)",0,0,0,0,0,0,0,0,0,0,0,0,0,0,0,0,0,0,0,0,0,0,0,0
6244,937,58,0,62502,62,"Spears for Stone Vigilantes (L)",0,0,0,0,0,0,0,0,0,0,0,0,0,0,0,0,0,0,0,0,0,0,0,0
6245,1238,60,0,62502,2404,"Walk the Walk",0,0,0,0,0,0,0,0,0,0,0,0,0,0,0,0,0,0,0,0,0,0,0,0
6246,1239,60,0,62502,2404,"Reeling for Rods",0,0,0,0,0,0,0,0,0,0,0,0,0,0,0,0,0,0,0,0,0,0,0,0
6247,1240,60,0,62502,2404,"Beech, Please",0,0,0,0,0,0,0,0,0,0,0,0,0,0,0,0,0,0,0,0,0,0,0,0
6248,1241,62,0,62502,2404,"Standing on Ceremony",0,0,0,0,0,0,0,0,0,0,0,0,0,0,0,0,0,0,0,0,0,0,0,0
6249,1242,62,0,62502,2404,"Composition",0,0,0,0,0,0,0,0,0,0,0,0,0,0,0,0,0,0,0,0,0,0,0,0
6250,1243,62,0,62502,2404,"Wood That You Could",0,0,0,0,0,0,0,0,0,0,0,0,0,0,0,0,0,0,0,0,0,0,0,0
6251,1244,64,0,62502,2404,"Pinewheel",0,0,0,0,0,0,0,0,0,0,0,0,0,0,0,0,0,0,0,0,0,0,0,0
6252,1245,64,0,62502,2404,"O Pine",0,0,0,0,0,0,0,0,0,0,0,0,0,0,0,0,0,0,0,0,0,0,0,0
6253,1246,64,0,62502,2404,"Run Before They Walk",0,0,0,0,0,0,0,0,0,0,0,0,0,0,0,0,0,0,0,0,0,0,0,0
6254,1247,66,0,62502,2404,"Everybody's Heard about the 'Berd",0,0,0,0,0,0,0,0,0,0,0,0,0,0,0,0,0,0,0,0,0,0,0,0
6255,1248,66,0,62502,2404,"The Ear Is the Way to the Heart",0,0,0,0,0,0,0,0,0,0,0,0,0,0,0,0,0,0,0,0,0,0,0,0
6256,1249,66,0,62502,2404,"Spare a Rod and Spoil the Fishers",0,0,0,0,0,0,0,0,0,0,0,0,0,0,0,0,0,0,0,0,0,0,0,0
6257,1250,68,0,62502,2404,"Putting Your Line on the Neck",0,0,0,0,0,0,0,0,0,0,0,0,0,0,0,0,0,0,0,0,0,0,0,0
6258,1251,68,0,62502,2404,"Zelkova, My Love",0,0,0,0,0,0,0,0,0,0,0,0,0,0,0,0,0,0,0,0,0,0,0,0
6259,1252,68,0,62502,2404,"With a Bow on Top",0,0,0,0,0,0,0,0,0,0,0,0,0,0,0,0,0,0,0,0,0,0,0,0
6260,1403,70,0,62502,2951,"Built to Last",0,0,0,0,0,0,0,0,0,0,0,0,0,0,0,0,0,0,0,0,0,0,0,0
6261,1404,70,0,62502,2951,"Just Starting Out",0,0,0,0,0,0,0,0,0,0,0,0,0,0,0,0,0,0,0,0,0,0,0,0
6262,1405,70,0,62502,2951,"Playing the Market",0,0,0,0,0,0,0,0,0,0,0,0,0,0,0,0,0,0,0,0,0,0,0,0
6263,1406,72,0,62502,2951,"A Stronger Offense",0,0,0,0,0,0,0,0,0,0,0,0,0,0,0,0,0,0,0,0,0,0,0,0
6264,1407,72,0,62502,2951,"Taking Aim",0,0,0,0,0,0,0,0,0,0,0,0,0,0,0,0,0,0,0,0,0,0,0,0
6265,1408,72,0,62502,2951,"Understaffed",0,0,0,0,0,0,0,0,0,0,0,0,0,0,0,0,0,0,0,0,0,0,0,0
6266,1409,74,0,62502,2951,"Patient Patients",0,0,0,0,0,0,0,0,0,0,0,0,0,0,0,0,0,0,0,0,0,0,0,0
6267,1410,74,0,62502,2951,"Ground to a Halt",0,0,0,0,0,0,0,0,0,0,0,0,0,0,0,0,0,0,0,0,0,0,0,0
6268,1411,74,0,62502,2951,"Horde of the Rings",0,0,0,0,0,0,0,0,0,0,0,0,0,0,0,0,0,0,0,0,0,0,0,0
6269,1412,76,0,62502,2951,"The Right Tool for the Job",0,0,0,0,0,0,0,0,0,0,0,0,0,0,0,0,0,0,0,0,0,0,0,0
6270,1413,76,0,62502,2951,"Sleep on It",0,0,0,0,0,0,0,0,0,0,0,0,0,0,0,0,0,0,0,0,0,0,0,0
6271,1414,76,0,62502,2951,"A Miss and a Hit",0,0,0,0,0,0,0,0,0,0,0,0,0,0,0,0,0,0,0,0,0,0,0,0
6272,1415,78,0,62502,2951,"Off to a Good Staff",0,0,0,0,0,0,0,0,0,0,0,0,0,0,0,0,0,0,0,0,0,0,0,0
6273,1416,78,0,62502,2951,"Kindling the Flame",0,0,0,0,0,0,0,0,0,0,0,0,0,0,0,0,0,0,0,0,0,0,0,0
6274,1417,78,0,62502,2951,"Safety First",0,0,0,0,0,0,0,0,0,0,0,0,0,0,0,0,0,0,0,0,0,0,0,0
6275,1568,80,0,62502,3706,"Timber of Tenkonto",0,0,0,0,0,0,0,0,0,0,0,0,0,0,0,0,0,0,0,0,0,0,0,0
6276,1569,80,0,62502,3706,"A Real Grind",0,0,0,0,0,0,0,0,0,0,0,0,0,0,0,0,0,0,0,0,0,0,0,0
6277,1570,82,0,62502,3706,"Earring Awakening",0,0,0,0,0,0,0,0,0,0,0,0,0,0,0,0,0,0,0,0,0,0,0,0
6278,1571,82,0,62502,3706,"A Wristy Experiment",0,0,0,0,0,0,0,0,0,0,0,0,0,0,0,0,0,0,0,0,0,0,0,0
6279,1572,84,0,62502,3706,"A Better Conductor",0,0,0,0,0,0,0,0,0,0,0,0,0,0,0,0,0,0,0,0,0,0,0,0
6280,1573,84,0,62502,3706,"In Rod We Trust",0,0,0,0,0,0,0,0,0,0,0,0,0,0,0,0,0,0,0,0,0,0,0,0
6281,1574,86,0,62502,3706,"An A-prop-riate Request",0,0,0,0,0,0,0,0,0,0,0,0,0,0,0,0,0,0,0,0,0,0,0,0
6282,1575,86,0,62502,3706,"Spinning the Time Away",0,0,0,0,0,0,0,0,0,0,0,0,0,0,0,0,0,0,0,0,0,0,0,0
6283,1576,88,0,62502,3706,"Annals of the Empire II",0,0,0,0,0,0,0,0,0,0,0,0,0,0,0,0,0,0,0,0,0,0,0,0
6284,1577,88,0,62502,3706,"An Integral Reward",0,0,0,0,0,0,0,0,0,0,0,0,0,0,0,0,0,0,0,0,0,0,0,0
6285,1688,90,0,62502,4504,"Hull Lotta Damage",0,0,0,0,0,0,0,0,0,0,0,0,0,0,0,0,0,0,0,0,0,0,0,0
6286,1689,90,0,62502,4504,"Yimepi's Country Charms",0,0,0,0,0,0,0,0,0,0,0,0,0,0,0,0,0,0,0,0,0,0,0,0
6287,1690,92,0,62502,4504,"Wood You Be Quiet",0,0,0,0,0,0,0,0,0,0,0,0,0,0,0,0,0,0,0,0,0,0,0,0
6288,1691,92,0,62502,4504,"The Wing's Wings",0,0,0,0,0,0,0,0,0,0,0,0,0,0,0,0,0,0,0,0,0,0,0,0
6289,1692,94,0,62502,4504,"Turali Quality",0,0,0,0,0,0,0,0,0,0,0,0,0,0,0,0,0,0,0,0,0,0,0,0
6290,1693,94,0,62502,4504,"Lament of the Lazylump",0,0,0,0,0,0,0,0,0,0,0,0,0,0,0,0,0,0,0,0,0,0,0,0
6291,1694,96,0,62502,4504,"Bow Out",0,0,0,0,0,0,0,0,0,0,0,0,0,0,0,0,0,0,0,0,0,0,0,0
6292,1695,96,0,62502,4504,"Weaving a Path",0,0,0,0,0,0,0,0,0,0,0,0,0,0,0,0,0,0,0,0,0,0,0,0
6293,1696,98,0,62502,4504,"Spear Pressure",0,0,0,0,0,0,0,0,0,0,0,0,0,0,0,0,0,0,0,0,0,0,0,0
6294,1697,98,0,62502,4504,"No Greater Treasure",0,0,0,0,0,0,0,0,0,0,0,0,0,0,0,0,0,0,0,0,0,0,0,0
6295,141,1,0,62503,27,"Proly Hatchet",0,0,0,0,0,0,0,0,0,0,0,0,0,0,0,0,0,0,0,0,0,0,0,0
6296,142,1,0,62503,27,"Hells Bells",0,0,0,0,0,0,0,0,0,0,0,0,0,0,0,0,0,0,0,0,0,0,0,0
6297,143,1,0,62503,31,"Mending Fences",0,0,0,0,0,0,0,0,0,0,0,0,0,0,0,0,0,0,0,0,0,0,0,0
6298,144,1,0,62503,31,"Axe Me Anything",0,0,0,0,0,0,0,0,0,0,0,0,0,0,0,0,0,0,0,0,0,0,0,0
6299,145,1,0,62503,31,"The Unkindest Cut",0,0,0,0,0,0,0,0,0,0,0,0,0,0,0,0,0,0,0,0,0,0,0,0
6300,146,1,0,62503,27,"Thank You for Your Business",0,0,0,0,0,0,0,0,0,0,0,0,0,0,0,0,0,0,0,0,0,0,0,0
6301,147,5,0,62503,27,"Stainless Chef",0,0,0,0,0,0,0,0,0,0,0,0,0,0,0,0,0,0,0,0,0,0,0,0
6302,148,5,0,62503,27,"I, Gladius",0,0,0,0,0,0,0,0,0,0,0,0,0,0,0,0,0,0,0,0,0,0,0,0
6303,149,5,0,62503,31,"Bring Me the Head Knife of Al'bedo Derssia",0,0,0,0,0,0,0,0,0,0,0,0,0,0,0,0,0,0,0,0,0,0,0,0
6304,150,5,0,62503,31,"Down on the Pharm",0,0,0,0,0,0,0,0,0,0,0,0,0,0,0,0,0,0,0,0,0,0,0,0
6305,151,5,0,62503,31,"A Hit Job",0,0,0,0,0,0,0,0,0,0,0,0,0,0,0,0,0,0,0,0,0,0,0,0
6306,152,5,0,62503,27,"As Above, Below",0,0,0,0,0,0,0,0,0,0,0,0,0,0,0,0,0,0,0,0,0,0,0,0
6307,153,10,0,62503,27,"Farriers of Fortune",0,0,0,0,0,0,0,0,0,0,0,0,0,0,0,0,0,0,0,0,0,0,0,0
6308,154,10,0,62503,27,"Anutha Spatha",0,0,0,0,0,0,0,0,0,0,0,0,0,0,0,0,0,0,0,0,0,0,0,0
6309,155,10,0,62503,33,"Port of Call: Ul'dah",0,0,0,0,0,0,0,0,0,0,0,0,0,0,0,0,0,0,0,0,0,0,0,0
6310,156,10,0,62503,33,"Peddle to the Metal",0,0,0,0,0,0,0,0,0,0,0,0,0,0,0,0,0,0,0,0,0,0,0,0
6311,157,10,0,62503,33,"I'm into Leather",0,0,0,0,0,0,0,0,0,0,0,0,0,0,0,0,0,0,0,0,0,0,0,0
6312,158,10,0,62503,27,"Twice as Slice",0,0,0,0,0,0,0,0,0,0,0,0,0,0,0,0,0,0,0,0,0,0,0,0
6313,159,15,0,62503,27,"Smelt and Dealt",0,0,0,0,0,0,0,0,0,0,0,0,0,0,0,0,0,0,0,0,0,0,0,0
6314,160,15,0,62503,27,"Awl or Nothing",0,0,0,0,0,0,0,0,0,0,0,0,0,0,0,0,0,0,0,0,0,0,0,0
6315,161,15,0,62503,33,"Riveting Run",0,0,0,0,0,0,0,0,0,0,0,0,0,0,0,0,0,0,0,0,0,0,0,0
6316,162,15,0,62503,33,"Get a Little Bit Closer",0,0,0,0,0,0,0,0,0,0,0,0,0,0,0,0,0,0,0,0,0,0,0,0
6317,163,15,0,62503,33,"Honest Ballast",0,0,0,0,0,0,0,0,0,0,0,0,0,0,0,0,0,0,0,0,0,0,0,0
6318,164,15,0,62503,27,"Tools of the Trade",0,0,0,0,0,0,0,0,0,0,0,0,0,0,0,0,0,0,0,0,0,0,0,0
6319,165,20,0,62503,27,"Unseamly Conditions",0,0,0,0,0,0,0,0,0,0,0,0,0,0,0,0,0,0,0,0,0,0,0,0
6320,166,20,0,62503,27,"Claw Daddy",0,0,0,0,0,0,0,0,0,0,0,0,0,0,0,0,0,0,0,0,0,0,0,0
6321,167,20,0,62503,56,"Hearth Maul",0,0,0,0,0,0,0,0,0,0,0,0,0,0,0,0,0,0,0,0,0,0,0,0
6322,168,20,0,62503,56,"Powderpost Derby",0,0,0,0,0,0,0,0,0,0,0,0,0,0,0,0,0,0,0,0,0,0,0,0
6323,169,20,0,62503,56,"The Devil's Workshop",0,0,0,0,0,0,0,0,0,0,0,0,0,0,0,0,0,0,0,0,0,0,0,0
6324,170,20,0,62503,56,"When Rhalgr Met Nophica",0,0,0,0,0,0,0,0,0,0,0,0,0,0,0,0,0,0,0,0,0,0,0,0
6325,171,25,0,62503,27,"Time to Upgrade",0,0,0,0,0,0,0,0,0,0,0,0,0,0,0,0,0,0,0,0,0,0,0,0
6326,172,25,0,62503,56,"Mors Dagger",0,0,0,0,0,0,0,0,0,0,0,0,0,0,0,0,0,0,0,0,0,0,0,0
6327,173,25,0,62503,27,"Cleaving the Glim",0,0,0,0,0,0,0,0,0,0,0,0,0,0,0,0,0,0,0,0,0,0,0,0
6328,174,25,0,62503,56,"Lancers' Creed",0,0,0,0,0,0,0,0,0,0,0,0,0,0,0,0,0,0,0,0,0,0,0,0
6329,175,25,0,62503,56,"I Saw What You Did There",0,0,0,0,0,0,0,0,0,0,0,0,0,0,0,0,0,0,0,0,0,0,0,0
6330,176,25,0,62503,56,"That's Some Fine Grinding",0,0,0,0,0,0,0,0,0,0,0,0,0,0,0,0,0,0,0,0,0,0,0,0
6331,177,30,0,62503,32,"The Naked Blade",0,0,0,0,0,0,0,0,0,0,0,0,0,0,0,0,0,0,0,0,0,0,0,0
6332,178,30,0,62503,27,"Out on a Limb",0,0,0,0,0,0,0,0,0,0,0,0,0,0,0,0,0,0,0,0,0,0,0,0
6333,179,30,0,62503,27,"Can You Spare a Dolabra",0,0,0,0,0,0,0,0,0,0,0,0,0,0,0,0,0,0,0,0,0,0,0,0
6334,180,30,0,62503,32,"A Spy in the House of Love",0,0,0,0,0,0,0,0,0,0,0,0,0,0,0,0,0,0,0,0,0,0,0,0
6335,181,30,0,62503,32,"Hard Knock Life",0,0,0,0,0,0,0,0,0,0,0,0,0,0,0,0,0,0,0,0,0,0,0,0
6336,182,30,0,62503,32,"Don't Fear the Reaper",0,0,0,0,0,0,0,0,0,0,0,0,0,0,0,0,0,0,0,0,0,0,0,0
6337,183,35,0,62503,63,"You Spin Me Round",0,0,0,0,0,0,0,0,0,0,0,0,0,0,0,0,0,0,0,0,0,0,0,0
6338,184,35,0,62503,27,"Awl about Who You Know",0,0,0,0,0,0,0,0,0,0,0,0,0,0,0,0,0,0,0,0,0,0,0,0
6339,185,35,0,62503,27,"Spice Cadet",0,0,0,0,0,0,0,0,0,0,0,0,0,0,0,0,0,0,0,0,0,0,0,0
6340,186,35,0,62503,63,"Lending a Hand",0,0,0,0,0,0,0,0,0,0,0,0,0,0,0,0,0,0,0,0,0,0,0,0
6341,187,35,0,62503,63,"Colder than Steel",0,0,0,0,0,0,0,0,0,0,0,0,0,0,0,0,0,0,0,0,0,0,0,0
6342,188,35,0,62503,63,"Seemed Like the Thing to Get",0,0,0,0,0,0,0,0,0,0,0,0,0,0,0,0,0,0,0,0,0,0,0,0
6343,189,40,0,62503,63,"A Weighty Question",0,0,0,0,0,0,0,0,0,0,0,0,0,0,0,0,0,0,0,0,0,0,0,0
6344,190,40,0,62503,27,"A Mixed Message",0,0,0,0,0,0,0,0,0,0,0,0,0,0,0,0,0,0,0,0,0,0,0,0
6345,191,40,0,62503,27,"File That under Whatever",0,0,0,0,0,0,0,0,0,0,0,0,0,0,0,0,0,0,0,0,0,0,0,0
6346,192,40,0,62503,63,"Kitchen Casualties",0,0,0,0,0,0,0,0,0,0,0,0,0,0,0,0,0,0,0,0,0,0,0,0
6347,193,40,0,62503,63,"Get Me to the War on Time",0,0,0,0,0,0,0,0,0,0,0,0,0,0,0,0,0,0,0,0,0,0,0,0
6348,194,40,0,62503,63,"Streamlining Operations",0,0,0,0,0,0,0,0,0,0,0,0,0,0,0,0,0,0,0,0,0,0,0,0
6349,195,45,0,62503,67,"I'd Rather Be Digging",0,0,0,0,0,0,0,0,0,0,0,0,0,0,0,0,0,0,0,0,0,0,0,0
6350,196,45,0,62503,27,"No Refunds, Only Exchanges",0,0,0,0,0,0,0,0,0,0,0,0,0,0,0,0,0,0,0,0,0,0,0,0
6351,197,45,0,62503,27,"You Stay on That Side",0,0,0,0,0,0,0,0,0,0,0,0,0,0,0,0,0,0,0,0,0,0,0,0
6352,198,45,0,62503,67,"Pop That Top",0,0,0,0,0,0,0,0,0,0,0,0,0,0,0,0,0,0,0,0,0,0,0,0
6353,199,45,0,62503,67,"Talon Terrors",0,0,0,0,0,0,0,0,0,0,0,0,0,0,0,0,0,0,0,0,0,0,0,0
6354,200,45,0,62503,67,"I Maul Right",0,0,0,0,0,0,0,0,0,0,0,0,0,0,0,0,0,0,0,0,0,0,0,0
6355,968,50,0,62503,62,"Barring the Gates to Foundation",0,0,0,0,0,0,0,0,0,0,0,0,0,0,0,0,0,0,0,0,0,0,0,0
6356,969,50,0,62503,62,"Punching Your Way to Success",0,0,0,0,0,0,0,0,0,0,0,0,0,0,0,0,0,0,0,0,0,0,0,0
6357,970,50,0,62503,62,"With Bearings Straight",0,0,0,0,0,0,0,0,0,0,0,0,0,0,0,0,0,0,0,0,0,0,0,0
6358,971,50,0,62503,62,"Starting Young (L)",0,0,0,0,0,0,0,0,0,0,0,0,0,0,0,0,0,0,0,0,0,0,0,0
6359,972,50,0,62503,62,"Foreign Exchange (L)",0,0,0,0,0,0,0,0,0,0,0,0,0,0,0,0,0,0,0,0,0,0,0,0
6360,973,50,0,62503,62,"Bearing the Brunt (L)",0,0,0,0,0,0,0,0,0,0,0,0,0,0,0,0,0,0,0,0,0,0,0,0
6361,974,52,0,62503,62,"It's All about Execution",0,0,0,0,0,0,0,0,0,0,0,0,0,0,0,0,0,0,0,0,0,0,0,0
6362,975,52,0,62503,62,"Freight and Barrel",0,0,0,0,0,0,0,0,0,0,0,0,0,0,0,0,0,0,0,0,0,0,0,0
6363,976,52,0,62503,62,"Cautionary Cutlery",0,0,0,0,0,0,0,0,0,0,0,0,0,0,0,0,0,0,0,0,0,0,0,0
6364,977,52,0,62503,62,"Too Big to Miss (L)",0,0,0,0,0,0,0,0,0,0,0,0,0,0,0,0,0,0,0,0,0,0,0,0
6365,978,52,0,62503,62,"Stepping on My Heart with Stilettos (L)",0,0,0,0,0,0,0,0,0,0,0,0,0,0,0,0,0,0,0,0,0,0,0,0
6366,979,52,0,62503,62,"Saw, Shank, and Redemption (L)",0,0,0,0,0,0,0,0,0,0,0,0,0,0,0,0,0,0,0,0,0,0,0,0
6367,980,54,0,62503,62,"I Could Feel That from Here",0,0,0,0,0,0,0,0,0,0,0,0,0,0,0,0,0,0,0,0,0,0,0,0
6368,981,54,0,62503,62,"I Saw the Pine",0,0,0,0,0,0,0,0,0,0,0,0,0,0,0,0,0,0,0,0,0,0,0,0
6369,982,54,0,62503,62,"Keep Up with the Mechanics",0,0,0,0,0,0,0,0,0,0,0,0,0,0,0,0,0,0,0,0,0,0,0,0
6370,983,54,0,62503,62,"Tensions in Creasing (L)",0,0,0,0,0,0,0,0,0,0,0,0,0,0,0,0,0,0,0,0,0,0,0,0
6371,984,54,0,62503,62,"I Came, I Sawed, I Conquered (L)",0,0,0,0,0,0,0,0,0,0,0,0,0,0,0,0,0,0,0,0,0,0,0,0
6372,985,54,0,62503,62,"Unconventional Weaponry (L)",0,0,0,0,0,0,0,0,0,0,0,0,0,0,0,0,0,0,0,0,0,0,0,0
6373,986,56,0,62503,62,"Unbreaker",0,0,0,0,0,0,0,0,0,0,0,0,0,0,0,0,0,0,0,0,0,0,0,0
6374,987,56,0,62503,62,"Diamond Sawdust",0,0,0,0,0,0,0,0,0,0,0,0,0,0,0,0,0,0,0,0,0,0,0,0
6375,988,56,0,62503,62,"Spirituality Inspector",0,0,0,0,0,0,0,0,0,0,0,0,0,0,0,0,0,0,0,0,0,0,0,0
6376,989,56,0,62503,62,"Attack on Titanium (L)",0,0,0,0,0,0,0,0,0,0,0,0,0,0,0,0,0,0,0,0,0,0,0,0
6377,990,56,0,62503,62,"I'm a Lumberjack and I'm Okay (L)",0,0,0,0,0,0,0,0,0,0,0,0,0,0,0,0,0,0,0,0,0,0,0,0
6378,991,56,0,62503,62,"The Clamor for Hammers (L)",0,0,0,0,0,0,0,0,0,0,0,0,0,0,0,0,0,0,0,0,0,0,0,0
6379,992,58,0,62503,62,"Through Thick and Thin",0,0,0,0,0,0,0,0,0,0,0,0,0,0,0,0,0,0,0,0,0,0,0,0
6380,993,58,0,62503,62,"Winter Weather Conditions",0,0,0,0,0,0,0,0,0,0,0,0,0,0,0,0,0,0,0,0,0,0,0,0
6381,994,58,0,62503,62,"Swords for Plowshares",0,0,0,0,0,0,0,0,0,0,0,0,0,0,0,0,0,0,0,0,0,0,0,0
6382,995,58,0,62503,62,"Piercing Eyes Deserve Piercing Shafts (L)",0,0,0,0,0,0,0,0,0,0,0,0,0,0,0,0,0,0,0,0,0,0,0,0
6383,996,58,0,62503,62,"The Nightsoil Is Dark and Full of Terrors (L)",0,0,0,0,0,0,0,0,0,0,0,0,0,0,0,0,0,0,0,0,0,0,0,0
6384,997,58,0,62503,62,"Negative, They Are Meat Popsicles (L)",0,0,0,0,0,0,0,0,0,0,0,0,0,0,0,0,0,0,0,0,0,0,0,0
6385,1268,60,0,62503,2404,"Have Blade, Will Travel",0,0,0,0,0,0,0,0,0,0,0,0,0,0,0,0,0,0,0,0,0,0,0,0
6386,1269,60,0,62503,2404,"A Knack for Nicking",0,0,0,0,0,0,0,0,0,0,0,0,0,0,0,0,0,0,0,0,0,0,0,0
6387,1270,60,0,62503,2404,"High Steal",0,0,0,0,0,0,0,0,0,0,0,0,0,0,0,0,0,0,0,0,0,0,0,0
6388,1271,62,0,62503,2404,"Crisscrossing",0,0,0,0,0,0,0,0,0,0,0,0,0,0,0,0,0,0,0,0,0,0,0,0
6389,1272,62,0,62503,2404,"Hammer Time",0,0,0,0,0,0,0,0,0,0,0,0,0,0,0,0,0,0,0,0,0,0,0,0
6390,1273,62,0,62503,2404,"File under Dull",0,0,0,0,0,0,0,0,0,0,0,0,0,0,0,0,0,0,0,0,0,0,0,0
6391,1274,64,0,62503,2404,"Killer Cutlery",0,0,0,0,0,0,0,0,0,0,0,0,0,0,0,0,0,0,0,0,0,0,0,0
6392,1275,64,0,62503,2404,"Meddle in Metal",0,0,0,0,0,0,0,0,0,0,0,0,0,0,0,0,0,0,0,0,0,0,0,0
6393,1276,64,0,62503,2404,"And My Axe",0,0,0,0,0,0,0,0,0,0,0,0,0,0,0,0,0,0,0,0,0,0,0,0
6394,1277,66,0,62503,2404,"Sea-saw",0,0,0,0,0,0,0,0,0,0,0,0,0,0,0,0,0,0,0,0,0,0,0,0
6395,1278,66,0,62503,2404,"Renting Mortality",0,0,0,0,0,0,0,0,0,0,0,0,0,0,0,0,0,0,0,0,0,0,0,0
6396,1279,66,0,62503,2404,"The Bigger the Blade",0,0,0,0,0,0,0,0,0,0,0,0,0,0,0,0,0,0,0,0,0,0,0,0
6397,1280,68,0,62503,2404,"Hammer and Sails",0,0,0,0,0,0,0,0,0,0,0,0,0,0,0,0,0,0,0,0,0,0,0,0
6398,1281,68,0,62503,2404,"Ingot to Wing It",0,0,0,0,0,0,0,0,0,0,0,0,0,0,0,0,0,0,0,0,0,0,0,0
6399,1282,68,0,62503,2404,"Fire for Hire",0,0,0,0,0,0,0,0,0,0,0,0,0,0,0,0,0,0,0,0,0,0,0,0
6400,1433,70,0,62503,2951,"The Gold Experience",0,0,0,0,0,0,0,0,0,0,0,0,0,0,0,0,0,0,0,0,0,0,0,0
6401,1434,70,0,62503,2951,"Fire Sale",0,0,0,0,0,0,0,0,0,0,0,0,0,0,0,0,0,0,0,0,0,0,0,0
6402,1435,70,0,62503,2951,"Here Comes the Hammer",0,0,0,0,0,0,0,0,0,0,0,0,0,0,0,0,0,0,0,0,0,0,0,0
6403,1436,72,0,62503,2951,"Selective Logging",0,0,0,0,0,0,0,0,0,0,0,0,0,0,0,0,0,0,0,0,0,0,0,0
6404,1437,72,0,62503,2951,"Heavy Hitter",0,0,0,0,0,0,0,0,0,0,0,0,0,0,0,0,0,0,0,0,0,0,0,0
6405,1438,72,0,62503,2951,"Enlistment Highs",0,0,0,0,0,0,0,0,0,0,0,0,0,0,0,0,0,0,0,0,0,0,0,0
6406,1439,74,0,62503,2951,"Instruments of Distraction",0,0,0,0,0,0,0,0,0,0,0,0,0,0,0,0,0,0,0,0,0,0,0,0
6407,1440,74,0,62503,2951,"Halfhearted Effort",0,0,0,0,0,0,0,0,0,0,0,0,0,0,0,0,0,0,0,0,0,0,0,0
6408,1441,74,0,62503,2951,"Nip It in the Bud",0,0,0,0,0,0,0,0,0,0,0,0,0,0,0,0,0,0,0,0,0,0,0,0
6409,1442,76,0,62503,2951,"Dodge Once, Cut Twice",0,0,0,0,0,0,0,0,0,0,0,0,0,0,0,0,0,0,0,0,0,0,0,0
6410,1443,76,0,62503,2951,"Idol Hands",0,0,0,0,0,0,0,0,0,0,0,0,0,0,0,0,0,0,0,0,0,0,0,0
6411,1444,76,0,62503,2951,"Cooking for the Future",0,0,0,0,0,0,0,0,0,0,0,0,0,0,0,0,0,0,0,0,0,0,0,0
6412,1445,78,0,62503,2951,"Bae Blade",0,0,0,0,0,0,0,0,0,0,0,0,0,0,0,0,0,0,0,0,0,0,0,0
6413,1446,78,0,62503,2951,"Under the Fool Moon",0,0,0,0,0,0,0,0,0,0,0,0,0,0,0,0,0,0,0,0,0,0,0,0
6414,1447,78,0,62503,2951,"Keeping Loyalty",0,0,0,0,0,0,0,0,0,0,0,0,0,0,0,0,0,0,0,0,0,0,0,0
6415,1578,80,0,62503,3706,"To Delight a Dancer",0,0,0,0,0,0,0,0,0,0,0,0,0,0,0,0,0,0,0,0,0,0,0,0
6416,1579,80,0,62503,3706,"Archon Denied",0,0,0,0,0,0,0,0,0,0,0,0,0,0,0,0,0,0,0,0,0,0,0,0
6417,1580,82,0,62503,3706,"History of the Hrothgar",0,0,0,0,0,0,0,0,0,0,0,0,0,0,0,0,0,0,0,0,0,0,0,0
6418,1581,82,0,62503,3706,"Archon of His Eye",0,0,0,0,0,0,0,0,0,0,0,0,0,0,0,0,0,0,0,0,0,0,0,0
6419,1582,84,0,62503,3706,"Records of the Republic",0,0,0,0,0,0,0,0,0,0,0,0,0,0,0,0,0,0,0,0,0,0,0,0
6420,1583,84,0,62503,3706,"In Pursuit of Panaloaf",0,0,0,0,0,0,0,0,0,0,0,0,0,0,0,0,0,0,0,0,0,0,0,0
6421,1584,86,0,62503,3706,"Mangalomania",0,0,0,0,0,0,0,0,0,0,0,0,0,0,0,0,0,0,0,0,0,0,0,0
6422,1585,86,0,62503,3706,"Pruned to Perfection",0,0,0,0,0,0,0,0,0,0,0,0,0,0,0,0,0,0,0,0,0,0,0,0
6423,1586,88,0,62503,3706,"Annals of the Empire I",0,0,0,0,0,0,0,0,0,0,0,0,0,0,0,0,0,0,0,0,0,0,0,0
6424,1587,88,0,62503,3706,"Plying with Precision",0,0,0,0,0,0,0,0,0,0,0,0,0,0,0,0,0,0,0,0,0,0,0,0
6425,1698,90,0,62503,4504,"Always Be Prepaired",0,0,0,0,0,0,0,0,0,0,0,0,0,0,0,0,0,0,0,0,0,0,0,0
6426,1699,90,0,62503,4504,"Paring Is Caring",0,0,0,0,0,0,0,0,0,0,0,0,0,0,0,0,0,0,0,0,0,0,0,0
6427,1700,92,0,62503,4504,"Ruthenium Supremium",0,0,0,0,0,0,0,0,0,0,0,0,0,0,0,0,0,0,0,0,0,0,0,0
6428,1701,92,0,62503,4504,"Axes to the Maxes",0,0,0,0,0,0,0,0,0,0,0,0,0,0,0,0,0,0,0,0,0,0,0,0
6429,1702,94,0,62503,4504,"Maintaining the Maintainers",0,0,0,0,0,0,0,0,0,0,0,0,0,0,0,0,0,0,0,0,0,0,0,0
6430,1703,94,0,62503,4504,"Dagger Swagger",0,0,0,0,0,0,0,0,0,0,0,0,0,0,0,0,0,0,0,0,0,0,0,0
6431,1704,96,0,62503,4504,"Bladewinner",0,0,0,0,0,0,0,0,0,0,0,0,0,0,0,0,0,0,0,0,0,0,0,0
6432,1705,96,0,62503,4504,"Maul Me",0,0,0,0,0,0,0,0,0,0,0,0,0,0,0,0,0,0,0,0,0,0,0,0
6433,1706,98,0,62503,4504,"Ceremonial Teeth",0,0,0,0,0,0,0,0,0,0,0,0,0,0,0,0,0,0,0,0,0,0,0,0
6434,1707,98,0,62503,4504,"Awl Dreams Come True",0,0,0,0,0,0,0,0,0,0,0,0,0,0,0,0,0,0,0,0,0,0,0,0
6435,201,1,0,62504,27,"Ain't Got No Ingots",0,0,0,0,0,0,0,0,0,0,0,0,0,0,0,0,0,0,0,0,0,0,0,0
6436,202,1,0,62504,27,"Skillet Labor",0,0,0,0,0,0,0,0,0,0,0,0,0,0,0,0,0,0,0,0,0,0,0,0
6437,203,1,0,62504,31,"Eyes Bigger than the Plate",0,0,0,0,0,0,0,0,0,0,0,0,0,0,0,0,0,0,0,0,0,0,0,0
6438,204,1,0,62504,31,"The Alloyed Truth",0,0,0,0,0,0,0,0,0,0,0,0,0,0,0,0,0,0,0,0,0,0,0,0
6439,205,1,0,62504,31,"Don't Hit Me One More Time",0,0,0,0,0,0,0,0,0,0,0,0,0,0,0,0,0,0,0,0,0,0,0,0
6440,206,1,0,62504,27,"Distill It Yourself",0,0,0,0,0,0,0,0,0,0,0,0,0,0,0,0,0,0,0,0,0,0,0,0
6441,207,5,0,62504,27,"You've Got Mail",0,0,0,0,0,0,0,0,0,0,0,0,0,0,0,0,0,0,0,0,0,0,0,0
6442,208,5,0,62504,27,"Headbangers' Thrall",0,0,0,0,0,0,0,0,0,0,0,0,0,0,0,0,0,0,0,0,0,0,0,0
6443,209,5,0,62504,31,"Bronzed and Burnt",0,0,0,0,0,0,0,0,0,0,0,0,0,0,0,0,0,0,0,0,0,0,0,0
6444,210,5,0,62504,31,"Rodents of Unusual Size",0,0,0,0,0,0,0,0,0,0,0,0,0,0,0,0,0,0,0,0,0,0,0,0
6445,211,5,0,62504,31,"Strait Ain't the Gate",0,0,0,0,0,0,0,0,0,0,0,0,0,0,0,0,0,0,0,0,0,0,0,0
6446,212,5,0,62504,27,"Get into Their Heads",0,0,0,0,0,0,0,0,0,0,0,0,0,0,0,0,0,0,0,0,0,0,0,0
6447,213,10,0,62504,27,"Waste Not, Want Not",0,0,0,0,0,0,0,0,0,0,0,0,0,0,0,0,0,0,0,0,0,0,0,0
6448,214,10,0,62504,27,"All Ovo That",0,0,0,0,0,0,0,0,0,0,0,0,0,0,0,0,0,0,0,0,0,0,0,0
6449,215,10,0,62504,33,"Greavous Losses",0,0,0,0,0,0,0,0,0,0,0,0,0,0,0,0,0,0,0,0,0,0,0,0
6450,216,10,0,62504,33,"Cook Intentions",0,0,0,0,0,0,0,0,0,0,0,0,0,0,0,0,0,0,0,0,0,0,0,0
6451,217,10,0,62504,33,"Still the Best",0,0,0,0,0,0,0,0,0,0,0,0,0,0,0,0,0,0,0,0,0,0,0,0
6452,218,10,0,62504,27,"Stadium Envy",0,0,0,0,0,0,0,0,0,0,0,0,0,0,0,0,0,0,0,0,0,0,0,0
6453,219,15,0,62504,27,"Cover Girl",0,0,0,0,0,0,0,0,0,0,0,0,0,0,0,0,0,0,0,0,0,0,0,0
6454,220,15,0,62504,27,"Fashion Weak",0,0,0,0,0,0,0,0,0,0,0,0,0,0,0,0,0,0,0,0,0,0,0,0
6455,221,15,0,62504,33,"Kiss the Pan (Good-bye)",0,0,0,0,0,0,0,0,0,0,0,0,0,0,0,0,0,0,0,0,0,0,0,0
6456,222,15,0,62504,33,"A Well-rounded Crew",0,0,0,0,0,0,0,0,0,0,0,0,0,0,0,0,0,0,0,0,0,0,0,0
6457,223,15,0,62504,33,"A Firm Hand",0,0,0,0,0,0,0,0,0,0,0,0,0,0,0,0,0,0,0,0,0,0,0,0
6458,224,15,0,62504,27,"Still Crazy After All These Years",0,0,0,0,0,0,0,0,0,0,0,0,0,0,0,0,0,0,0,0,0,0,0,0
6459,225,20,0,62504,27,"Night Squawker",0,0,0,0,0,0,0,0,0,0,0,0,0,0,0,0,0,0,0,0,0,0,0,0
6460,226,20,0,62504,27,"Get Me the Hard Stuff",0,0,0,0,0,0,0,0,0,0,0,0,0,0,0,0,0,0,0,0,0,0,0,0
6461,227,20,0,62504,56,"246 Kinds of Cheese",0,0,0,0,0,0,0,0,0,0,0,0,0,0,0,0,0,0,0,0,0,0,0,0
6462,228,20,0,62504,56,"No Hand-me-downs",0,0,0,0,0,0,0,0,0,0,0,0,0,0,0,0,0,0,0,0,0,0,0,0
6463,229,20,0,62504,56,"Not Enough Headroom",0,0,0,0,0,0,0,0,0,0,0,0,0,0,0,0,0,0,0,0,0,0,0,0
6464,230,20,0,62504,56,"I Was a Teenage Wailer",0,0,0,0,0,0,0,0,0,0,0,0,0,0,0,0,0,0,0,0,0,0,0,0
6465,231,25,0,62504,27,"Ingot We Trust",0,0,0,0,0,0,0,0,0,0,0,0,0,0,0,0,0,0,0,0,0,0,0,0
6466,232,25,0,62504,56,"A Leg to Stand On",0,0,0,0,0,0,0,0,0,0,0,0,0,0,0,0,0,0,0,0,0,0,0,0
6467,233,25,0,62504,27,"Insistent Sallets",0,0,0,0,0,0,0,0,0,0,0,0,0,0,0,0,0,0,0,0,0,0,0,0
6468,234,25,0,62504,56,"Need for Mead",0,0,0,0,0,0,0,0,0,0,0,0,0,0,0,0,0,0,0,0,0,0,0,0
6469,235,25,0,62504,56,"Hot for Teacher",0,0,0,0,0,0,0,0,0,0,0,0,0,0,0,0,0,0,0,0,0,0,0,0
6470,236,25,0,62504,56,"Get Shirty",0,0,0,0,0,0,0,0,0,0,0,0,0,0,0,0,0,0,0,0,0,0,0,0
6471,237,30,0,62504,32,"Eyes on a Hard Body",0,0,0,0,0,0,0,0,0,0,0,0,0,0,0,0,0,0,0,0,0,0,0,0
6472,238,30,0,62504,27,"Aurochs Star",0,0,0,0,0,0,0,0,0,0,0,0,0,0,0,0,0,0,0,0,0,0,0,0
6473,239,30,0,62504,27,"Romper Stomper",0,0,0,0,0,0,0,0,0,0,0,0,0,0,0,0,0,0,0,0,0,0,0,0
6474,240,30,0,62504,32,"Skillet Scandal",0,0,0,0,0,0,0,0,0,0,0,0,0,0,0,0,0,0,0,0,0,0,0,0
6475,241,30,0,62504,32,"Kitty Get Your Helm",0,0,0,0,0,0,0,0,0,0,0,0,0,0,0,0,0,0,0,0,0,0,0,0
6476,242,30,0,62504,32,"They've Got Legs",0,0,0,0,0,0,0,0,0,0,0,0,0,0,0,0,0,0,0,0,0,0,0,0
6477,243,35,0,62504,63,"Very Slow Array",0,0,0,0,0,0,0,0,0,0,0,0,0,0,0,0,0,0,0,0,0,0,0,0
6478,244,35,0,62504,27,"Hollow Hallmarks",0,0,0,0,0,0,0,0,0,0,0,0,0,0,0,0,0,0,0,0,0,0,0,0
6479,245,35,0,62504,27,"Get Me the Usual",0,0,0,0,0,0,0,0,0,0,0,0,0,0,0,0,0,0,0,0,0,0,0,0
6480,246,35,0,62504,63,"War Is Tough on the Hands",0,0,0,0,0,0,0,0,0,0,0,0,0,0,0,0,0,0,0,0,0,0,0,0
6481,247,35,0,62504,63,"Skillet to the Stars",0,0,0,0,0,0,0,0,0,0,0,0,0,0,0,0,0,0,0,0,0,0,0,0
6482,248,35,0,62504,63,"I've Got You under My Skin",0,0,0,0,0,0,0,0,0,0,0,0,0,0,0,0,0,0,0,0,0,0,0,0
6483,249,40,0,62504,63,"Liquid Persuasion",0,0,0,0,0,0,0,0,0,0,0,0,0,0,0,0,0,0,0,0,0,0,0,0
6484,250,40,0,62504,27,"Everybody Cut Footloose",0,0,0,0,0,0,0,0,0,0,0,0,0,0,0,0,0,0,0,0,0,0,0,0
6485,251,40,0,62504,27,"Distill and Know that I'm Right",0,0,0,0,0,0,0,0,0,0,0,0,0,0,0,0,0,0,0,0,0,0,0,0
6486,252,40,0,62504,63,"Metal Fatigue",0,0,0,0,0,0,0,0,0,0,0,0,0,0,0,0,0,0,0,0,0,0,0,0
6487,253,40,0,62504,63,"Family Secrets",0,0,0,0,0,0,0,0,0,0,0,0,0,0,0,0,0,0,0,0,0,0,0,0
6488,254,40,0,62504,63,"Employee Retention",0,0,0,0,0,0,0,0,0,0,0,0,0,0,0,0,0,0,0,0,0,0,0,0
6489,255,45,0,62504,67,"Feasting the Night Away",0,0,0,0,0,0,0,0,0,0,0,0,0,0,0,0,0,0,0,0,0,0,0,0
6490,256,45,0,62504,27,"Cobalt Aforethought",0,0,0,0,0,0,0,0,0,0,0,0,0,0,0,0,0,0,0,0,0,0,0,0
6491,257,45,0,62504,27,"Some Dragoons Have All the Luck",0,0,0,0,0,0,0,0,0,0,0,0,0,0,0,0,0,0,0,0,0,0,0,0
6492,258,45,0,62504,67,"Parasitic Win",0,0,0,0,0,0,0,0,0,0,0,0,0,0,0,0,0,0,0,0,0,0,0,0
6493,259,45,0,62504,67,"Booty Call",0,0,0,0,0,0,0,0,0,0,0,0,0,0,0,0,0,0,0,0,0,0,0,0
6494,260,45,0,62504,67,"Dealing with the Tough Stuff",0,0,0,0,0,0,0,0,0,0,0,0,0,0,0,0,0,0,0,0,0,0,0,0
6495,998,50,0,62504,62,"Hauberk and No Play",0,0,0,0,0,0,0,0,0,0,0,0,0,0,0,0,0,0,0,0,0,0,0,0
6496,999,50,0,62504,62,"Rivets Run through It",0,0,0,0,0,0,0,0,0,0,0,0,0,0,0,0,0,0,0,0,0,0,0,0
6497,1000,50,0,62504,62,"Don't Scuttle with Scuta",0,0,0,0,0,0,0,0,0,0,0,0,0,0,0,0,0,0,0,0,0,0,0,0
6498,1001,50,0,62504,62,"Knights without Armor (L)",0,0,0,0,0,0,0,0,0,0,0,0,0,0,0,0,0,0,0,0,0,0,0,0
6499,1002,50,0,62504,62,"A Riveting Revival (L)",0,0,0,0,0,0,0,0,0,0,0,0,0,0,0,0,0,0,0,0,0,0,0,0
6500,1003,50,0,62504,62,"Shielded by Bureaucracy (L)",0,0,0,0,0,0,0,0,0,0,0,0,0,0,0,0,0,0,0,0,0,0,0,0
6501,1004,52,0,62504,62,"Let Faith Light the Way",0,0,0,0,0,0,0,0,0,0,0,0,0,0,0,0,0,0,0,0,0,0,0,0
6502,1005,52,0,62504,62,"The Cut Alembical Cord",0,0,0,0,0,0,0,0,0,0,0,0,0,0,0,0,0,0,0,0,0,0,0,0
6503,1006,52,0,62504,62,"Pan That Laid the Golden Egg",0,0,0,0,0,0,0,0,0,0,0,0,0,0,0,0,0,0,0,0,0,0,0,0
6504,1007,52,0,62504,62,"Fifty Shields of Blades (L)",0,0,0,0,0,0,0,0,0,0,0,0,0,0,0,0,0,0,0,0,0,0,0,0
6505,1008,52,0,62504,62,"Sheer Distill Power (L)",0,0,0,0,0,0,0,0,0,0,0,0,0,0,0,0,0,0,0,0,0,0,0,0
6506,1009,52,0,62504,62,"Skillet with Fire (L)",0,0,0,0,0,0,0,0,0,0,0,0,0,0,0,0,0,0,0,0,0,0,0,0
6507,1010,54,0,62504,62,"As the Bolt Flies",0,0,0,0,0,0,0,0,0,0,0,0,0,0,0,0,0,0,0,0,0,0,0,0
6508,1011,54,0,62504,62,"Someone Put Dung in My Helmet",0,0,0,0,0,0,0,0,0,0,0,0,0,0,0,0,0,0,0,0,0,0,0,0
6509,1012,54,0,62504,62,"Sometimes the South Wins",0,0,0,0,0,0,0,0,0,0,0,0,0,0,0,0,0,0,0,0,0,0,0,0
6510,1013,54,0,62504,62,"Heavy Metal Banned (L)",0,0,0,0,0,0,0,0,0,0,0,0,0,0,0,0,0,0,0,0,0,0,0,0
6511,1014,54,0,62504,62,"Rage against the Scream (L)",0,0,0,0,0,0,0,0,0,0,0,0,0,0,0,0,0,0,0,0,0,0,0,0
6512,1015,54,0,62504,62,"The Thriller of Autumn (L)",0,0,0,0,0,0,0,0,0,0,0,0,0,0,0,0,0,0,0,0,0,0,0,0
6513,1016,56,0,62504,62,"A Squire to Inspire",0,0,0,0,0,0,0,0,0,0,0,0,0,0,0,0,0,0,0,0,0,0,0,0
6514,1017,56,0,62504,62,"A Halonic Masquerade",0,0,0,0,0,0,0,0,0,0,0,0,0,0,0,0,0,0,0,0,0,0,0,0
6515,1018,56,0,62504,62,"Belle of the Brawl",0,0,0,0,0,0,0,0,0,0,0,0,0,0,0,0,0,0,0,0,0,0,0,0
6516,1019,56,0,62504,62,"All's Fair in Highborn Assassination (L)",0,0,0,0,0,0,0,0,0,0,0,0,0,0,0,0,0,0,0,0,0,0,0,0
6517,1020,56,0,62504,62,"Why I Wear a Mask (L)",0,0,0,0,0,0,0,0,0,0,0,0,0,0,0,0,0,0,0,0,0,0,0,0
6518,1021,56,0,62504,62,"Shouldering the Shut-ins (L)",0,0,0,0,0,0,0,0,0,0,0,0,0,0,0,0,0,0,0,0,0,0,0,0
6519,1022,58,0,62504,62,"Sir, Dost Thou Even Heft",0,0,0,0,0,0,0,0,0,0,0,0,0,0,0,0,0,0,0,0,0,0,0,0
6520,1023,58,0,62504,62,"Look Before You Leap",0,0,0,0,0,0,0,0,0,0,0,0,0,0,0,0,0,0,0,0,0,0,0,0
6521,1024,58,0,62504,62,"The Mast Chance",0,0,0,0,0,0,0,0,0,0,0,0,0,0,0,0,0,0,0,0,0,0,0,0
6522,1025,58,0,62504,62,"Men in Adamantite (L)",0,0,0,0,0,0,0,0,0,0,0,0,0,0,0,0,0,0,0,0,0,0,0,0
6523,1026,58,0,62504,62,"Patience, Young Grasshopper (L)",0,0,0,0,0,0,0,0,0,0,0,0,0,0,0,0,0,0,0,0,0,0,0,0
6524,1027,58,0,62504,62,"The Rose and the Riveter (L)",0,0,0,0,0,0,0,0,0,0,0,0,0,0,0,0,0,0,0,0,0,0,0,0
6525,1283,60,0,62504,2404,"Mail It In",0,0,0,0,0,0,0,0,0,0,0,0,0,0,0,0,0,0,0,0,0,0,0,0
6526,1284,60,0,62504,2404,"Alembic Medals",0,0,0,0,0,0,0,0,0,0,0,0,0,0,0,0,0,0,0,0,0,0,0,0
6527,1285,60,0,62504,2404,"Setting the Stage",0,0,0,0,0,0,0,0,0,0,0,0,0,0,0,0,0,0,0,0,0,0,0,0
6528,1286,62,0,62504,2404,"Shielded Life",0,0,0,0,0,0,0,0,0,0,0,0,0,0,0,0,0,0,0,0,0,0,0,0
6529,1287,62,0,62504,2404,"The Gauntlet Is Cast",0,0,0,0,0,0,0,0,0,0,0,0,0,0,0,0,0,0,0,0,0,0,0,0
6530,1288,62,0,62504,2404,"Ore for Me",0,0,0,0,0,0,0,0,0,0,0,0,0,0,0,0,0,0,0,0,0,0,0,0
6531,1289,64,0,62504,2404,"Greaving",0,0,0,0,0,0,0,0,0,0,0,0,0,0,0,0,0,0,0,0,0,0,0,0
6532,1290,64,0,62504,2404,"Home Cooking",0,0,0,0,0,0,0,0,0,0,0,0,0,0,0,0,0,0,0,0,0,0,0,0
6533,1291,64,0,62504,2404,"En Garde and on Guard",0,0,0,0,0,0,0,0,0,0,0,0,0,0,0,0,0,0,0,0,0,0,0,0
6534,1292,66,0,62504,2404,"Art Imitates Life",0,0,0,0,0,0,0,0,0,0,0,0,0,0,0,0,0,0,0,0,0,0,0,0
6535,1293,66,0,62504,2404,"Smells of Rich Tama-hagane",0,0,0,0,0,0,0,0,0,0,0,0,0,0,0,0,0,0,0,0,0,0,0,0
6536,1294,66,0,62504,2404,"Sweeping the Legs",0,0,0,0,0,0,0,0,0,0,0,0,0,0,0,0,0,0,0,0,0,0,0,0
6537,1295,68,0,62504,2404,"See Shields by the Sea Shore",0,0,0,0,0,0,0,0,0,0,0,0,0,0,0,0,0,0,0,0,0,0,0,0
6538,1296,68,0,62504,2404,"Spoony Is the Bard",0,0,0,0,0,0,0,0,0,0,0,0,0,0,0,0,0,0,0,0,0,0,0,0
6539,1297,68,0,62504,2404,"Heads Will Roll",0,0,0,0,0,0,0,0,0,0,0,0,0,0,0,0,0,0,0,0,0,0,0,0
6540,1448,70,0,62504,2951,"Shielding the Realm",0,0,0,0,0,0,0,0,0,0,0,0,0,0,0,0,0,0,0,0,0,0,0,0
6541,1449,70,0,62504,2951,"Time to Fry",0,0,0,0,0,0,0,0,0,0,0,0,0,0,0,0,0,0,0,0,0,0,0,0
6542,1450,70,0,62504,2951,"A Head of Demand",0,0,0,0,0,0,0,0,0,0,0,0,0,0,0,0,0,0,0,0,0,0,0,0
6543,1451,72,0,62504,2951,"Scheduled Maintenance",0,0,0,0,0,0,0,0,0,0,0,0,0,0,0,0,0,0,0,0,0,0,0,0
6544,1452,72,0,62504,2951,"Hedging Bets",0,0,0,0,0,0,0,0,0,0,0,0,0,0,0,0,0,0,0,0,0,0,0,0
6545,1453,72,0,62504,2951,"Wrapped Knuckles",0,0,0,0,0,0,0,0,0,0,0,0,0,0,0,0,0,0,0,0,0,0,0,0
6546,1454,74,0,62504,2951,"Catching an Earful",0,0,0,0,0,0,0,0,0,0,0,0,0,0,0,0,0,0,0,0,0,0,0,0
6547,1455,74,0,62504,2951,"A New Regular",0,0,0,0,0,0,0,0,0,0,0,0,0,0,0,0,0,0,0,0,0,0,0,0
6548,1456,74,0,62504,2951,"The Proper Precautions",0,0,0,0,0,0,0,0,0,0,0,0,0,0,0,0,0,0,0,0,0,0,0,0
6549,1457,76,0,62504,2951,"No Scope",0,0,0,0,0,0,0,0,0,0,0,0,0,0,0,0,0,0,0,0,0,0,0,0
6550,1458,76,0,62504,2951,"Signed, Shield, Delivered",0,0,0,0,0,0,0,0,0,0,0,0,0,0,0,0,0,0,0,0,0,0,0,0
6551,1459,76,0,62504,2951,"A Budding Business",0,0,0,0,0,0,0,0,0,0,0,0,0,0,0,0,0,0,0,0,0,0,0,0
6552,1460,78,0,62504,2951,"Trial and Error",0,0,0,0,0,0,0,0,0,0,0,0,0,0,0,0,0,0,0,0,0,0,0,0
6553,1461,78,0,62504,2951,"One Foot Forward",0,0,0,0,0,0,0,0,0,0,0,0,0,0,0,0,0,0,0,0,0,0,0,0
6554,1462,78,0,62504,2951,"Shield to Shield",0,0,0,0,0,0,0,0,0,0,0,0,0,0,0,0,0,0,0,0,0,0,0,0
6555,1588,80,0,62504,3706,"Haste for High Durium",0,0,0,0,0,0,0,0,0,0,0,0,0,0,0,0,0,0,0,0,0,0,0,0
6556,1589,80,0,62504,3706,"The Armoire Is Open",0,0,0,0,0,0,0,0,0,0,0,0,0,0,0,0,0,0,0,0,0,0,0,0
6557,1590,82,0,62504,3706,"Ace of Gloves",0,0,0,0,0,0,0,0,0,0,0,0,0,0,0,0,0,0,0,0,0,0,0,0
6558,1591,82,0,62504,3706,"The Incomplete Costume",0,0,0,0,0,0,0,0,0,0,0,0,0,0,0,0,0,0,0,0,0,0,0,0
6559,1592,84,0,62504,3706,"Armoire Aftercare",0,0,0,0,0,0,0,0,0,0,0,0,0,0,0,0,0,0,0,0,0,0,0,0
6560,1593,84,0,62504,3706,"Once and for Alchemy",0,0,0,0,0,0,0,0,0,0,0,0,0,0,0,0,0,0,0,0,0,0,0,0
6561,1594,86,0,62504,3706,"Heading toward Bankruptcy",0,0,0,0,0,0,0,0,0,0,0,0,0,0,0,0,0,0,0,0,0,0,0,0
6562,1595,86,0,62504,3706,"In-kweh-dible Cooking",0,0,0,0,0,0,0,0,0,0,0,0,0,0,0,0,0,0,0,0,0,0,0,0
6563,1596,88,0,62504,3706,"A Gift of Gloves",0,0,0,0,0,0,0,0,0,0,0,0,0,0,0,0,0,0,0,0,0,0,0,0
6564,1597,88,0,62504,3706,"Additions to the Armoire",0,0,0,0,0,0,0,0,0,0,0,0,0,0,0,0,0,0,0,0,0,0,0,0
6565,1708,90,0,62504,4504,"Don't Bore Me, Ore Me",0,0,0,0,0,0,0,0,0,0,0,0,0,0,0,0,0,0,0,0,0,0,0,0
6566,1709,90,0,62504,4504,"Shielding My Students",0,0,0,0,0,0,0,0,0,0,0,0,0,0,0,0,0,0,0,0,0,0,0,0
6567,1710,92,0,62504,4504,"Brace for More Vambraces",0,0,0,0,0,0,0,0,0,0,0,0,0,0,0,0,0,0,0,0,0,0,0,0
6568,1711,92,0,62504,4504,"Forgiveness for My Shins",0,0,0,0,0,0,0,0,0,0,0,0,0,0,0,0,0,0,0,0,0,0,0,0
6569,1712,94,0,62504,4504,"Metal with Mettle",0,0,0,0,0,0,0,0,0,0,0,0,0,0,0,0,0,0,0,0,0,0,0,0
6570,1713,94,0,62504,4504,"Odd Instruments",0,0,0,0,0,0,0,0,0,0,0,0,0,0,0,0,0,0,0,0,0,0,0,0
6571,1714,96,0,62504,4504,"Don't Ask about the Rivets",0,0,0,0,0,0,0,0,0,0,0,0,0,0,0,0,0,0,0,0,0,0,0,0
6572,1715,96,0,62504,4504,"Backing up My Words",0,0,0,0,0,0,0,0,0,0,0,0,0,0,0,0,0,0,0,0,0,0,0,0
6573,1716,98,0,62504,4504,"A Hand for a Deckhand",0,0,0,0,0,0,0,0,0,0,0,0,0,0,0,0,0,0,0,0,0,0,0,0
6574,1717,98,0,62504,4504,"Essays on Equipment",0,0,0,0,0,0,0,0,0,0,0,0,0,0,0,0,0,0,0,0,0,0,0,0
6575,441,1,0,62505,51,"Copper and Robbers",0,0,0,0,0,0,0,0,0,0,0,0,0,0,0,0,0,0,0,0,0,0,0,0
6576,442,1,0,62505,51,"Needful Rings",0,0,0,0,0,0,0,0,0,0,0,0,0,0,0,0,0,0,0,0,0,0,0,0
6577,443,1,0,62505,42,"Arms for the Poor",0,0,0,0,0,0,0,0,0,0,0,0,0,0,0,0,0,0,0,0,0,0,0,0
6578,444,1,0,62505,42,"Hora at Me",0,0,0,0,0,0,0,0,0,0,0,0,0,0,0,0,0,0,0,0,0,0,0,0
6579,445,1,0,62505,42,"Bad Bromance",0,0,0,0,0,0,0,0,0,0,0,0,0,0,0,0,0,0,0,0,0,0,0,0
6580,446,1,0,62505,51,"Water of Life",0,0,0,0,0,0,0,0,0,0,0,0,0,0,0,0,0,0,0,0,0,0,0,0
6581,447,5,0,62505,51,"Gods of Small Things",0,0,0,0,0,0,0,0,0,0,0,0,0,0,0,0,0,0,0,0,0,0,0,0
6582,448,5,0,62505,51,"I Ram What I Ram",0,0,0,0,0,0,0,0,0,0,0,0,0,0,0,0,0,0,0,0,0,0,0,0
6583,449,5,0,62505,42,"Let's Talk about Hex",0,0,0,0,0,0,0,0,0,0,0,0,0,0,0,0,0,0,0,0,0,0,0,0
6584,450,5,0,62505,42,"A Ringing Success",0,0,0,0,0,0,0,0,0,0,0,0,0,0,0,0,0,0,0,0,0,0,0,0
6585,451,5,0,62505,42,"Horn of Plenty",0,0,0,0,0,0,0,0,0,0,0,0,0,0,0,0,0,0,0,0,0,0,0,0
6586,452,5,0,62505,51,"A Needle Is a Small Sword",0,0,0,0,0,0,0,0,0,0,0,0,0,0,0,0,0,0,0,0,0,0,0,0
6587,453,10,0,62505,51,"All That Glitters",0,0,0,0,0,0,0,0,0,0,0,0,0,0,0,0,0,0,0,0,0,0,0,0
6588,454,10,0,62505,51,"The Tusk at Hand",0,0,0,0,0,0,0,0,0,0,0,0,0,0,0,0,0,0,0,0,0,0,0,0
6589,455,10,0,62505,42,"An Offer We Can't Refuse",0,0,0,0,0,0,0,0,0,0,0,0,0,0,0,0,0,0,0,0,0,0,0,0
6590,456,10,0,62505,42,"Point of Honor",0,0,0,0,0,0,0,0,0,0,0,0,0,0,0,0,0,0,0,0,0,0,0,0
6591,457,10,0,62505,42,"Gorgeous Gorget",0,0,0,0,0,0,0,0,0,0,0,0,0,0,0,0,0,0,0,0,0,0,0,0
6592,458,10,0,62505,51,"Better Four Eyes than None",0,0,0,0,0,0,0,0,0,0,0,0,0,0,0,0,0,0,0,0,0,0,0,0
6593,459,15,0,62505,51,"Brothers in Arms",0,0,0,0,0,0,0,0,0,0,0,0,0,0,0,0,0,0,0,0,0,0,0,0
6594,460,15,0,62505,51,"Forever 21K",0,0,0,0,0,0,0,0,0,0,0,0,0,0,0,0,0,0,0,0,0,0,0,0
6595,461,15,0,62505,44,"Bad to the Bone",0,0,0,0,0,0,0,0,0,0,0,0,0,0,0,0,0,0,0,0,0,0,0,0
6596,462,15,0,62505,44,"Sharp Words",0,0,0,0,0,0,0,0,0,0,0,0,0,0,0,0,0,0,0,0,0,0,0,0
6597,463,15,0,62505,44,"Bad Guys Eat Brass",0,0,0,0,0,0,0,0,0,0,0,0,0,0,0,0,0,0,0,0,0,0,0,0
6598,464,15,0,62505,51,"I Am a Rock",0,0,0,0,0,0,0,0,0,0,0,0,0,0,0,0,0,0,0,0,0,0,0,0
6599,465,20,0,62505,51,"Perk of Fiction",0,0,0,0,0,0,0,0,0,0,0,0,0,0,0,0,0,0,0,0,0,0,0,0
6600,466,20,0,62505,51,"King for a Day",0,0,0,0,0,0,0,0,0,0,0,0,0,0,0,0,0,0,0,0,0,0,0,0
6601,467,20,0,62505,56,"You Burnt It, You Bought It",0,0,0,0,0,0,0,0,0,0,0,0,0,0,0,0,0,0,0,0,0,0,0,0
6602,468,20,0,62505,56,"Music to Their Ears",0,0,0,0,0,0,0,0,0,0,0,0,0,0,0,0,0,0,0,0,0,0,0,0
6603,469,20,0,62505,56,"Dog Tags Are for Dogs",0,0,0,0,0,0,0,0,0,0,0,0,0,0,0,0,0,0,0,0,0,0,0,0
6604,470,20,0,62505,56,"One and Only",0,0,0,0,0,0,0,0,0,0,0,0,0,0,0,0,0,0,0,0,0,0,0,0
6605,471,25,0,62505,51,"Love in the Time of Umbra",0,0,0,0,0,0,0,0,0,0,0,0,0,0,0,0,0,0,0,0,0,0,0,0
6606,472,25,0,62505,56,"Thaumaturge Is Magic",0,0,0,0,0,0,0,0,0,0,0,0,0,0,0,0,0,0,0,0,0,0,0,0
6607,473,25,0,62505,51,"All Booked Up",0,0,0,0,0,0,0,0,0,0,0,0,0,0,0,0,0,0,0,0,0,0,0,0
6608,474,25,0,62505,56,"Necklet of Champions",0,0,0,0,0,0,0,0,0,0,0,0,0,0,0,0,0,0,0,0,0,0,0,0
6609,475,25,0,62505,56,"Keep the Change",0,0,0,0,0,0,0,0,0,0,0,0,0,0,0,0,0,0,0,0,0,0,0,0
6610,476,25,0,62505,56,"Dancing with the Stars",0,0,0,0,0,0,0,0,0,0,0,0,0,0,0,0,0,0,0,0,0,0,0,0
6611,477,30,0,62505,32,"He Has His Quartz",0,0,0,0,0,0,0,0,0,0,0,0,0,0,0,0,0,0,0,0,0,0,0,0
6612,478,30,0,62505,51,"One Man's Trash",0,0,0,0,0,0,0,0,0,0,0,0,0,0,0,0,0,0,0,0,0,0,0,0
6613,479,30,0,62505,51,"A Little Bird Told Me",0,0,0,0,0,0,0,0,0,0,0,0,0,0,0,0,0,0,0,0,0,0,0,0
6614,480,30,0,62505,32,"Renascence Man",0,0,0,0,0,0,0,0,0,0,0,0,0,0,0,0,0,0,0,0,0,0,0,0
6615,481,30,0,62505,32,"It's Only Love",0,0,0,0,0,0,0,0,0,0,0,0,0,0,0,0,0,0,0,0,0,0,0,0
6616,482,30,0,62505,32,"Get the Green Stuff",0,0,0,0,0,0,0,0,0,0,0,0,0,0,0,0,0,0,0,0,0,0,0,0
6617,483,35,0,62505,63,"Actually, It's Loyalty",0,0,0,0,0,0,0,0,0,0,0,0,0,0,0,0,0,0,0,0,0,0,0,0
6618,484,35,0,62505,51,"Lode It Up",0,0,0,0,0,0,0,0,0,0,0,0,0,0,0,0,0,0,0,0,0,0,0,0
6619,485,35,0,62505,51,"Burning the Midnight Oil",0,0,0,0,0,0,0,0,0,0,0,0,0,0,0,0,0,0,0,0,0,0,0,0
6620,486,35,0,62505,63,"Wear Your Patriotic Pin",0,0,0,0,0,0,0,0,0,0,0,0,0,0,0,0,0,0,0,0,0,0,0,0
6621,487,35,0,62505,63,"Dead Can't Defang",0,0,0,0,0,0,0,0,0,0,0,0,0,0,0,0,0,0,0,0,0,0,0,0
6622,488,35,0,62505,63,"Faith and Fashion",0,0,0,0,0,0,0,0,0,0,0,0,0,0,0,0,0,0,0,0,0,0,0,0
6623,489,40,0,62505,63,"Coral on My Mind",0,0,0,0,0,0,0,0,0,0,0,0,0,0,0,0,0,0,0,0,0,0,0,0
6624,490,40,0,62505,51,"When We Were Blings",0,0,0,0,0,0,0,0,0,0,0,0,0,0,0,0,0,0,0,0,0,0,0,0
6625,491,40,0,62505,51,"It's My Business to Know Things",0,0,0,0,0,0,0,0,0,0,0,0,0,0,0,0,0,0,0,0,0,0,0,0
6626,492,40,0,62505,63,"North Ore South",0,0,0,0,0,0,0,0,0,0,0,0,0,0,0,0,0,0,0,0,0,0,0,0
6627,493,40,0,62505,63,"Tough Job Market",0,0,0,0,0,0,0,0,0,0,0,0,0,0,0,0,0,0,0,0,0,0,0,0
6628,494,40,0,62505,63,"If You've Got It, Flaunt It",0,0,0,0,0,0,0,0,0,0,0,0,0,0,0,0,0,0,0,0,0,0,0,0
6629,495,45,0,62505,67,"Green and Bear It",0,0,0,0,0,0,0,0,0,0,0,0,0,0,0,0,0,0,0,0,0,0,0,0
6630,496,45,0,62505,51,"Gold Is So Last Year",0,0,0,0,0,0,0,0,0,0,0,0,0,0,0,0,0,0,0,0,0,0,0,0
6631,497,45,0,62505,51,"The Big Red",0,0,0,0,0,0,0,0,0,0,0,0,0,0,0,0,0,0,0,0,0,0,0,0
6632,498,45,0,62505,67,"Sew Not Doing This",0,0,0,0,0,0,0,0,0,0,0,0,0,0,0,0,0,0,0,0,0,0,0,0
6633,499,45,0,62505,67,"Sweet Charity",0,0,0,0,0,0,0,0,0,0,0,0,0,0,0,0,0,0,0,0,0,0,0,0
6634,500,45,0,62505,67,"Light in the Darkness",0,0,0,0,0,0,0,0,0,0,0,0,0,0,0,0,0,0,0,0,0,0,0,0
6635,1118,50,0,62505,62,"The Goggles, They Do Naught",0,0,0,0,0,0,0,0,0,0,0,0,0,0,0,0,0,0,0,0,0,0,0,0
6636,1119,50,0,62505,62,"Not on My Table",0,0,0,0,0,0,0,0,0,0,0,0,0,0,0,0,0,0,0,0,0,0,0,0
6637,1120,50,0,62505,62,"Halonic Hermeneutics",0,0,0,0,0,0,0,0,0,0,0,0,0,0,0,0,0,0,0,0,0,0,0,0
6638,1121,50,0,62505,62,"Peril Never Wore Safety Goggles (L)",0,0,0,0,0,0,0,0,0,0,0,0,0,0,0,0,0,0,0,0,0,0,0,0
6639,1122,50,0,62505,62,"Heinz's Dilemma (L)",0,0,0,0,0,0,0,0,0,0,0,0,0,0,0,0,0,0,0,0,0,0,0,0
6640,1123,50,0,62505,62,"Transposing Theology (L)",0,0,0,0,0,0,0,0,0,0,0,0,0,0,0,0,0,0,0,0,0,0,0,0
6641,1124,52,0,62505,62,"Sense of Entitlement",0,0,0,0,0,0,0,0,0,0,0,0,0,0,0,0,0,0,0,0,0,0,0,0
6642,1125,52,0,62505,62,"High Above Me, She Sews Lovely",0,0,0,0,0,0,0,0,0,0,0,0,0,0,0,0,0,0,0,0,0,0,0,0
6643,1126,52,0,62505,62,"Sky Is the Limit",0,0,0,0,0,0,0,0,0,0,0,0,0,0,0,0,0,0,0,0,0,0,0,0
6644,1127,52,0,62505,62,"Charting the Trends (L)",0,0,0,0,0,0,0,0,0,0,0,0,0,0,0,0,0,0,0,0,0,0,0,0
6645,1128,52,0,62505,62,"Old-school Spooling (L)",0,0,0,0,0,0,0,0,0,0,0,0,0,0,0,0,0,0,0,0,0,0,0,0
6646,1129,52,0,62505,62,"Hulls of Broken Dreams (L)",0,0,0,0,0,0,0,0,0,0,0,0,0,0,0,0,0,0,0,0,0,0,0,0
6647,1130,54,0,62505,62,"The Unfortunate Retirony",0,0,0,0,0,0,0,0,0,0,0,0,0,0,0,0,0,0,0,0,0,0,0,0
6648,1131,54,0,62505,62,"Citizen's Arrest",0,0,0,0,0,0,0,0,0,0,0,0,0,0,0,0,0,0,0,0,0,0,0,0
6649,1132,54,0,62505,62,"The Monuments Mages",0,0,0,0,0,0,0,0,0,0,0,0,0,0,0,0,0,0,0,0,0,0,0,0
6650,1133,54,0,62505,62,"Life Ends at Retirement (L)",0,0,0,0,0,0,0,0,0,0,0,0,0,0,0,0,0,0,0,0,0,0,0,0
6651,1134,54,0,62505,62,"Watchers within the Walls (L)",0,0,0,0,0,0,0,0,0,0,0,0,0,0,0,0,0,0,0,0,0,0,0,0
6652,1135,54,0,62505,62,"Deal with It (L)",0,0,0,0,0,0,0,0,0,0,0,0,0,0,0,0,0,0,0,0,0,0,0,0
6653,1136,56,0,62505,62,"Needs More Prayerbell",0,0,0,0,0,0,0,0,0,0,0,0,0,0,0,0,0,0,0,0,0,0,0,0
6654,1137,56,0,62505,62,"The Grander Temple",0,0,0,0,0,0,0,0,0,0,0,0,0,0,0,0,0,0,0,0,0,0,0,0
6655,1138,56,0,62505,62,"Appeasing the Astromancer",0,0,0,0,0,0,0,0,0,0,0,0,0,0,0,0,0,0,0,0,0,0,0,0
6656,1139,56,0,62505,62,"With a Noise That Reaches Heaven (L)",0,0,0,0,0,0,0,0,0,0,0,0,0,0,0,0,0,0,0,0,0,0,0,0
6657,1140,56,0,62505,62,"Man with a Dragon Earring (L)",0,0,0,0,0,0,0,0,0,0,0,0,0,0,0,0,0,0,0,0,0,0,0,0
6658,1141,56,0,62505,62,"Silver Bar of Upcycling (L)",0,0,0,0,0,0,0,0,0,0,0,0,0,0,0,0,0,0,0,0,0,0,0,0
6659,1142,58,0,62505,62,"Keeping Claw and Order",0,0,0,0,0,0,0,0,0,0,0,0,0,0,0,0,0,0,0,0,0,0,0,0
6660,1143,58,0,62505,62,"Embroiling Embroidery",0,0,0,0,0,0,0,0,0,0,0,0,0,0,0,0,0,0,0,0,0,0,0,0
6661,1144,58,0,62505,62,"A Halo for Her Head",0,0,0,0,0,0,0,0,0,0,0,0,0,0,0,0,0,0,0,0,0,0,0,0
6662,1145,58,0,62505,62,"Ring of Reciprocity (L)",0,0,0,0,0,0,0,0,0,0,0,0,0,0,0,0,0,0,0,0,0,0,0,0
6663,1146,58,0,62505,62,"The Lovely Hands of Haillenarte (L)",0,0,0,0,0,0,0,0,0,0,0,0,0,0,0,0,0,0,0,0,0,0,0,0
6664,1147,58,0,62505,62,"It's the Circlet of Life (L)",0,0,0,0,0,0,0,0,0,0,0,0,0,0,0,0,0,0,0,0,0,0,0,0
6665,1343,60,0,62505,2404,"Play It by Ear",0,0,0,0,0,0,0,0,0,0,0,0,0,0,0,0,0,0,0,0,0,0,0,0
6666,1344,60,0,62505,2404,"One Ring Circus",0,0,0,0,0,0,0,0,0,0,0,0,0,0,0,0,0,0,0,0,0,0,0,0
6667,1345,60,0,62505,2404,"Wants and Needles",0,0,0,0,0,0,0,0,0,0,0,0,0,0,0,0,0,0,0,0,0,0,0,0
6668,1346,62,0,62505,2404,"Chain of Command",0,0,0,0,0,0,0,0,0,0,0,0,0,0,0,0,0,0,0,0,0,0,0,0
6669,1347,62,0,62505,2404,"Bracelet for Impact",0,0,0,0,0,0,0,0,0,0,0,0,0,0,0,0,0,0,0,0,0,0,0,0
6670,1348,62,0,62505,2404,"If I'd a Koppranickel for Every Time...",0,0,0,0,0,0,0,0,0,0,0,0,0,0,0,0,0,0,0,0,0,0,0,0
6671,1349,64,0,62505,2404,"Cutting Deals",0,0,0,0,0,0,0,0,0,0,0,0,0,0,0,0,0,0,0,0,0,0,0,0
6672,1350,64,0,62505,2404,"Needle in a Hingan Stack",0,0,0,0,0,0,0,0,0,0,0,0,0,0,0,0,0,0,0,0,0,0,0,0
6673,1351,64,0,62505,2404,"Hair-raising Action",0,0,0,0,0,0,0,0,0,0,0,0,0,0,0,0,0,0,0,0,0,0,0,0
6674,1352,66,0,62505,2404,"Best-laid Planispheres",0,0,0,0,0,0,0,0,0,0,0,0,0,0,0,0,0,0,0,0,0,0,0,0
6675,1353,66,0,62505,2404,"Put the Metal to the Peddle",0,0,0,0,0,0,0,0,0,0,0,0,0,0,0,0,0,0,0,0,0,0,0,0
6676,1354,66,0,62505,2404,"Ring in the New",0,0,0,0,0,0,0,0,0,0,0,0,0,0,0,0,0,0,0,0,0,0,0,0
6677,1355,68,0,62505,2404,"Speak Softly and Carry a Metal Rod",0,0,0,0,0,0,0,0,0,0,0,0,0,0,0,0,0,0,0,0,0,0,0,0
6678,1356,68,0,62505,2404,"Untucked",0,0,0,0,0,0,0,0,0,0,0,0,0,0,0,0,0,0,0,0,0,0,0,0
6679,1357,68,0,62505,2404,"Choker in the Clutch",0,0,0,0,0,0,0,0,0,0,0,0,0,0,0,0,0,0,0,0,0,0,0,0
6680,1508,70,0,62505,2951,"Whetstones for the Workers",0,0,0,0,0,0,0,0,0,0,0,0,0,0,0,0,0,0,0,0,0,0,0,0
6681,1509,70,0,62505,2951,"Satisfactory Sewing",0,0,0,0,0,0,0,0,0,0,0,0,0,0,0,0,0,0,0,0,0,0,0,0
6682,1510,70,0,62505,2951,"You're My Wonderhall",0,0,0,0,0,0,0,0,0,0,0,0,0,0,0,0,0,0,0,0,0,0,0,0
6683,1511,72,0,62505,2951,"Slimming Down",0,0,0,0,0,0,0,0,0,0,0,0,0,0,0,0,0,0,0,0,0,0,0,0
6684,1512,72,0,62505,2951,"Neck on the Line",0,0,0,0,0,0,0,0,0,0,0,0,0,0,0,0,0,0,0,0,0,0,0,0
6685,1513,72,0,62505,2951,"Gentleman Donor",0,0,0,0,0,0,0,0,0,0,0,0,0,0,0,0,0,0,0,0,0,0,0,0
6686,1514,74,0,62505,2951,"Copious Crystal Cannons",0,0,0,0,0,0,0,0,0,0,0,0,0,0,0,0,0,0,0,0,0,0,0,0
6687,1515,74,0,62505,2951,"Hot Rod",0,0,0,0,0,0,0,0,0,0,0,0,0,0,0,0,0,0,0,0,0,0,0,0
6688,1516,74,0,62505,2951,"Unsung Generosity",0,0,0,0,0,0,0,0,0,0,0,0,0,0,0,0,0,0,0,0,0,0,0,0
6689,1517,76,0,62505,2951,"Prophet of Profit",0,0,0,0,0,0,0,0,0,0,0,0,0,0,0,0,0,0,0,0,0,0,0,0
6690,1518,76,0,62505,2951,"Birth Ring",0,0,0,0,0,0,0,0,0,0,0,0,0,0,0,0,0,0,0,0,0,0,0,0
6691,1519,76,0,62505,2951,"A Magnanimous Refrain",0,0,0,0,0,0,0,0,0,0,0,0,0,0,0,0,0,0,0,0,0,0,0,0
6692,1520,78,0,62505,2951,"Bulking Up",0,0,0,0,0,0,0,0,0,0,0,0,0,0,0,0,0,0,0,0,0,0,0,0
6693,1521,78,0,62505,2951,"A Beneficent Elegy",0,0,0,0,0,0,0,0,0,0,0,0,0,0,0,0,0,0,0,0,0,0,0,0
6694,1522,78,0,62505,2951,"Wrap Those Wrists",0,0,0,0,0,0,0,0,0,0,0,0,0,0,0,0,0,0,0,0,0,0,0,0
6695,1598,80,0,62505,3706,"Awarding Academic Excellence",0,0,0,0,0,0,0,0,0,0,0,0,0,0,0,0,0,0,0,0,0,0,0,0
6696,1599,80,0,62505,3706,"Workplace Workout",0,0,0,0,0,0,0,0,0,0,0,0,0,0,0,0,0,0,0,0,0,0,0,0
6697,1600,82,0,62505,3706,"The Sage's Successor",0,0,0,0,0,0,0,0,0,0,0,0,0,0,0,0,0,0,0,0,0,0,0,0
6698,1601,82,0,62505,3706,"Pewter-hewn Punishment",0,0,0,0,0,0,0,0,0,0,0,0,0,0,0,0,0,0,0,0,0,0,0,0
6699,1602,84,0,62505,3706,"Gold Rush Order",0,0,0,0,0,0,0,0,0,0,0,0,0,0,0,0,0,0,0,0,0,0,0,0
6700,1603,84,0,62505,3706,"Sage with the Golden Earrings",0,0,0,0,0,0,0,0,0,0,0,0,0,0,0,0,0,0,0,0,0,0,0,0
6701,1604,86,0,62505,3706,"To Fight at Her Side",0,0,0,0,0,0,0,0,0,0,0,0,0,0,0,0,0,0,0,0,0,0,0,0
6702,1605,86,0,62505,3706,"The Needle That Binds",0,0,0,0,0,0,0,0,0,0,0,0,0,0,0,0,0,0,0,0,0,0,0,0
6703,1606,88,0,62505,3706,"Planisphere to Paper",0,0,0,0,0,0,0,0,0,0,0,0,0,0,0,0,0,0,0,0,0,0,0,0
6704,1607,88,0,62505,3706,"Star Athletes",0,0,0,0,0,0,0,0,0,0,0,0,0,0,0,0,0,0,0,0,0,0,0,0
6705,1718,90,0,62505,4504,"On Board for Lar",0,0,0,0,0,0,0,0,0,0,0,0,0,0,0,0,0,0,0,0,0,0,0,0
6706,1719,90,0,62505,4504,"Pendulums of Our Own",0,0,0,0,0,0,0,0,0,0,0,0,0,0,0,0,0,0,0,0,0,0,0,0
6707,1720,92,0,62505,4504,"Guaranteed Gem",0,0,0,0,0,0,0,0,0,0,0,0,0,0,0,0,0,0,0,0,0,0,0,0
6708,1721,92,0,62505,4504,"Fan of the Foreign",0,0,0,0,0,0,0,0,0,0,0,0,0,0,0,0,0,0,0,0,0,0,0,0
6709,1722,94,0,62505,4504,"Shiny and Good",0,0,0,0,0,0,0,0,0,0,0,0,0,0,0,0,0,0,0,0,0,0,0,0
6710,1723,94,0,62505,4504,"Sew Excited",0,0,0,0,0,0,0,0,0,0,0,0,0,0,0,0,0,0,0,0,0,0,0,0
6711,1724,96,0,62505,4504,"Orders Anonymous",0,0,0,0,0,0,0,0,0,0,0,0,0,0,0,0,0,0,0,0,0,0,0,0
6712,1725,96,0,62505,4504,"Ringing Gratitude",0,0,0,0,0,0,0,0,0,0,0,0,0,0,0,0,0,0,0,0,0,0,0,0
6713,1726,98,0,62505,4504,"The Right Rod",0,0,0,0,0,0,0,0,0,0,0,0,0,0,0,0,0,0,0,0,0,0,0,0
6714,1727,98,0,62505,4504,"Mask Maker",0,0,0,0,0,0,0,0,0,0,0,0,0,0,0,0,0,0,0,0,0,0,0,0
6715,81,1,0,62506,39,"Red in the Head",0,0,0,0,0,0,0,0,0,0,0,0,0,0,0,0,0,0,0,0,0,0,0,0
6716,82,1,0,62506,39,"Underneath It All",0,0,0,0,0,0,0,0,0,0,0,0,0,0,0,0,0,0,0,0,0,0,0,0
6717,83,1,0,62506,54,"Sole Traders",0,0,0,0,0,0,0,0,0,0,0,0,0,0,0,0,0,0,0,0,0,0,0,0
6718,84,1,0,62506,54,"These Boots Are Made for Wailing",0,0,0,0,0,0,0,0,0,0,0,0,0,0,0,0,0,0,0,0,0,0,0,0
6719,85,1,0,62506,54,"Sticking Their Necks Out",0,0,0,0,0,0,0,0,0,0,0,0,0,0,0,0,0,0,0,0,0,0,0,0
6720,86,1,0,62506,39,"Tan Before the Ban",0,0,0,0,0,0,0,0,0,0,0,0,0,0,0,0,0,0,0,0,0,0,0,0
6721,87,5,0,62506,39,"Mind over Muzzle",0,0,0,0,0,0,0,0,0,0,0,0,0,0,0,0,0,0,0,0,0,0,0,0
6722,88,5,0,62506,39,"From the Sands to the Stage",0,0,0,0,0,0,0,0,0,0,0,0,0,0,0,0,0,0,0,0,0,0,0,0
6723,89,5,0,62506,54,"In Their Shoes",0,0,0,0,0,0,0,0,0,0,0,0,0,0,0,0,0,0,0,0,0,0,0,0
6724,90,5,0,62506,54,"A Thorn in One's Hide",0,0,0,0,0,0,0,0,0,0,0,0,0,0,0,0,0,0,0,0,0,0,0,0
6725,91,5,0,62506,54,"A Place to Call Helm",0,0,0,0,0,0,0,0,0,0,0,0,0,0,0,0,0,0,0,0,0,0,0,0
6726,92,5,0,62506,39,"Throwing Down the Gauntlet",0,0,0,0,0,0,0,0,0,0,0,0,0,0,0,0,0,0,0,0,0,0,0,0
6727,93,10,0,62506,39,"Quelling Bloody Rumors",0,0,0,0,0,0,0,0,0,0,0,0,0,0,0,0,0,0,0,0,0,0,0,0
6728,94,10,0,62506,39,"The Bards' Guards",0,0,0,0,0,0,0,0,0,0,0,0,0,0,0,0,0,0,0,0,0,0,0,0
6729,95,10,0,62506,54,"Saddle Sore",0,0,0,0,0,0,0,0,0,0,0,0,0,0,0,0,0,0,0,0,0,0,0,0
6730,96,10,0,62506,54,"Only the Best",0,0,0,0,0,0,0,0,0,0,0,0,0,0,0,0,0,0,0,0,0,0,0,0
6731,97,10,0,62506,54,"Simply the Best",0,0,0,0,0,0,0,0,0,0,0,0,0,0,0,0,0,0,0,0,0,0,0,0
6732,98,10,0,62506,39,"Targe Up",0,0,0,0,0,0,0,0,0,0,0,0,0,0,0,0,0,0,0,0,0,0,0,0
6733,99,15,0,62506,39,"Choke Hold",0,0,0,0,0,0,0,0,0,0,0,0,0,0,0,0,0,0,0,0,0,0,0,0
6734,100,15,0,62506,39,"Heads Up",0,0,0,0,0,0,0,0,0,0,0,0,0,0,0,0,0,0,0,0,0,0,0,0
6735,101,15,0,62506,55,"Skin off Their Backs",0,0,0,0,0,0,0,0,0,0,0,0,0,0,0,0,0,0,0,0,0,0,0,0
6736,102,15,0,62506,55,"Back in the Band",0,0,0,0,0,0,0,0,0,0,0,0,0,0,0,0,0,0,0,0,0,0,0,0
6737,103,15,0,62506,55,"On Their Feet Again",0,0,0,0,0,0,0,0,0,0,0,0,0,0,0,0,0,0,0,0,0,0,0,0
6738,104,15,0,62506,39,"A Rush on Ringbands",0,0,0,0,0,0,0,0,0,0,0,0,0,0,0,0,0,0,0,0,0,0,0,0
6739,105,20,0,62506,39,"Playing the Part",0,0,0,0,0,0,0,0,0,0,0,0,0,0,0,0,0,0,0,0,0,0,0,0
6740,106,20,0,62506,39,"Fire and Hide",0,0,0,0,0,0,0,0,0,0,0,0,0,0,0,0,0,0,0,0,0,0,0,0
6741,107,20,0,62506,56,"My Sole to Take",0,0,0,0,0,0,0,0,0,0,0,0,0,0,0,0,0,0,0,0,0,0,0,0
6742,108,20,0,62506,56,"Hands On",0,0,0,0,0,0,0,0,0,0,0,0,0,0,0,0,0,0,0,0,0,0,0,0
6743,109,20,0,62506,56,"Packing a Punch",0,0,0,0,0,0,0,0,0,0,0,0,0,0,0,0,0,0,0,0,0,0,0,0
6744,110,20,0,62506,56,"Open to Attack",0,0,0,0,0,0,0,0,0,0,0,0,0,0,0,0,0,0,0,0,0,0,0,0
6745,111,25,0,62506,39,"Men Who Scare Up Goats",0,0,0,0,0,0,0,0,0,0,0,0,0,0,0,0,0,0,0,0,0,0,0,0
6746,112,25,0,62506,56,"Just Rewards",0,0,0,0,0,0,0,0,0,0,0,0,0,0,0,0,0,0,0,0,0,0,0,0
6747,113,25,0,62506,39,"Breeches Served Cold",0,0,0,0,0,0,0,0,0,0,0,0,0,0,0,0,0,0,0,0,0,0,0,0
6748,114,25,0,62506,56,"No Risk, No Reward",0,0,0,0,0,0,0,0,0,0,0,0,0,0,0,0,0,0,0,0,0,0,0,0
6749,115,25,0,62506,56,"Campaign in the Membrane",0,0,0,0,0,0,0,0,0,0,0,0,0,0,0,0,0,0,0,0,0,0,0,0
6750,116,25,0,62506,56,"Quicker than Sand",0,0,0,0,0,0,0,0,0,0,0,0,0,0,0,0,0,0,0,0,0,0,0,0
6751,117,30,0,62506,32,"Emergency Patches",0,0,0,0,0,0,0,0,0,0,0,0,0,0,0,0,0,0,0,0,0,0,0,0
6752,118,30,0,62506,39,"Quality over Quantity",0,0,0,0,0,0,0,0,0,0,0,0,0,0,0,0,0,0,0,0,0,0,0,0
6753,119,30,0,62506,39,"Best Served Toad",0,0,0,0,0,0,0,0,0,0,0,0,0,0,0,0,0,0,0,0,0,0,0,0
6754,120,30,0,62506,32,"The Hand that Bleeds",0,0,0,0,0,0,0,0,0,0,0,0,0,0,0,0,0,0,0,0,0,0,0,0
6755,121,30,0,62506,32,"Slave to Fashion",0,0,0,0,0,0,0,0,0,0,0,0,0,0,0,0,0,0,0,0,0,0,0,0
6756,122,30,0,62506,32,"Subordinate Clause",0,0,0,0,0,0,0,0,0,0,0,0,0,0,0,0,0,0,0,0,0,0,0,0
6757,123,35,0,62506,63,"The Righteous Tools for the Job",0,0,0,0,0,0,0,0,0,0,0,0,0,0,0,0,0,0,0,0,0,0,0,0
6758,124,35,0,62506,39,"Soft Shoe Shuffle",0,0,0,0,0,0,0,0,0,0,0,0,0,0,0,0,0,0,0,0,0,0,0,0
6759,125,35,0,62506,39,"Supply Side Logic",0,0,0,0,0,0,0,0,0,0,0,0,0,0,0,0,0,0,0,0,0,0,0,0
6760,126,35,0,62506,63,"Springtime for Coerthas",0,0,0,0,0,0,0,0,0,0,0,0,0,0,0,0,0,0,0,0,0,0,0,0
6761,127,35,0,62506,63,"Through a Glass Brightly",0,0,0,0,0,0,0,0,0,0,0,0,0,0,0,0,0,0,0,0,0,0,0,0
6762,128,35,0,62506,63,"First They Came for the Heretics",0,0,0,0,0,0,0,0,0,0,0,0,0,0,0,0,0,0,0,0,0,0,0,0
6763,129,40,0,62506,63,"The Birdmen of Ishgard",0,0,0,0,0,0,0,0,0,0,0,0,0,0,0,0,0,0,0,0,0,0,0,0
6764,130,40,0,62506,39,"Skirt Chaser",0,0,0,0,0,0,0,0,0,0,0,0,0,0,0,0,0,0,0,0,0,0,0,0
6765,131,40,0,62506,39,"The Tao of Rabbits",0,0,0,0,0,0,0,0,0,0,0,0,0,0,0,0,0,0,0,0,0,0,0,0
6766,132,40,0,62506,63,"Foot Blues",0,0,0,0,0,0,0,0,0,0,0,0,0,0,0,0,0,0,0,0,0,0,0,0
6767,133,40,0,62506,63,"Not So Alike in Dignity",0,0,0,0,0,0,0,0,0,0,0,0,0,0,0,0,0,0,0,0,0,0,0,0
6768,134,40,0,62506,63,"It's Not a Job, It's a Calling",0,0,0,0,0,0,0,0,0,0,0,0,0,0,0,0,0,0,0,0,0,0,0,0
6769,135,45,0,62506,67,"Hold On Tight",0,0,0,0,0,0,0,0,0,0,0,0,0,0,0,0,0,0,0,0,0,0,0,0
6770,136,45,0,62506,39,"Too Hot to Handle",0,0,0,0,0,0,0,0,0,0,0,0,0,0,0,0,0,0,0,0,0,0,0,0
6771,137,45,0,62506,39,"Handle with Care",0,0,0,0,0,0,0,0,0,0,0,0,0,0,0,0,0,0,0,0,0,0,0,0
6772,138,45,0,62506,67,"Fuss in Boots",0,0,0,0,0,0,0,0,0,0,0,0,0,0,0,0,0,0,0,0,0,0,0,0
6773,139,45,0,62506,67,"Tenderfoot Moments",0,0,0,0,0,0,0,0,0,0,0,0,0,0,0,0,0,0,0,0,0,0,0,0
6774,140,45,0,62506,67,"Spelling Me Softly",0,0,0,0,0,0,0,0,0,0,0,0,0,0,0,0,0,0,0,0,0,0,0,0
6775,938,50,0,62506,62,"Pummeling Abroad",0,0,0,0,0,0,0,0,0,0,0,0,0,0,0,0,0,0,0,0,0,0,0,0
6776,939,50,0,62506,62,"From Mud to Mourning",0,0,0,0,0,0,0,0,0,0,0,0,0,0,0,0,0,0,0,0,0,0,0,0
6777,940,50,0,62506,62,"Glorified Hole-punchers",0,0,0,0,0,0,0,0,0,0,0,0,0,0,0,0,0,0,0,0,0,0,0,0
6778,941,50,0,62506,62,"The Style of the Time (L)",0,0,0,0,0,0,0,0,0,0,0,0,0,0,0,0,0,0,0,0,0,0,0,0
6779,942,50,0,62506,62,"These Boots Are Made for Hawkin' (L)",0,0,0,0,0,0,0,0,0,0,0,0,0,0,0,0,0,0,0,0,0,0,0,0
6780,943,50,0,62506,62,"Treat Them with Kid Gloves (L)",0,0,0,0,0,0,0,0,0,0,0,0,0,0,0,0,0,0,0,0,0,0,0,0
6781,944,52,0,62506,62,"You Could Say It's a Moving Target",0,0,0,0,0,0,0,0,0,0,0,0,0,0,0,0,0,0,0,0,0,0,0,0
6782,945,52,0,62506,62,"Maybe He's a Lion",0,0,0,0,0,0,0,0,0,0,0,0,0,0,0,0,0,0,0,0,0,0,0,0
6783,946,52,0,62506,62,"(Don't) Love the Skin You're In",0,0,0,0,0,0,0,0,0,0,0,0,0,0,0,0,0,0,0,0,0,0,0,0
6784,947,52,0,62506,62,"They Call It Bloody Mary (L)",0,0,0,0,0,0,0,0,0,0,0,0,0,0,0,0,0,0,0,0,0,0,0,0
6785,948,52,0,62506,62,"The Wyvern of It (L)",0,0,0,0,0,0,0,0,0,0,0,0,0,0,0,0,0,0,0,0,0,0,0,0
6786,949,52,0,62506,62,"Wrist Apart (L)",0,0,0,0,0,0,0,0,0,0,0,0,0,0,0,0,0,0,0,0,0,0,0,0
6787,950,54,0,62506,62,"Overall, We Blend In",0,0,0,0,0,0,0,0,0,0,0,0,0,0,0,0,0,0,0,0,0,0,0,0
6788,951,54,0,62506,62,"Tally Ho, Chocobo",0,0,0,0,0,0,0,0,0,0,0,0,0,0,0,0,0,0,0,0,0,0,0,0
6789,952,54,0,62506,62,"Dragoon Drop Rate",0,0,0,0,0,0,0,0,0,0,0,0,0,0,0,0,0,0,0,0,0,0,0,0
6790,953,54,0,62506,62,"Eviction Notice (L)",0,0,0,0,0,0,0,0,0,0,0,0,0,0,0,0,0,0,0,0,0,0,0,0
6791,954,54,0,62506,62,"Hunting Heretics (L)",0,0,0,0,0,0,0,0,0,0,0,0,0,0,0,0,0,0,0,0,0,0,0,0
6792,955,54,0,62506,62,"Exploiting the Adroit (L)",0,0,0,0,0,0,0,0,0,0,0,0,0,0,0,0,0,0,0,0,0,0,0,0
6793,956,56,0,62506,62,"Don't Sweat the Small Fry",0,0,0,0,0,0,0,0,0,0,0,0,0,0,0,0,0,0,0,0,0,0,0,0
6794,957,56,0,62506,62,"I Need Your Glove Tonight",0,0,0,0,0,0,0,0,0,0,0,0,0,0,0,0,0,0,0,0,0,0,0,0
6795,958,56,0,62506,62,"Trainin' the Neck",0,0,0,0,0,0,0,0,0,0,0,0,0,0,0,0,0,0,0,0,0,0,0,0
6796,959,56,0,62506,62,"It's All in the Wrists (L)",0,0,0,0,0,0,0,0,0,0,0,0,0,0,0,0,0,0,0,0,0,0,0,0
6797,960,56,0,62506,62,"Halonic Drake Handlers (L)",0,0,0,0,0,0,0,0,0,0,0,0,0,0,0,0,0,0,0,0,0,0,0,0
6798,961,56,0,62506,62,"Training Is Only Skintight (L)",0,0,0,0,0,0,0,0,0,0,0,0,0,0,0,0,0,0,0,0,0,0,0,0
6799,962,58,0,62506,62,"Starting Off on the Wrong Foot",0,0,0,0,0,0,0,0,0,0,0,0,0,0,0,0,0,0,0,0,0,0,0,0
6800,963,58,0,62506,62,"Bar of the Bannermen",0,0,0,0,0,0,0,0,0,0,0,0,0,0,0,0,0,0,0,0,0,0,0,0
6801,964,58,0,62506,62,"It Will Knock Your Socks Off",0,0,0,0,0,0,0,0,0,0,0,0,0,0,0,0,0,0,0,0,0,0,0,0
6802,965,58,0,62506,62,"Raising the Dragoons (L)",0,0,0,0,0,0,0,0,0,0,0,0,0,0,0,0,0,0,0,0,0,0,0,0
6803,966,58,0,62506,62,"Do My Little Turn on the Stonewalk (L)",0,0,0,0,0,0,0,0,0,0,0,0,0,0,0,0,0,0,0,0,0,0,0,0
6804,967,58,0,62506,62,"On My Own Two Feet (L)",0,0,0,0,0,0,0,0,0,0,0,0,0,0,0,0,0,0,0,0,0,0,0,0
6805,1253,60,0,62506,2404,"Vested Interest",0,0,0,0,0,0,0,0,0,0,0,0,0,0,0,0,0,0,0,0,0,0,0,0
6806,1254,60,0,62506,2404,"Hide to Go Seek",0,0,0,0,0,0,0,0,0,0,0,0,0,0,0,0,0,0,0,0,0,0,0,0
6807,1255,60,0,62506,2404,"Fitting In",0,0,0,0,0,0,0,0,0,0,0,0,0,0,0,0,0,0,0,0,0,0,0,0
6808,1256,62,0,62506,2404,"Weathering Heights",0,0,0,0,0,0,0,0,0,0,0,0,0,0,0,0,0,0,0,0,0,0,0,0
6809,1257,62,0,62506,2404,"Off the Cuff",0,0,0,0,0,0,0,0,0,0,0,0,0,0,0,0,0,0,0,0,0,0,0,0
6810,1258,62,0,62506,2404,"Looking for Glove",0,0,0,0,0,0,0,0,0,0,0,0,0,0,0,0,0,0,0,0,0,0,0,0
6811,1259,64,0,62506,2404,"Try Tricorne Again",0,0,0,0,0,0,0,0,0,0,0,0,0,0,0,0,0,0,0,0,0,0,0,0
6812,1260,64,0,62506,2404,"Shoe on the Other Foot",0,0,0,0,0,0,0,0,0,0,0,0,0,0,0,0,0,0,0,0,0,0,0,0
6813,1261,64,0,62506,2404,"Tiger in the Sack",0,0,0,0,0,0,0,0,0,0,0,0,0,0,0,0,0,0,0,0,0,0,0,0
6814,1262,66,0,62506,2404,"A Stitch in Time",0,0,0,0,0,0,0,0,0,0,0,0,0,0,0,0,0,0,0,0,0,0,0,0
6815,1263,66,0,62506,2404,"Shrug It On",0,0,0,0,0,0,0,0,0,0,0,0,0,0,0,0,0,0,0,0,0,0,0,0
6816,1264,66,0,62506,2404,"Security Breeches",0,0,0,0,0,0,0,0,0,0,0,0,0,0,0,0,0,0,0,0,0,0,0,0
6817,1265,68,0,62506,2404,"Brace Yourselves",0,0,0,0,0,0,0,0,0,0,0,0,0,0,0,0,0,0,0,0,0,0,0,0
6818,1266,68,0,62506,2404,"Thick and Thin",0,0,0,0,0,0,0,0,0,0,0,0,0,0,0,0,0,0,0,0,0,0,0,0
6819,1267,68,0,62506,2404,"If the Shoe Fits",0,0,0,0,0,0,0,0,0,0,0,0,0,0,0,0,0,0,0,0,0,0,0,0
6820,1418,70,0,62506,2951,"Ware and Chair",0,0,0,0,0,0,0,0,0,0,0,0,0,0,0,0,0,0,0,0,0,0,0,0
6821,1419,70,0,62506,2951,"Girding for Glory",0,0,0,0,0,0,0,0,0,0,0,0,0,0,0,0,0,0,0,0,0,0,0,0
6822,1420,70,0,62506,2951,"Band Substances",0,0,0,0,0,0,0,0,0,0,0,0,0,0,0,0,0,0,0,0,0,0,0,0
6823,1421,72,0,62506,2951,"Breeches of Trust",0,0,0,0,0,0,0,0,0,0,0,0,0,0,0,0,0,0,0,0,0,0,0,0
6824,1422,72,0,62506,2951,"Glove Me Tender",0,0,0,0,0,0,0,0,0,0,0,0,0,0,0,0,0,0,0,0,0,0,0,0
6825,1423,72,0,62506,2951,"A Slippery Slope",0,0,0,0,0,0,0,0,0,0,0,0,0,0,0,0,0,0,0,0,0,0,0,0
6826,1424,74,0,62506,2951,"Peace in Rest",0,0,0,0,0,0,0,0,0,0,0,0,0,0,0,0,0,0,0,0,0,0,0,0
6827,1425,74,0,62506,2951,"A Heady Endeavor",0,0,0,0,0,0,0,0,0,0,0,0,0,0,0,0,0,0,0,0,0,0,0,0
6828,1426,74,0,62506,2951,"At Your Neck and Call",0,0,0,0,0,0,0,0,0,0,0,0,0,0,0,0,0,0,0,0,0,0,0,0
6829,1427,76,0,62506,2951,"Protecting the Nuts",0,0,0,0,0,0,0,0,0,0,0,0,0,0,0,0,0,0,0,0,0,0,0,0
6830,1428,76,0,62506,2951,"If I Could Walk a Thousand Malms",0,0,0,0,0,0,0,0,0,0,0,0,0,0,0,0,0,0,0,0,0,0,0,0
6831,1429,76,0,62506,2951,"Strike True",0,0,0,0,0,0,0,0,0,0,0,0,0,0,0,0,0,0,0,0,0,0,0,0
6832,1430,78,0,62506,2951,"Fit for a Friend",0,0,0,0,0,0,0,0,0,0,0,0,0,0,0,0,0,0,0,0,0,0,0,0
6833,1431,78,0,62506,2951,"Into the Storm",0,0,0,0,0,0,0,0,0,0,0,0,0,0,0,0,0,0,0,0,0,0,0,0
6834,1432,78,0,62506,2951,"A Shoe In",0,0,0,0,0,0,0,0,0,0,0,0,0,0,0,0,0,0,0,0,0,0,0,0
6835,1608,80,0,62506,3706,"Hell on Leather",0,0,0,0,0,0,0,0,0,0,0,0,0,0,0,0,0,0,0,0,0,0,0,0
6836,1609,80,0,62506,3706,"Running up the Tabi",0,0,0,0,0,0,0,0,0,0,0,0,0,0,0,0,0,0,0,0,0,0,0,0
6837,1610,82,0,62506,3706,"Boot Legs",0,0,0,0,0,0,0,0,0,0,0,0,0,0,0,0,0,0,0,0,0,0,0,0
6838,1611,82,0,62506,3706,"Scouting Talent",0,0,0,0,0,0,0,0,0,0,0,0,0,0,0,0,0,0,0,0,0,0,0,0
6839,1612,84,0,62506,3706,"Battered Books",0,0,0,0,0,0,0,0,0,0,0,0,0,0,0,0,0,0,0,0,0,0,0,0
6840,1613,84,0,62506,3706,"Loyal Turncoat",0,0,0,0,0,0,0,0,0,0,0,0,0,0,0,0,0,0,0,0,0,0,0,0
6841,1614,86,0,62506,3706,"Grips of Fear",0,0,0,0,0,0,0,0,0,0,0,0,0,0,0,0,0,0,0,0,0,0,0,0
6842,1615,86,0,62506,3706,"Loving Soles",0,0,0,0,0,0,0,0,0,0,0,0,0,0,0,0,0,0,0,0,0,0,0,0
6843,1616,88,0,62506,3706,"Generous Soles",0,0,0,0,0,0,0,0,0,0,0,0,0,0,0,0,0,0,0,0,0,0,0,0
6844,1617,88,0,62506,3706,"For What Was Gleaned",0,0,0,0,0,0,0,0,0,0,0,0,0,0,0,0,0,0,0,0,0,0,0,0
6845,1728,90,0,62506,4504,"Tenets of Tanning",0,0,0,0,0,0,0,0,0,0,0,0,0,0,0,0,0,0,0,0,0,0,0,0
6846,1729,90,0,62506,4504,"The Perfect Accessory",0,0,0,0,0,0,0,0,0,0,0,0,0,0,0,0,0,0,0,0,0,0,0,0
6847,1730,92,0,62506,4504,"Freezing Fingers",0,0,0,0,0,0,0,0,0,0,0,0,0,0,0,0,0,0,0,0,0,0,0,0
6848,1731,92,0,62506,4504,"Dreams of Ja",0,0,0,0,0,0,0,0,0,0,0,0,0,0,0,0,0,0,0,0,0,0,0,0
6849,1732,94,0,62506,4504,"Respect for Br'aax",0,0,0,0,0,0,0,0,0,0,0,0,0,0,0,0,0,0,0,0,0,0,0,0
6850,1733,94,0,62506,4504,"Lending Artisans a Hand",0,0,0,0,0,0,0,0,0,0,0,0,0,0,0,0,0,0,0,0,0,0,0,0
6851,1734,96,0,62506,4504,"Freezing Toes",0,0,0,0,0,0,0,0,0,0,0,0,0,0,0,0,0,0,0,0,0,0,0,0
6852,1735,96,0,62506,4504,"Giving Gatherers Their Gear",0,0,0,0,0,0,0,0,0,0,0,0,0,0,0,0,0,0,0,0,0,0,0,0
6853,1736,98,0,62506,4504,"Worqor Zormor or Bust",0,0,0,0,0,0,0,0,0,0,0,0,0,0,0,0,0,0,0,0,0,0,0,0
6854,1737,98,0,62506,4504,"Just Generally Freezing",0,0,0,0,0,0,0,0,0,0,0,0,0,0,0,0,0,0,0,0,0,0,0,0
6855,381,1,0,62507,51,"The Unmentionables",0,0,0,0,0,0,0,0,0,0,0,0,0,0,0,0,0,0,0,0,0,0,0,0
6856,382,1,0,62507,51,"Trew Enough",0,0,0,0,0,0,0,0,0,0,0,0,0,0,0,0,0,0,0,0,0,0,0,0
6857,383,1,0,62507,42,"Not Cool Enough",0,0,0,0,0,0,0,0,0,0,0,0,0,0,0,0,0,0,0,0,0,0,0,0
6858,384,1,0,62507,42,"Hire in the Blood",0,0,0,0,0,0,0,0,0,0,0,0,0,0,0,0,0,0,0,0,0,0,0,0
6859,385,1,0,62507,42,"Burn Me Up",0,0,0,0,0,0,0,0,0,0,0,0,0,0,0,0,0,0,0,0,0,0,0,0
6860,386,1,0,62507,51,"Long Hair, Long Life",0,0,0,0,0,0,0,0,0,0,0,0,0,0,0,0,0,0,0,0,0,0,0,0
6861,387,5,0,62507,51,"The Adventurer's New Coat",0,0,0,0,0,0,0,0,0,0,0,0,0,0,0,0,0,0,0,0,0,0,0,0
6862,388,5,0,62507,51,"A Taste for Dalmaticae",0,0,0,0,0,0,0,0,0,0,0,0,0,0,0,0,0,0,0,0,0,0,0,0
6863,389,5,0,62507,42,"Just for Kecks",0,0,0,0,0,0,0,0,0,0,0,0,0,0,0,0,0,0,0,0,0,0,0,0
6864,390,5,0,62507,42,"Wiggle Room",0,0,0,0,0,0,0,0,0,0,0,0,0,0,0,0,0,0,0,0,0,0,0,0
6865,391,5,0,62507,42,"This Is Why You Can't Have Nice Things",0,0,0,0,0,0,0,0,0,0,0,0,0,0,0,0,0,0,0,0,0,0,0,0
6866,392,5,0,62507,51,"Time for Acton",0,0,0,0,0,0,0,0,0,0,0,0,0,0,0,0,0,0,0,0,0,0,0,0
6867,393,10,0,62507,51,"Hat in Hand",0,0,0,0,0,0,0,0,0,0,0,0,0,0,0,0,0,0,0,0,0,0,0,0
6868,394,10,0,62507,51,"Workplace Safety",0,0,0,0,0,0,0,0,0,0,0,0,0,0,0,0,0,0,0,0,0,0,0,0
6869,395,10,0,62507,42,"Keep It under Wraps",0,0,0,0,0,0,0,0,0,0,0,0,0,0,0,0,0,0,0,0,0,0,0,0
6870,396,10,0,62507,42,"Making Gloves Out of Nothing at All",0,0,0,0,0,0,0,0,0,0,0,0,0,0,0,0,0,0,0,0,0,0,0,0
6871,397,10,0,62507,42,"Welcome to the Cotton Club",0,0,0,0,0,0,0,0,0,0,0,0,0,0,0,0,0,0,0,0,0,0,0,0
6872,398,10,0,62507,51,"Dirt Cheap",0,0,0,0,0,0,0,0,0,0,0,0,0,0,0,0,0,0,0,0,0,0,0,0
6873,399,15,0,62507,51,"Read the Fine Print",0,0,0,0,0,0,0,0,0,0,0,0,0,0,0,0,0,0,0,0,0,0,0,0
6874,400,15,0,62507,51,"Don't Trew So Hard",0,0,0,0,0,0,0,0,0,0,0,0,0,0,0,0,0,0,0,0,0,0,0,0
6875,401,15,0,62507,44,"Better Shroud than Sorry",0,0,0,0,0,0,0,0,0,0,0,0,0,0,0,0,0,0,0,0,0,0,0,0
6876,402,15,0,62507,44,"Pants Are Not Enough",0,0,0,0,0,0,0,0,0,0,0,0,0,0,0,0,0,0,0,0,0,0,0,0
6877,403,15,0,62507,44,"Touch Me If You Can",0,0,0,0,0,0,0,0,0,0,0,0,0,0,0,0,0,0,0,0,0,0,0,0
6878,404,15,0,62507,51,"A Drag of a Doublet",0,0,0,0,0,0,0,0,0,0,0,0,0,0,0,0,0,0,0,0,0,0,0,0
6879,405,20,0,62507,51,"New Shoes, New Me",0,0,0,0,0,0,0,0,0,0,0,0,0,0,0,0,0,0,0,0,0,0,0,0
6880,406,20,0,62507,51,"Hitting Below the Belt",0,0,0,0,0,0,0,0,0,0,0,0,0,0,0,0,0,0,0,0,0,0,0,0
6881,407,20,0,62507,56,"Doublet Jeopardy",0,0,0,0,0,0,0,0,0,0,0,0,0,0,0,0,0,0,0,0,0,0,0,0
6882,408,20,0,62507,56,"Getting Handsy",0,0,0,0,0,0,0,0,0,0,0,0,0,0,0,0,0,0,0,0,0,0,0,0
6883,409,20,0,62507,56,"The Telltale Tress",0,0,0,0,0,0,0,0,0,0,0,0,0,0,0,0,0,0,0,0,0,0,0,0
6884,410,20,0,62507,56,"Whatchoo Talking About",0,0,0,0,0,0,0,0,0,0,0,0,0,0,0,0,0,0,0,0,0,0,0,0
6885,411,25,0,62507,51,"Piling It On",0,0,0,0,0,0,0,0,0,0,0,0,0,0,0,0,0,0,0,0,0,0,0,0
6886,412,25,0,62507,56,"I'll Be Your Wailer Today",0,0,0,0,0,0,0,0,0,0,0,0,0,0,0,0,0,0,0,0,0,0,0,0
6887,413,25,0,62507,51,"He's Got Legs",0,0,0,0,0,0,0,0,0,0,0,0,0,0,0,0,0,0,0,0,0,0,0,0
6888,414,25,0,62507,56,"Pantser Corps",0,0,0,0,0,0,0,0,0,0,0,0,0,0,0,0,0,0,0,0,0,0,0,0
6889,415,25,0,62507,56,"Put a Lid on It",0,0,0,0,0,0,0,0,0,0,0,0,0,0,0,0,0,0,0,0,0,0,0,0
6890,416,25,0,62507,56,"Bet You Anything",0,0,0,0,0,0,0,0,0,0,0,0,0,0,0,0,0,0,0,0,0,0,0,0
6891,417,30,0,62507,32,"By the Seat of the Pants",0,0,0,0,0,0,0,0,0,0,0,0,0,0,0,0,0,0,0,0,0,0,0,0
6892,418,30,0,62507,51,"By the Short Hairs",0,0,0,0,0,0,0,0,0,0,0,0,0,0,0,0,0,0,0,0,0,0,0,0
6893,419,30,0,62507,51,"Our Man in Ul'dah",0,0,0,0,0,0,0,0,0,0,0,0,0,0,0,0,0,0,0,0,0,0,0,0
6894,420,30,0,62507,32,"Half Is the New Double",0,0,0,0,0,0,0,0,0,0,0,0,0,0,0,0,0,0,0,0,0,0,0,0
6895,421,30,0,62507,32,"Put on Your Party Pants",0,0,0,0,0,0,0,0,0,0,0,0,0,0,0,0,0,0,0,0,0,0,0,0
6896,422,30,0,62507,32,"Walk Softly and Carry a Big Halberd",0,0,0,0,0,0,0,0,0,0,0,0,0,0,0,0,0,0,0,0,0,0,0,0
6897,423,35,0,62507,63,"Edmelle's Hair",0,0,0,0,0,0,0,0,0,0,0,0,0,0,0,0,0,0,0,0,0,0,0,0
6898,424,35,0,62507,51,"Private Concerns",0,0,0,0,0,0,0,0,0,0,0,0,0,0,0,0,0,0,0,0,0,0,0,0
6899,425,35,0,62507,51,"Crunching the Numbers",0,0,0,0,0,0,0,0,0,0,0,0,0,0,0,0,0,0,0,0,0,0,0,0
6900,426,35,0,62507,63,"The Wages of Sin",0,0,0,0,0,0,0,0,0,0,0,0,0,0,0,0,0,0,0,0,0,0,0,0
6901,427,35,0,62507,63,"In over Your Head",0,0,0,0,0,0,0,0,0,0,0,0,0,0,0,0,0,0,0,0,0,0,0,0
6902,428,35,0,62507,63,"A Leg Up on the Cold",0,0,0,0,0,0,0,0,0,0,0,0,0,0,0,0,0,0,0,0,0,0,0,0
6903,429,40,0,62507,63,"Cool to Be Southern",0,0,0,0,0,0,0,0,0,0,0,0,0,0,0,0,0,0,0,0,0,0,0,0
6904,430,40,0,62507,51,"After the Smock-down",0,0,0,0,0,0,0,0,0,0,0,0,0,0,0,0,0,0,0,0,0,0,0,0
6905,431,40,0,62507,51,"Party Animals",0,0,0,0,0,0,0,0,0,0,0,0,0,0,0,0,0,0,0,0,0,0,0,0
6906,432,40,0,62507,63,"I'll Swap You",0,0,0,0,0,0,0,0,0,0,0,0,0,0,0,0,0,0,0,0,0,0,0,0
6907,433,40,0,62507,63,"No Country for Cold Men",0,0,0,0,0,0,0,0,0,0,0,0,0,0,0,0,0,0,0,0,0,0,0,0
6908,434,40,0,62507,63,"A Matter of Import",0,0,0,0,0,0,0,0,0,0,0,0,0,0,0,0,0,0,0,0,0,0,0,0
6909,435,45,0,62507,67,"Full Moon Fever",0,0,0,0,0,0,0,0,0,0,0,0,0,0,0,0,0,0,0,0,0,0,0,0
6910,436,45,0,62507,51,"Glad As a Hatter",0,0,0,0,0,0,0,0,0,0,0,0,0,0,0,0,0,0,0,0,0,0,0,0
6911,437,45,0,62507,51,"Seeing It Through to the End",0,0,0,0,0,0,0,0,0,0,0,0,0,0,0,0,0,0,0,0,0,0,0,0
6912,438,45,0,62507,67,"Big in Mor Dhona",0,0,0,0,0,0,0,0,0,0,0,0,0,0,0,0,0,0,0,0,0,0,0,0
6913,439,45,0,62507,67,"And a Haircut Wouldn't Hurt",0,0,0,0,0,0,0,0,0,0,0,0,0,0,0,0,0,0,0,0,0,0,0,0
6914,440,45,0,62507,67,"Bundle Up, It's Odd out There",0,0,0,0,0,0,0,0,0,0,0,0,0,0,0,0,0,0,0,0,0,0,0,0
6915,1088,50,0,62507,62,"Pride Up in Smoke",0,0,0,0,0,0,0,0,0,0,0,0,0,0,0,0,0,0,0,0,0,0,0,0
6916,1089,50,0,62507,62,"Protecting the Foundation",0,0,0,0,0,0,0,0,0,0,0,0,0,0,0,0,0,0,0,0,0,0,0,0
6917,1090,50,0,62507,62,"Ribbon of Remembrance",0,0,0,0,0,0,0,0,0,0,0,0,0,0,0,0,0,0,0,0,0,0,0,0
6918,1091,50,0,62507,62,"Desperate for Diversionaries (L)",0,0,0,0,0,0,0,0,0,0,0,0,0,0,0,0,0,0,0,0,0,0,0,0
6919,1092,50,0,62507,62,"Curb the Gnawing Feeling (L)",0,0,0,0,0,0,0,0,0,0,0,0,0,0,0,0,0,0,0,0,0,0,0,0
6920,1093,50,0,62507,62,"The Road Was a Ribbon of Moonlight (L)",0,0,0,0,0,0,0,0,0,0,0,0,0,0,0,0,0,0,0,0,0,0,0,0
6921,1094,52,0,62507,62,"What Not to Wear",0,0,0,0,0,0,0,0,0,0,0,0,0,0,0,0,0,0,0,0,0,0,0,0
6922,1095,52,0,62507,62,"Fashion Patrol",0,0,0,0,0,0,0,0,0,0,0,0,0,0,0,0,0,0,0,0,0,0,0,0
6923,1096,52,0,62507,62,"An Account of My Boots",0,0,0,0,0,0,0,0,0,0,0,0,0,0,0,0,0,0,0,0,0,0,0,0
6924,1097,52,0,62507,62,"Appeal of Foreign Apparel (L)",0,0,0,0,0,0,0,0,0,0,0,0,0,0,0,0,0,0,0,0,0,0,0,0
6925,1098,52,0,62507,62,"Dress Code Violation (L)",0,0,0,0,0,0,0,0,0,0,0,0,0,0,0,0,0,0,0,0,0,0,0,0
6926,1099,52,0,62507,62,"Soot in My Hair and Scars on My Feet (L)",0,0,0,0,0,0,0,0,0,0,0,0,0,0,0,0,0,0,0,0,0,0,0,0
6927,1100,54,0,62507,62,"Clothing the Naked Truth",0,0,0,0,0,0,0,0,0,0,0,0,0,0,0,0,0,0,0,0,0,0,0,0
6928,1101,54,0,62507,62,"Storm upon Bald Mountain",0,0,0,0,0,0,0,0,0,0,0,0,0,0,0,0,0,0,0,0,0,0,0,0
6929,1102,54,0,62507,62,"Finger on the Pulse",0,0,0,0,0,0,0,0,0,0,0,0,0,0,0,0,0,0,0,0,0,0,0,0
6930,1103,54,0,62507,62,"When in Robes (L)",0,0,0,0,0,0,0,0,0,0,0,0,0,0,0,0,0,0,0,0,0,0,0,0
6931,1104,54,0,62507,62,"Abrupt Apprentices (L)",0,0,0,0,0,0,0,0,0,0,0,0,0,0,0,0,0,0,0,0,0,0,0,0
6932,1105,54,0,62507,62,"Chirurgeon Hand in Glove (L)",0,0,0,0,0,0,0,0,0,0,0,0,0,0,0,0,0,0,0,0,0,0,0,0
6933,1106,56,0,62507,62,"Healing with Flair",0,0,0,0,0,0,0,0,0,0,0,0,0,0,0,0,0,0,0,0,0,0,0,0
6934,1107,56,0,62507,62,"Where the Dragonflies, the Net Catches",0,0,0,0,0,0,0,0,0,0,0,0,0,0,0,0,0,0,0,0,0,0,0,0
6935,1108,56,0,62507,62,"Investing in the Future",0,0,0,0,0,0,0,0,0,0,0,0,0,0,0,0,0,0,0,0,0,0,0,0
6936,1109,56,0,62507,62,"Pants Fit for Battle (L)",0,0,0,0,0,0,0,0,0,0,0,0,0,0,0,0,0,0,0,0,0,0,0,0
6937,1110,56,0,62507,62,"To Kill a Dragon on Nameday (L)",0,0,0,0,0,0,0,0,0,0,0,0,0,0,0,0,0,0,0,0,0,0,0,0
6938,1111,56,0,62507,62,"Maids of Honor (L)",0,0,0,0,0,0,0,0,0,0,0,0,0,0,0,0,0,0,0,0,0,0,0,0
6939,1112,58,0,62507,62,"Felt for the Fallen",0,0,0,0,0,0,0,0,0,0,0,0,0,0,0,0,0,0,0,0,0,0,0,0
6940,1113,58,0,62507,62,"He Wears the Pants",0,0,0,0,0,0,0,0,0,0,0,0,0,0,0,0,0,0,0,0,0,0,0,0
6941,1114,58,0,62507,62,"The Hat List",0,0,0,0,0,0,0,0,0,0,0,0,0,0,0,0,0,0,0,0,0,0,0,0
6942,1115,58,0,62507,62,"Blinded Veil of Vigilance (L)",0,0,0,0,0,0,0,0,0,0,0,0,0,0,0,0,0,0,0,0,0,0,0,0
6943,1116,58,0,62507,62,"Pom Hemlock (L)",0,0,0,0,0,0,0,0,0,0,0,0,0,0,0,0,0,0,0,0,0,0,0,0
6944,1117,58,0,62507,62,"Knight Incognito (L)",0,0,0,0,0,0,0,0,0,0,0,0,0,0,0,0,0,0,0,0,0,0,0,0
6945,1328,60,0,62507,2404,"Modest Beginnings",0,0,0,0,0,0,0,0,0,0,0,0,0,0,0,0,0,0,0,0,0,0,0,0
6946,1329,60,0,62507,2404,"What Guides Want",0,0,0,0,0,0,0,0,0,0,0,0,0,0,0,0,0,0,0,0,0,0,0,0
6947,1330,60,0,62507,2404,"Proper Props",0,0,0,0,0,0,0,0,0,0,0,0,0,0,0,0,0,0,0,0,0,0,0,0
6948,1331,62,0,62507,2404,"Duress Rehearsal",0,0,0,0,0,0,0,0,0,0,0,0,0,0,0,0,0,0,0,0,0,0,0,0
6949,1332,62,0,62507,2404,"Skills on Display",0,0,0,0,0,0,0,0,0,0,0,0,0,0,0,0,0,0,0,0,0,0,0,0
6950,1333,62,0,62507,2404,"Getting a Leg Up",0,0,0,0,0,0,0,0,0,0,0,0,0,0,0,0,0,0,0,0,0,0,0,0
6951,1334,64,0,62507,2404,"Apparent Apparel",0,0,0,0,0,0,0,0,0,0,0,0,0,0,0,0,0,0,0,0,0,0,0,0
6952,1335,64,0,62507,2404,"Say Yes to Formal Dress",0,0,0,0,0,0,0,0,0,0,0,0,0,0,0,0,0,0,0,0,0,0,0,0
6953,1336,64,0,62507,2404,"Of Great Import",0,0,0,0,0,0,0,0,0,0,0,0,0,0,0,0,0,0,0,0,0,0,0,0
6954,1337,66,0,62507,2404,"Who War It Better",0,0,0,0,0,0,0,0,0,0,0,0,0,0,0,0,0,0,0,0,0,0,0,0
6955,1338,66,0,62507,2404,"Don't Sweat the Role",0,0,0,0,0,0,0,0,0,0,0,0,0,0,0,0,0,0,0,0,0,0,0,0
6956,1339,66,0,62507,2404,"To the Tops",0,0,0,0,0,0,0,0,0,0,0,0,0,0,0,0,0,0,0,0,0,0,0,0
6957,1340,68,0,62507,2404,"Brimming with Confidence",0,0,0,0,0,0,0,0,0,0,0,0,0,0,0,0,0,0,0,0,0,0,0,0
6958,1341,68,0,62507,2404,"One Winged Angle",0,0,0,0,0,0,0,0,0,0,0,0,0,0,0,0,0,0,0,0,0,0,0,0
6959,1342,68,0,62507,2404,"Cap It Off",0,0,0,0,0,0,0,0,0,0,0,0,0,0,0,0,0,0,0,0,0,0,0,0
6960,1493,70,0,62507,2951,"Flax Wax",0,0,0,0,0,0,0,0,0,0,0,0,0,0,0,0,0,0,0,0,0,0,0,0
6961,1494,70,0,62507,2951,"Lovely Leggings",0,0,0,0,0,0,0,0,0,0,0,0,0,0,0,0,0,0,0,0,0,0,0,0
6962,1495,70,0,62507,2951,"Turban in Training",0,0,0,0,0,0,0,0,0,0,0,0,0,0,0,0,0,0,0,0,0,0,0,0
6963,1496,72,0,62507,2951,"Suits You",0,0,0,0,0,0,0,0,0,0,0,0,0,0,0,0,0,0,0,0,0,0,0,0
6964,1497,72,0,62507,2951,"Legs for Days",0,0,0,0,0,0,0,0,0,0,0,0,0,0,0,0,0,0,0,0,0,0,0,0
6965,1498,72,0,62507,2951,"Hair Do No Harm",0,0,0,0,0,0,0,0,0,0,0,0,0,0,0,0,0,0,0,0,0,0,0,0
6966,1499,74,0,62507,2951,"A Tender Table",0,0,0,0,0,0,0,0,0,0,0,0,0,0,0,0,0,0,0,0,0,0,0,0
6967,1500,74,0,62507,2951,"Hunting Season",0,0,0,0,0,0,0,0,0,0,0,0,0,0,0,0,0,0,0,0,0,0,0,0
6968,1501,74,0,62507,2951,"Gloves Come in Handy",0,0,0,0,0,0,0,0,0,0,0,0,0,0,0,0,0,0,0,0,0,0,0,0
6969,1502,76,0,62507,2951,"All-purpose Overgarments",0,0,0,0,0,0,0,0,0,0,0,0,0,0,0,0,0,0,0,0,0,0,0,0
6970,1503,76,0,62507,2951,"The Hunt Continues",0,0,0,0,0,0,0,0,0,0,0,0,0,0,0,0,0,0,0,0,0,0,0,0
6971,1504,76,0,62507,2951,"Something in My Eye",0,0,0,0,0,0,0,0,0,0,0,0,0,0,0,0,0,0,0,0,0,0,0,0
6972,1505,78,0,62507,2951,"A Job Well Done",0,0,0,0,0,0,0,0,0,0,0,0,0,0,0,0,0,0,0,0,0,0,0,0
6973,1506,78,0,62507,2951,"A Turban for the Ages",0,0,0,0,0,0,0,0,0,0,0,0,0,0,0,0,0,0,0,0,0,0,0,0
6974,1507,78,0,62507,2951,"Healing Headwear",0,0,0,0,0,0,0,0,0,0,0,0,0,0,0,0,0,0,0,0,0,0,0,0
6975,1618,80,0,62507,3706,"Heavy Armoire",0,0,0,0,0,0,0,0,0,0,0,0,0,0,0,0,0,0,0,0,0,0,0,0
6976,1619,80,0,62507,3706,"Helping Handwear",0,0,0,0,0,0,0,0,0,0,0,0,0,0,0,0,0,0,0,0,0,0,0,0
6977,1620,82,0,62507,3706,"Hot Heads",0,0,0,0,0,0,0,0,0,0,0,0,0,0,0,0,0,0,0,0,0,0,0,0
6978,1621,82,0,62507,3706,"Color Coated",0,0,0,0,0,0,0,0,0,0,0,0,0,0,0,0,0,0,0,0,0,0,0,0
6979,1622,84,0,62507,3706,"A Polished Purchase",0,0,0,0,0,0,0,0,0,0,0,0,0,0,0,0,0,0,0,0,0,0,0,0
6980,1623,84,0,62507,3706,"Turban Sprawl",0,0,0,0,0,0,0,0,0,0,0,0,0,0,0,0,0,0,0,0,0,0,0,0
6981,1624,86,0,62507,3706,"Lightening Up",0,0,0,0,0,0,0,0,0,0,0,0,0,0,0,0,0,0,0,0,0,0,0,0
6982,1625,86,0,62507,3706,"Lifetime of Gleaning",0,0,0,0,0,0,0,0,0,0,0,0,0,0,0,0,0,0,0,0,0,0,0,0
6983,1626,88,0,62507,3706,"Skill Cap",0,0,0,0,0,0,0,0,0,0,0,0,0,0,0,0,0,0,0,0,0,0,0,0
6984,1627,88,0,62507,3706,"A Better Bottom Line",0,0,0,0,0,0,0,0,0,0,0,0,0,0,0,0,0,0,0,0,0,0,0,0
6985,1738,90,0,62507,4504,"Comfy Cabins",0,0,0,0,0,0,0,0,0,0,0,0,0,0,0,0,0,0,0,0,0,0,0,0
6986,1739,90,0,62507,4504,"Begin with the Basics",0,0,0,0,0,0,0,0,0,0,0,0,0,0,0,0,0,0,0,0,0,0,0,0
6987,1740,92,0,62507,4504,"Cloth for Canvas",0,0,0,0,0,0,0,0,0,0,0,0,0,0,0,0,0,0,0,0,0,0,0,0
6988,1741,92,0,62507,4504,"In Line with Linen",0,0,0,0,0,0,0,0,0,0,0,0,0,0,0,0,0,0,0,0,0,0,0,0
6989,1742,94,0,62507,4504,"Weaving the Envelope",0,0,0,0,0,0,0,0,0,0,0,0,0,0,0,0,0,0,0,0,0,0,0,0
6990,1743,94,0,62507,4504,"Traditional Trousers",0,0,0,0,0,0,0,0,0,0,0,0,0,0,0,0,0,0,0,0,0,0,0,0
6991,1744,96,0,62507,4504,"Halfgloves, Full Effort",0,0,0,0,0,0,0,0,0,0,0,0,0,0,0,0,0,0,0,0,0,0,0,0
6992,1745,96,0,62507,4504,"Cruel Climates",0,0,0,0,0,0,0,0,0,0,0,0,0,0,0,0,0,0,0,0,0,0,0,0
6993,1746,98,0,62507,4504,"Glamorous Gloves",0,0,0,0,0,0,0,0,0,0,0,0,0,0,0,0,0,0,0,0,0,0,0,0
6994,1747,98,0,62507,4504,"Silk for Sunperch",0,0,0,0,0,0,0,0,0,0,0,0,0,0,0,0,0,0,0,0,0,0,0,0
6995,321,1,0,62508,51,"Mercury Rising",0,0,0,0,0,0,0,0,0,0,0,0,0,0,0,0,0,0,0,0,0,0,0,0
6996,322,1,0,62508,51,"One for the Books",0,0,0,0,0,0,0,0,0,0,0,0,0,0,0,0,0,0,0,0,0,0,0,0
6997,323,1,0,62508,42,"Root Rush",0,0,0,0,0,0,0,0,0,0,0,0,0,0,0,0,0,0,0,0,0,0,0,0
6998,324,1,0,62508,42,"Met a Sticky End",0,0,0,0,0,0,0,0,0,0,0,0,0,0,0,0,0,0,0,0,0,0,0,0
6999,325,1,0,62508,42,"Days of Chunder",0,0,0,0,0,0,0,0,0,0,0,0,0,0,0,0,0,0,0,0,0,0,0,0
7000,326,1,0,62508,51,"The Bleat Is On",0,0,0,0,0,0,0,0,0,0,0,0,0,0,0,0,0,0,0,0,0,0,0,0
7001,327,5,0,62508,51,"On the Drip",0,0,0,0,0,0,0,0,0,0,0,0,0,0,0,0,0,0,0,0,0,0,0,0
7002,328,5,0,62508,51,"Distill, My Heart",0,0,0,0,0,0,0,0,0,0,0,0,0,0,0,0,0,0,0,0,0,0,0,0
7003,329,5,0,62508,42,"A Jawbreaking Weapon of Staggering Weight",0,0,0,0,0,0,0,0,0,0,0,0,0,0,0,0,0,0,0,0,0,0,0,0
7004,330,5,0,62508,42,"Gotta Bounce",0,0,0,0,0,0,0,0,0,0,0,0,0,0,0,0,0,0,0,0,0,0,0,0
7005,331,5,0,62508,42,"Don't Be So Tallow",0,0,0,0,0,0,0,0,0,0,0,0,0,0,0,0,0,0,0,0,0,0,0,0
7006,332,5,0,62508,51,"The Hexster Runoff",0,0,0,0,0,0,0,0,0,0,0,0,0,0,0,0,0,0,0,0,0,0,0,0
7007,333,10,0,62508,51,"Wand-full Tonight",0,0,0,0,0,0,0,0,0,0,0,0,0,0,0,0,0,0,0,0,0,0,0,0
7008,334,10,0,62508,51,"Morning Glass of Ether",0,0,0,0,0,0,0,0,0,0,0,0,0,0,0,0,0,0,0,0,0,0,0,0
7009,335,10,0,62508,42,"Using Your Arcane Powers for Fun and Profit",0,0,0,0,0,0,0,0,0,0,0,0,0,0,0,0,0,0,0,0,0,0,0,0
7010,336,10,0,62508,42,"One for the Road",0,0,0,0,0,0,0,0,0,0,0,0,0,0,0,0,0,0,0,0,0,0,0,0
7011,337,10,0,62508,42,"You Grow, Girl",0,0,0,0,0,0,0,0,0,0,0,0,0,0,0,0,0,0,0,0,0,0,0,0
7012,338,10,0,62508,51,"Unbreak My Heart",0,0,0,0,0,0,0,0,0,0,0,0,0,0,0,0,0,0,0,0,0,0,0,0
7013,339,15,0,62508,51,"Shut Up and Take My Gil",0,0,0,0,0,0,0,0,0,0,0,0,0,0,0,0,0,0,0,0,0,0,0,0
7014,340,15,0,62508,51,"Book and a Hard Place",0,0,0,0,0,0,0,0,0,0,0,0,0,0,0,0,0,0,0,0,0,0,0,0
7015,341,15,0,62508,44,"Kiss of Life",0,0,0,0,0,0,0,0,0,0,0,0,0,0,0,0,0,0,0,0,0,0,0,0
7016,342,15,0,62508,44,"There's Something about Bury",0,0,0,0,0,0,0,0,0,0,0,0,0,0,0,0,0,0,0,0,0,0,0,0
7017,343,15,0,62508,44,"Sanity Points",0,0,0,0,0,0,0,0,0,0,0,0,0,0,0,0,0,0,0,0,0,0,0,0
7018,344,15,0,62508,51,"Devil Take the Foremost",0,0,0,0,0,0,0,0,0,0,0,0,0,0,0,0,0,0,0,0,0,0,0,0
7019,345,20,0,62508,51,"Everything Is Impossible",0,0,0,0,0,0,0,0,0,0,0,0,0,0,0,0,0,0,0,0,0,0,0,0
7020,346,20,0,62508,51,"Don't Forget to Take Your Meds",0,0,0,0,0,0,0,0,0,0,0,0,0,0,0,0,0,0,0,0,0,0,0,0
7021,347,20,0,62508,56,"The Writing Is Not on the Wall",0,0,0,0,0,0,0,0,0,0,0,0,0,0,0,0,0,0,0,0,0,0,0,0
7022,348,20,0,62508,56,"Dripping with Venom",0,0,0,0,0,0,0,0,0,0,0,0,0,0,0,0,0,0,0,0,0,0,0,0
7023,349,20,0,62508,56,"Blind Man's Bluff",0,0,0,0,0,0,0,0,0,0,0,0,0,0,0,0,0,0,0,0,0,0,0,0
7024,350,20,0,62508,56,"Hush Little Wailer",0,0,0,0,0,0,0,0,0,0,0,0,0,0,0,0,0,0,0,0,0,0,0,0
7025,351,25,0,62508,51,"Automata for the People",0,0,0,0,0,0,0,0,0,0,0,0,0,0,0,0,0,0,0,0,0,0,0,0
7026,352,25,0,62508,56,"Glazed and Confused",0,0,0,0,0,0,0,0,0,0,0,0,0,0,0,0,0,0,0,0,0,0,0,0
7027,353,25,0,62508,51,"Sophomore Slump",0,0,0,0,0,0,0,0,0,0,0,0,0,0,0,0,0,0,0,0,0,0,0,0
7028,354,25,0,62508,56,"Conspicuous Conjuration",0,0,0,0,0,0,0,0,0,0,0,0,0,0,0,0,0,0,0,0,0,0,0,0
7029,355,25,0,62508,56,"You Put Your Left Hand In",0,0,0,0,0,0,0,0,0,0,0,0,0,0,0,0,0,0,0,0,0,0,0,0
7030,356,25,0,62508,56,"The Wailers' First Law of Potion",0,0,0,0,0,0,0,0,0,0,0,0,0,0,0,0,0,0,0,0,0,0,0,0
7031,357,30,0,62508,32,"Just Give Him a Serum",0,0,0,0,0,0,0,0,0,0,0,0,0,0,0,0,0,0,0,0,0,0,0,0
7032,358,30,0,62508,51,"Riches' Brew",0,0,0,0,0,0,0,0,0,0,0,0,0,0,0,0,0,0,0,0,0,0,0,0
7033,359,30,0,62508,51,"Stuck in the Moment",0,0,0,0,0,0,0,0,0,0,0,0,0,0,0,0,0,0,0,0,0,0,0,0
7034,360,30,0,62508,32,"The Write Stuff",0,0,0,0,0,0,0,0,0,0,0,0,0,0,0,0,0,0,0,0,0,0,0,0
7035,361,30,0,62508,32,"Eye of the Beholder",0,0,0,0,0,0,0,0,0,0,0,0,0,0,0,0,0,0,0,0,0,0,0,0
7036,362,30,0,62508,32,"Growing Is Knowing",0,0,0,0,0,0,0,0,0,0,0,0,0,0,0,0,0,0,0,0,0,0,0,0
7037,363,35,0,62508,63,"Alive and Unwell",0,0,0,0,0,0,0,0,0,0,0,0,0,0,0,0,0,0,0,0,0,0,0,0
7038,364,35,0,62508,51,"The House Always Wins",0,0,0,0,0,0,0,0,0,0,0,0,0,0,0,0,0,0,0,0,0,0,0,0
7039,365,35,0,62508,51,"Always Have an Exit Plan",0,0,0,0,0,0,0,0,0,0,0,0,0,0,0,0,0,0,0,0,0,0,0,0
7040,366,35,0,62508,63,"Open Your Grimoire to Page 42",0,0,0,0,0,0,0,0,0,0,0,0,0,0,0,0,0,0,0,0,0,0,0,0
7041,367,35,0,62508,63,"The Sting of Conscience",0,0,0,0,0,0,0,0,0,0,0,0,0,0,0,0,0,0,0,0,0,0,0,0
7042,368,35,0,62508,63,"Going Nowhere Fast",0,0,0,0,0,0,0,0,0,0,0,0,0,0,0,0,0,0,0,0,0,0,0,0
7043,369,40,0,62508,63,"A Patch-up Place",0,0,0,0,0,0,0,0,0,0,0,0,0,0,0,0,0,0,0,0,0,0,0,0
7044,370,40,0,62508,51,"A Bile Business",0,0,0,0,0,0,0,0,0,0,0,0,0,0,0,0,0,0,0,0,0,0,0,0
7045,371,40,0,62508,51,"Your Courtesy Wake-up Call",0,0,0,0,0,0,0,0,0,0,0,0,0,0,0,0,0,0,0,0,0,0,0,0
7046,372,40,0,62508,63,"No Accounting for Waste",0,0,0,0,0,0,0,0,0,0,0,0,0,0,0,0,0,0,0,0,0,0,0,0
7047,373,40,0,62508,63,"Arcane Arts for Dummies",0,0,0,0,0,0,0,0,0,0,0,0,0,0,0,0,0,0,0,0,0,0,0,0
7048,374,40,0,62508,63,"A Real Smooth Move",0,0,0,0,0,0,0,0,0,0,0,0,0,0,0,0,0,0,0,0,0,0,0,0
7049,375,45,0,62508,67,"Sleepless in Silvertear",0,0,0,0,0,0,0,0,0,0,0,0,0,0,0,0,0,0,0,0,0,0,0,0
7050,376,45,0,62508,51,"Quit Your Jib-jab",0,0,0,0,0,0,0,0,0,0,0,0,0,0,0,0,0,0,0,0,0,0,0,0
7051,377,45,0,62508,51,"A Matter of Vital Importance",0,0,0,0,0,0,0,0,0,0,0,0,0,0,0,0,0,0,0,0,0,0,0,0
7052,378,45,0,62508,67,"Shut Up Already",0,0,0,0,0,0,0,0,0,0,0,0,0,0,0,0,0,0,0,0,0,0,0,0
7053,379,45,0,62508,67,"Make Up Your Mind or Else",0,0,0,0,0,0,0,0,0,0,0,0,0,0,0,0,0,0,0,0,0,0,0,0
7054,380,45,0,62508,67,"Not Taking No for an Answer",0,0,0,0,0,0,0,0,0,0,0,0,0,0,0,0,0,0,0,0,0,0,0,0
7055,1058,50,0,62508,62,"The Mustache Suits Him",0,0,0,0,0,0,0,0,0,0,0,0,0,0,0,0,0,0,0,0,0,0,0,0
7056,1059,50,0,62508,62,"Summoning for Dummies",0,0,0,0,0,0,0,0,0,0,0,0,0,0,0,0,0,0,0,0,0,0,0,0
7057,1060,50,0,62508,62,"Forged from the Void",0,0,0,0,0,0,0,0,0,0,0,0,0,0,0,0,0,0,0,0,0,0,0,0
7058,1061,50,0,62508,62,"Forgery of Convenience (L)",0,0,0,0,0,0,0,0,0,0,0,0,0,0,0,0,0,0,0,0,0,0,0,0
7059,1062,50,0,62508,62,"Summoning the Courage to Be Different (L)",0,0,0,0,0,0,0,0,0,0,0,0,0,0,0,0,0,0,0,0,0,0,0,0
7060,1063,50,0,62508,62,"Dodging the Draft (L)",0,0,0,0,0,0,0,0,0,0,0,0,0,0,0,0,0,0,0,0,0,0,0,0
7061,1064,52,0,62508,62,"Can't Sleep, Inquisitors Will Eat Me",0,0,0,0,0,0,0,0,0,0,0,0,0,0,0,0,0,0,0,0,0,0,0,0
7062,1065,52,0,62508,62,"Steeling the Knife, Steeling the Mind",0,0,0,0,0,0,0,0,0,0,0,0,0,0,0,0,0,0,0,0,0,0,0,0
7063,1066,52,0,62508,62,"Consecrating Congregation",0,0,0,0,0,0,0,0,0,0,0,0,0,0,0,0,0,0,0,0,0,0,0,0
7064,1067,52,0,62508,62,"Allow No Fallacies (L)",0,0,0,0,0,0,0,0,0,0,0,0,0,0,0,0,0,0,0,0,0,0,0,0
7065,1068,52,0,62508,62,"Surgical Substitution (L)",0,0,0,0,0,0,0,0,0,0,0,0,0,0,0,0,0,0,0,0,0,0,0,0
7066,1069,52,0,62508,62,"Curbing the Contagion (L)",0,0,0,0,0,0,0,0,0,0,0,0,0,0,0,0,0,0,0,0,0,0,0,0
7067,1070,54,0,62508,62,"Adhesive of Antipathy",0,0,0,0,0,0,0,0,0,0,0,0,0,0,0,0,0,0,0,0,0,0,0,0
7068,1071,54,0,62508,62,"Tomes Roam on the Range",0,0,0,0,0,0,0,0,0,0,0,0,0,0,0,0,0,0,0,0,0,0,0,0
7069,1072,54,0,62508,62,"Warding Off Temptation",0,0,0,0,0,0,0,0,0,0,0,0,0,0,0,0,0,0,0,0,0,0,0,0
7070,1073,54,0,62508,62,"It's Gonna Grow Back (L)",0,0,0,0,0,0,0,0,0,0,0,0,0,0,0,0,0,0,0,0,0,0,0,0
7071,1074,54,0,62508,62,"Field Trip to the Unknown (L)",0,0,0,0,0,0,0,0,0,0,0,0,0,0,0,0,0,0,0,0,0,0,0,0
7072,1075,54,0,62508,62,"The Garden of Arcane Delights (L)",0,0,0,0,0,0,0,0,0,0,0,0,0,0,0,0,0,0,0,0,0,0,0,0
7073,1076,56,0,62508,62,"Cleansing the Wicked Humours",0,0,0,0,0,0,0,0,0,0,0,0,0,0,0,0,0,0,0,0,0,0,0,0
7074,1077,56,0,62508,62,"Volunteering with Staff",0,0,0,0,0,0,0,0,0,0,0,0,0,0,0,0,0,0,0,0,0,0,0,0
7075,1078,56,0,62508,62,"Rolling on Initiative",0,0,0,0,0,0,0,0,0,0,0,0,0,0,0,0,0,0,0,0,0,0,0,0
7076,1079,56,0,62508,62,"Washing Away the Sins (L)",0,0,0,0,0,0,0,0,0,0,0,0,0,0,0,0,0,0,0,0,0,0,0,0
7077,1080,56,0,62508,62,"Scripture Is the Best Medicine (L)",0,0,0,0,0,0,0,0,0,0,0,0,0,0,0,0,0,0,0,0,0,0,0,0
7078,1081,56,0,62508,62,"Darkly Dreaming Dexterity (L)",0,0,0,0,0,0,0,0,0,0,0,0,0,0,0,0,0,0,0,0,0,0,0,0
7079,1082,58,0,62508,62,"Filling in the Blanks",0,0,0,0,0,0,0,0,0,0,0,0,0,0,0,0,0,0,0,0,0,0,0,0
7080,1083,58,0,62508,62,"There Was a Late Fee",0,0,0,0,0,0,0,0,0,0,0,0,0,0,0,0,0,0,0,0,0,0,0,0
7081,1084,58,0,62508,62,"The Grave of Hemlock Groves",0,0,0,0,0,0,0,0,0,0,0,0,0,0,0,0,0,0,0,0,0,0,0,0
7082,1085,58,0,62508,62,"Ink into Antiquity (L)",0,0,0,0,0,0,0,0,0,0,0,0,0,0,0,0,0,0,0,0,0,0,0,0
7083,1086,58,0,62508,62,"A Gate Arcane Is Dragon's Bane (L)",0,0,0,0,0,0,0,0,0,0,0,0,0,0,0,0,0,0,0,0,0,0,0,0
7084,1087,58,0,62508,62,"Dappling the Highlands (L)",0,0,0,0,0,0,0,0,0,0,0,0,0,0,0,0,0,0,0,0,0,0,0,0
7085,1313,60,0,62508,2404,"Whinier than the Sword",0,0,0,0,0,0,0,0,0,0,0,0,0,0,0,0,0,0,0,0,0,0,0,0
7086,1314,60,0,62508,2404,"Spellbound",0,0,0,0,0,0,0,0,0,0,0,0,0,0,0,0,0,0,0,0,0,0,0,0
7087,1315,60,0,62508,2404,"Magic Beans",0,0,0,0,0,0,0,0,0,0,0,0,0,0,0,0,0,0,0,0,0,0,0,0
7088,1316,62,0,62508,2404,"Official Strategy Guide",0,0,0,0,0,0,0,0,0,0,0,0,0,0,0,0,0,0,0,0,0,0,0,0
7089,1317,62,0,62508,2404,"Scroll Down",0,0,0,0,0,0,0,0,0,0,0,0,0,0,0,0,0,0,0,0,0,0,0,0
7090,1318,62,0,62508,2404,"Materia Worth",0,0,0,0,0,0,0,0,0,0,0,0,0,0,0,0,0,0,0,0,0,0,0,0
7091,1319,64,0,62508,2404,"The Dotted Line",0,0,0,0,0,0,0,0,0,0,0,0,0,0,0,0,0,0,0,0,0,0,0,0
7092,1320,64,0,62508,2404,"Rumor Has It",0,0,0,0,0,0,0,0,0,0,0,0,0,0,0,0,0,0,0,0,0,0,0,0
7093,1321,64,0,62508,2404,"Asking for a Friend",0,0,0,0,0,0,0,0,0,0,0,0,0,0,0,0,0,0,0,0,0,0,0,0
7094,1322,66,0,62508,2404,"Edge of the Arcane",0,0,0,0,0,0,0,0,0,0,0,0,0,0,0,0,0,0,0,0,0,0,0,0
7095,1323,66,0,62508,2404,"Spell-rebound",0,0,0,0,0,0,0,0,0,0,0,0,0,0,0,0,0,0,0,0,0,0,0,0
7096,1324,66,0,62508,2404,"Let Loose the Juice",0,0,0,0,0,0,0,0,0,0,0,0,0,0,0,0,0,0,0,0,0,0,0,0
7097,1325,68,0,62508,2404,"Pep-stepper",0,0,0,0,0,0,0,0,0,0,0,0,0,0,0,0,0,0,0,0,0,0,0,0
7098,1326,68,0,62508,2404,"Ultimate Official Strategy Guide",0,0,0,0,0,0,0,0,0,0,0,0,0,0,0,0,0,0,0,0,0,0,0,0
7099,1327,68,0,62508,2404,"Making Your Mark",0,0,0,0,0,0,0,0,0,0,0,0,0,0,0,0,0,0,0,0,0,0,0,0
7100,1478,70,0,62508,2951,"Another Man's Ink",0,0,0,0,0,0,0,0,0,0,0,0,0,0,0,0,0,0,0,0,0,0,0,0
7101,1479,70,0,62508,2951,"Keeping Magic Alive",0,0,0,0,0,0,0,0,0,0,0,0,0,0,0,0,0,0,0,0,0,0,0,0
7102,1480,70,0,62508,2951,"A Time for Peace",0,0,0,0,0,0,0,0,0,0,0,0,0,0,0,0,0,0,0,0,0,0,0,0
7103,1481,72,0,62508,2951,"Make It Bigger",0,0,0,0,0,0,0,0,0,0,0,0,0,0,0,0,0,0,0,0,0,0,0,0
7104,1482,72,0,62508,2951,"An Eye for Healing",0,0,0,0,0,0,0,0,0,0,0,0,0,0,0,0,0,0,0,0,0,0,0,0
7105,1483,72,0,62508,2951,"Making Ends Meet",0,0,0,0,0,0,0,0,0,0,0,0,0,0,0,0,0,0,0,0,0,0,0,0
7106,1484,74,0,62508,2951,"Amaro Kart",0,0,0,0,0,0,0,0,0,0,0,0,0,0,0,0,0,0,0,0,0,0,0,0
7107,1485,74,0,62508,2951,"Conserving Combat",0,0,0,0,0,0,0,0,0,0,0,0,0,0,0,0,0,0,0,0,0,0,0,0
7108,1486,74,0,62508,2951,"5-bell Energy",0,0,0,0,0,0,0,0,0,0,0,0,0,0,0,0,0,0,0,0,0,0,0,0
7109,1487,76,0,62508,2951,"Growing Up",0,0,0,0,0,0,0,0,0,0,0,0,0,0,0,0,0,0,0,0,0,0,0,0
7110,1488,76,0,62508,2951,"A Greater Grimoire",0,0,0,0,0,0,0,0,0,0,0,0,0,0,0,0,0,0,0,0,0,0,0,0
7111,1489,76,0,62508,2951,"Crafty Concoctions",0,0,0,0,0,0,0,0,0,0,0,0,0,0,0,0,0,0,0,0,0,0,0,0
7112,1490,78,0,62508,2951,"A Labor of Love",0,0,0,0,0,0,0,0,0,0,0,0,0,0,0,0,0,0,0,0,0,0,0,0
7113,1491,78,0,62508,2951,"Supreme Official Strategy Guide",0,0,0,0,0,0,0,0,0,0,0,0,0,0,0,0,0,0,0,0,0,0,0,0
7114,1492,78,0,62508,2951,"Mindful Medicine",0,0,0,0,0,0,0,0,0,0,0,0,0,0,0,0,0,0,0,0,0,0,0,0
7115,1628,80,0,62508,3706,"Wishful Inking",0,0,0,0,0,0,0,0,0,0,0,0,0,0,0,0,0,0,0,0,0,0,0,0
7116,1629,80,0,62508,3706,"Nearly Bare",0,0,0,0,0,0,0,0,0,0,0,0,0,0,0,0,0,0,0,0,0,0,0,0
7117,1630,82,0,62508,3706,"Luncheon Bound",0,0,0,0,0,0,0,0,0,0,0,0,0,0,0,0,0,0,0,0,0,0,0,0
7118,1631,82,0,62508,3706,"Body over Mind",0,0,0,0,0,0,0,0,0,0,0,0,0,0,0,0,0,0,0,0,0,0,0,0
7119,1632,84,0,62508,3706,"Rebuilding to Code",0,0,0,0,0,0,0,0,0,0,0,0,0,0,0,0,0,0,0,0,0,0,0,0
7120,1633,84,0,62508,3706,"Liquid Competence",0,0,0,0,0,0,0,0,0,0,0,0,0,0,0,0,0,0,0,0,0,0,0,0
7121,1634,86,0,62508,3706,"Nearly There",0,0,0,0,0,0,0,0,0,0,0,0,0,0,0,0,0,0,0,0,0,0,0,0
7122,1635,86,0,62508,3706,"Practical Command",0,0,0,0,0,0,0,0,0,0,0,0,0,0,0,0,0,0,0,0,0,0,0,0
7123,1636,88,0,62508,3706,"Technically Still Magic",0,0,0,0,0,0,0,0,0,0,0,0,0,0,0,0,0,0,0,0,0,0,0,0
7124,1637,88,0,62508,3706,"Mindful Study",0,0,0,0,0,0,0,0,0,0,0,0,0,0,0,0,0,0,0,0,0,0,0,0
7125,1748,90,0,62508,4504,"Fast-forwarding Flora",0,0,0,0,0,0,0,0,0,0,0,0,0,0,0,0,0,0,0,0,0,0,0,0
7126,1749,90,0,62508,4504,"Big Brush, Big Dreams",0,0,0,0,0,0,0,0,0,0,0,0,0,0,0,0,0,0,0,0,0,0,0,0
7127,1750,92,0,62508,4504,"Binding Spells",0,0,0,0,0,0,0,0,0,0,0,0,0,0,0,0,0,0,0,0,0,0,0,0
7128,1751,92,0,62508,4504,"For Tired Minds",0,0,0,0,0,0,0,0,0,0,0,0,0,0,0,0,0,0,0,0,0,0,0,0
7129,1752,94,0,62508,4504,"I Like Big Brush and I Cannot Lie",0,0,0,0,0,0,0,0,0,0,0,0,0,0,0,0,0,0,0,0,0,0,0,0
7130,1753,94,0,62508,4504,"Cutting Edge of Culinary Quality",0,0,0,0,0,0,0,0,0,0,0,0,0,0,0,0,0,0,0,0,0,0,0,0
7131,1754,96,0,62508,4504,"All-night Crafting",0,0,0,0,0,0,0,0,0,0,0,0,0,0,0,0,0,0,0,0,0,0,0,0
7132,1755,96,0,62508,4504,"Something Salty and Ceremonial",0,0,0,0,0,0,0,0,0,0,0,0,0,0,0,0,0,0,0,0,0,0,0,0
7133,1756,98,0,62508,4504,"Tome for Tradition",0,0,0,0,0,0,0,0,0,0,0,0,0,0,0,0,0,0,0,0,0,0,0,0
7134,1757,98,0,62508,4504,"Remedy for Reason",0,0,0,0,0,0,0,0,0,0,0,0,0,0,0,0,0,0,0,0,0,0,0,0
7135,261,1,0,62509,27,"Pork Is a Salty Food",0,0,0,0,0,0,0,0,0,0,0,0,0,0,0,0,0,0,0,0,0,0,0,0
7136,262,1,0,62509,27,"Trout Fishing in Limsa",0,0,0,0,0,0,0,0,0,0,0,0,0,0,0,0,0,0,0,0,0,0,0,0
7137,263,1,0,62509,31,"In Hot Water",0,0,0,0,0,0,0,0,0,0,0,0,0,0,0,0,0,0,0,0,0,0,0,0
7138,264,1,0,62509,31,"What a Sap",0,0,0,0,0,0,0,0,0,0,0,0,0,0,0,0,0,0,0,0,0,0,0,0
7139,265,1,0,62509,31,"Meat-lover's Special",0,0,0,0,0,0,0,0,0,0,0,0,0,0,0,0,0,0,0,0,0,0,0,0
7140,266,1,0,62509,27,"It's Always Sunny in Vylbrand",0,0,0,0,0,0,0,0,0,0,0,0,0,0,0,0,0,0,0,0,0,0,0,0
7141,267,5,0,62509,27,"Whip It",0,0,0,0,0,0,0,0,0,0,0,0,0,0,0,0,0,0,0,0,0,0,0,0
7142,268,5,0,62509,27,"Jack of All Plates",0,0,0,0,0,0,0,0,0,0,0,0,0,0,0,0,0,0,0,0,0,0,0,0
7143,269,5,0,62509,31,"A Real Fungi",0,0,0,0,0,0,0,0,0,0,0,0,0,0,0,0,0,0,0,0,0,0,0,0
7144,270,5,0,62509,31,"Putting the Squeeze On",0,0,0,0,0,0,0,0,0,0,0,0,0,0,0,0,0,0,0,0,0,0,0,0
7145,271,5,0,62509,31,"Butter Me Up",0,0,0,0,0,0,0,0,0,0,0,0,0,0,0,0,0,0,0,0,0,0,0,0
7146,272,5,0,62509,27,"Fishy Revelations",0,0,0,0,0,0,0,0,0,0,0,0,0,0,0,0,0,0,0,0,0,0,0,0
7147,273,10,0,62509,27,"Keep Your Powder Dry",0,0,0,0,0,0,0,0,0,0,0,0,0,0,0,0,0,0,0,0,0,0,0,0
7148,274,10,0,62509,27,"Pretty Enough to Eat",0,0,0,0,0,0,0,0,0,0,0,0,0,0,0,0,0,0,0,0,0,0,0,0
7149,275,10,0,62509,33,"Go Ahead and Dig In",0,0,0,0,0,0,0,0,0,0,0,0,0,0,0,0,0,0,0,0,0,0,0,0
7150,276,10,0,62509,33,"Chew the Fat",0,0,0,0,0,0,0,0,0,0,0,0,0,0,0,0,0,0,0,0,0,0,0,0
7151,277,10,0,62509,33,"Fisher of Men",0,0,0,0,0,0,0,0,0,0,0,0,0,0,0,0,0,0,0,0,0,0,0,0
7152,278,10,0,62509,27,"The Bango Zango Diet",0,0,0,0,0,0,0,0,0,0,0,0,0,0,0,0,0,0,0,0,0,0,0,0
7153,279,15,0,62509,27,"Omelette's Be Friends",0,0,0,0,0,0,0,0,0,0,0,0,0,0,0,0,0,0,0,0,0,0,0,0
7154,280,15,0,62509,27,"Shy Is the Oyster",0,0,0,0,0,0,0,0,0,0,0,0,0,0,0,0,0,0,0,0,0,0,0,0
7155,281,15,0,62509,33,"A Total Nut Job",0,0,0,0,0,0,0,0,0,0,0,0,0,0,0,0,0,0,0,0,0,0,0,0
7156,282,15,0,62509,33,"Sweet Smell of Success",0,0,0,0,0,0,0,0,0,0,0,0,0,0,0,0,0,0,0,0,0,0,0,0
7157,283,15,0,62509,33,"Rustic Repast",0,0,0,0,0,0,0,0,0,0,0,0,0,0,0,0,0,0,0,0,0,0,0,0
7158,284,15,0,62509,27,"Flakes for Friends",0,0,0,0,0,0,0,0,0,0,0,0,0,0,0,0,0,0,0,0,0,0,0,0
7159,285,20,0,62509,27,"A Grape Idea",0,0,0,0,0,0,0,0,0,0,0,0,0,0,0,0,0,0,0,0,0,0,0,0
7160,286,20,0,62509,27,"Brain Food",0,0,0,0,0,0,0,0,0,0,0,0,0,0,0,0,0,0,0,0,0,0,0,0
7161,287,20,0,62509,56,"Feast of All Soles",0,0,0,0,0,0,0,0,0,0,0,0,0,0,0,0,0,0,0,0,0,0,0,0
7162,288,20,0,62509,56,"For Crumbs' Sake",0,0,0,0,0,0,0,0,0,0,0,0,0,0,0,0,0,0,0,0,0,0,0,0
7163,289,20,0,62509,56,"Picnic Panic",0,0,0,0,0,0,0,0,0,0,0,0,0,0,0,0,0,0,0,0,0,0,0,0
7164,290,20,0,62509,56,"Food Fight",0,0,0,0,0,0,0,0,0,0,0,0,0,0,0,0,0,0,0,0,0,0,0,0
7165,291,25,0,62509,27,"Convalescence Precedes Essence",0,0,0,0,0,0,0,0,0,0,0,0,0,0,0,0,0,0,0,0,0,0,0,0
7166,292,25,0,62509,56,"Cooking with Gas",0,0,0,0,0,0,0,0,0,0,0,0,0,0,0,0,0,0,0,0,0,0,0,0
7167,293,25,0,62509,27,"Fever Pitch",0,0,0,0,0,0,0,0,0,0,0,0,0,0,0,0,0,0,0,0,0,0,0,0
7168,294,25,0,62509,56,"Whirled Peas",0,0,0,0,0,0,0,0,0,0,0,0,0,0,0,0,0,0,0,0,0,0,0,0
7169,295,25,0,62509,56,"Love's Crumpets Lost",0,0,0,0,0,0,0,0,0,0,0,0,0,0,0,0,0,0,0,0,0,0,0,0
7170,296,25,0,62509,56,"I Love Lamprey",0,0,0,0,0,0,0,0,0,0,0,0,0,0,0,0,0,0,0,0,0,0,0,0
7171,297,30,0,62509,32,"Pretty as a Picture",0,0,0,0,0,0,0,0,0,0,0,0,0,0,0,0,0,0,0,0,0,0,0,0
7172,298,30,0,62509,27,"Bloody Good Tart, This",0,0,0,0,0,0,0,0,0,0,0,0,0,0,0,0,0,0,0,0,0,0,0,0
7173,299,30,0,62509,27,"True Grits",0,0,0,0,0,0,0,0,0,0,0,0,0,0,0,0,0,0,0,0,0,0,0,0
7174,300,30,0,62509,32,"Gegeruju Gets Down",0,0,0,0,0,0,0,0,0,0,0,0,0,0,0,0,0,0,0,0,0,0,0,0
7175,301,30,0,62509,32,"Point Them with the Sticky End",0,0,0,0,0,0,0,0,0,0,0,0,0,0,0,0,0,0,0,0,0,0,0,0
7176,302,30,0,62509,32,"Sole Survivor",0,0,0,0,0,0,0,0,0,0,0,0,0,0,0,0,0,0,0,0,0,0,0,0
7177,303,35,0,62509,63,"No More Dumpster Diving",0,0,0,0,0,0,0,0,0,0,0,0,0,0,0,0,0,0,0,0,0,0,0,0
7178,304,35,0,62509,27,"Don't Turn Up Your Nose",0,0,0,0,0,0,0,0,0,0,0,0,0,0,0,0,0,0,0,0,0,0,0,0
7179,305,35,0,62509,27,"Feeding Frenzy",0,0,0,0,0,0,0,0,0,0,0,0,0,0,0,0,0,0,0,0,0,0,0,0
7180,306,35,0,62509,63,"Winter of Our Discontent",0,0,0,0,0,0,0,0,0,0,0,0,0,0,0,0,0,0,0,0,0,0,0,0
7181,307,35,0,62509,63,"Rise and Dine",0,0,0,0,0,0,0,0,0,0,0,0,0,0,0,0,0,0,0,0,0,0,0,0
7182,308,35,0,62509,63,"Leek Soup for the Soul",0,0,0,0,0,0,0,0,0,0,0,0,0,0,0,0,0,0,0,0,0,0,0,0
7183,309,40,0,62509,63,"Moving Up in the World",0,0,0,0,0,0,0,0,0,0,0,0,0,0,0,0,0,0,0,0,0,0,0,0
7184,310,40,0,62509,27,"The Perks of Life at Sea",0,0,0,0,0,0,0,0,0,0,0,0,0,0,0,0,0,0,0,0,0,0,0,0
7185,311,40,0,62509,27,"Made by Apple in Coerthas",0,0,0,0,0,0,0,0,0,0,0,0,0,0,0,0,0,0,0,0,0,0,0,0
7186,312,40,0,62509,63,"Rolanberry Fields Forever",0,0,0,0,0,0,0,0,0,0,0,0,0,0,0,0,0,0,0,0,0,0,0,0
7187,313,40,0,62509,63,"Good Eats in Ishgard",0,0,0,0,0,0,0,0,0,0,0,0,0,0,0,0,0,0,0,0,0,0,0,0
7188,314,40,0,62509,63,"Pagan Pastries",0,0,0,0,0,0,0,0,0,0,0,0,0,0,0,0,0,0,0,0,0,0,0,0
7189,315,45,0,62509,67,"Culture Club",0,0,0,0,0,0,0,0,0,0,0,0,0,0,0,0,0,0,0,0,0,0,0,0
7190,316,45,0,62509,27,"The Egg Files",0,0,0,0,0,0,0,0,0,0,0,0,0,0,0,0,0,0,0,0,0,0,0,0
7191,317,45,0,62509,27,"Bread in the Clouds",0,0,0,0,0,0,0,0,0,0,0,0,0,0,0,0,0,0,0,0,0,0,0,0
7192,318,45,0,62509,67,"Comfort Me with Mushrooms",0,0,0,0,0,0,0,0,0,0,0,0,0,0,0,0,0,0,0,0,0,0,0,0
7193,319,45,0,62509,67,"Drinking to Your Health",0,0,0,0,0,0,0,0,0,0,0,0,0,0,0,0,0,0,0,0,0,0,0,0
7194,320,45,0,62509,67,"Red Letter Day",0,0,0,0,0,0,0,0,0,0,0,0,0,0,0,0,0,0,0,0,0,0,0,0
7195,1028,50,0,62509,62,"Little Orphan Candy",0,0,0,0,0,0,0,0,0,0,0,0,0,0,0,0,0,0,0,0,0,0,0,0
7196,1029,50,0,62509,62,"The Next to Last Supper",0,0,0,0,0,0,0,0,0,0,0,0,0,0,0,0,0,0,0,0,0,0,0,0
7197,1030,50,0,62509,62,"The Aroma of Faith",0,0,0,0,0,0,0,0,0,0,0,0,0,0,0,0,0,0,0,0,0,0,0,0
7198,1031,50,0,62509,62,"Confections of Confession (L)",0,0,0,0,0,0,0,0,0,0,0,0,0,0,0,0,0,0,0,0,0,0,0,0
7199,1032,50,0,62509,62,"Nostalgia through the Stomach (L)",0,0,0,0,0,0,0,0,0,0,0,0,0,0,0,0,0,0,0,0,0,0,0,0
7200,1033,50,0,62509,62,"Soup's On (L)",0,0,0,0,0,0,0,0,0,0,0,0,0,0,0,0,0,0,0,0,0,0,0,0
7201,1034,52,0,62509,62,"Such a Butter Face",0,0,0,0,0,0,0,0,0,0,0,0,0,0,0,0,0,0,0,0,0,0,0,0
7202,1035,52,0,62509,62,"Loving That Muffin Top",0,0,0,0,0,0,0,0,0,0,0,0,0,0,0,0,0,0,0,0,0,0,0,0
7203,1036,52,0,62509,62,"Persona non Gratin",0,0,0,0,0,0,0,0,0,0,0,0,0,0,0,0,0,0,0,0,0,0,0,0
7204,1037,52,0,62509,62,"No Margarine of Error (L)",0,0,0,0,0,0,0,0,0,0,0,0,0,0,0,0,0,0,0,0,0,0,0,0
7205,1038,52,0,62509,62,"Muffin of the Morn (L)",0,0,0,0,0,0,0,0,0,0,0,0,0,0,0,0,0,0,0,0,0,0,0,0
7206,1039,52,0,62509,62,"Recipe for Disaster (L)",0,0,0,0,0,0,0,0,0,0,0,0,0,0,0,0,0,0,0,0,0,0,0,0
7207,1040,54,0,62509,62,"The Nutcracker's Sweets",0,0,0,0,0,0,0,0,0,0,0,0,0,0,0,0,0,0,0,0,0,0,0,0
7208,1041,54,0,62509,62,"Breakfast of Champions",0,0,0,0,0,0,0,0,0,0,0,0,0,0,0,0,0,0,0,0,0,0,0,0
7209,1042,54,0,62509,62,"Old Victories, New Tastes",0,0,0,0,0,0,0,0,0,0,0,0,0,0,0,0,0,0,0,0,0,0,0,0
7210,1043,54,0,62509,62,"Time for a Midnight Snack (L)",0,0,0,0,0,0,0,0,0,0,0,0,0,0,0,0,0,0,0,0,0,0,0,0
7211,1044,54,0,62509,62,"Emerald Soup for the Soul (L)",0,0,0,0,0,0,0,0,0,0,0,0,0,0,0,0,0,0,0,0,0,0,0,0
7212,1045,54,0,62509,62,"The Eats of Authenticity (L)",0,0,0,0,0,0,0,0,0,0,0,0,0,0,0,0,0,0,0,0,0,0,0,0
7213,1046,56,0,62509,62,"Saucy for a Suitor",0,0,0,0,0,0,0,0,0,0,0,0,0,0,0,0,0,0,0,0,0,0,0,0
7214,1047,56,0,62509,62,"It Goes Down Smoothly",0,0,0,0,0,0,0,0,0,0,0,0,0,0,0,0,0,0,0,0,0,0,0,0
7215,1048,56,0,62509,62,"Persuasion of a Higher Power",0,0,0,0,0,0,0,0,0,0,0,0,0,0,0,0,0,0,0,0,0,0,0,0
7216,1049,56,0,62509,62,"Saved by the Sauce (L)",0,0,0,0,0,0,0,0,0,0,0,0,0,0,0,0,0,0,0,0,0,0,0,0
7217,1050,56,0,62509,62,"Quenching the Flame (L)",0,0,0,0,0,0,0,0,0,0,0,0,0,0,0,0,0,0,0,0,0,0,0,0
7218,1051,56,0,62509,62,"Loaves and Fishes (L)",0,0,0,0,0,0,0,0,0,0,0,0,0,0,0,0,0,0,0,0,0,0,0,0
7219,1052,58,0,62509,62,"Let's Not Get Sappy",0,0,0,0,0,0,0,0,0,0,0,0,0,0,0,0,0,0,0,0,0,0,0,0
7220,1053,58,0,62509,62,"Soup That Eats Like a Knight",0,0,0,0,0,0,0,0,0,0,0,0,0,0,0,0,0,0,0,0,0,0,0,0
7221,1054,58,0,62509,62,"Don't Let It Fall Apart",0,0,0,0,0,0,0,0,0,0,0,0,0,0,0,0,0,0,0,0,0,0,0,0
7222,1055,58,0,62509,62,"Luxury Spillover (L)",0,0,0,0,0,0,0,0,0,0,0,0,0,0,0,0,0,0,0,0,0,0,0,0
7223,1056,58,0,62509,62,"Like Ma Used to Make (L)",0,0,0,0,0,0,0,0,0,0,0,0,0,0,0,0,0,0,0,0,0,0,0,0
7224,1057,58,0,62509,62,"Better Come Back with a Sandwich (L)",0,0,0,0,0,0,0,0,0,0,0,0,0,0,0,0,0,0,0,0,0,0,0,0
7225,1298,60,0,62509,2404,"Oh No Udon",0,0,0,0,0,0,0,0,0,0,0,0,0,0,0,0,0,0,0,0,0,0,0,0
7226,1299,60,0,62509,2404,"Loquacious",0,0,0,0,0,0,0,0,0,0,0,0,0,0,0,0,0,0,0,0,0,0,0,0
7227,1300,60,0,62509,2404,"All You Can Stomach",0,0,0,0,0,0,0,0,0,0,0,0,0,0,0,0,0,0,0,0,0,0,0,0
7228,1301,62,0,62509,2404,"Soup for the Soul",0,0,0,0,0,0,0,0,0,0,0,0,0,0,0,0,0,0,0,0,0,0,0,0
7229,1302,62,0,62509,2404,"Hunger Is No Game",0,0,0,0,0,0,0,0,0,0,0,0,0,0,0,0,0,0,0,0,0,0,0,0
7230,1303,62,0,62509,2404,"The Frier Never Lies",0,0,0,0,0,0,0,0,0,0,0,0,0,0,0,0,0,0,0,0,0,0,0,0
7231,1304,64,0,62509,2404,"Sweet Kiss of Death",0,0,0,0,0,0,0,0,0,0,0,0,0,0,0,0,0,0,0,0,0,0,0,0
7232,1305,64,0,62509,2404,"A Shorlonging for the Familiar",0,0,0,0,0,0,0,0,0,0,0,0,0,0,0,0,0,0,0,0,0,0,0,0
7233,1306,64,0,62509,2404,"Souper",0,0,0,0,0,0,0,0,0,0,0,0,0,0,0,0,0,0,0,0,0,0,0,0
7234,1307,66,0,62509,2404,"No Othard Choice",0,0,0,0,0,0,0,0,0,0,0,0,0,0,0,0,0,0,0,0,0,0,0,0
7235,1308,66,0,62509,2404,"Persimmony Snicket",0,0,0,0,0,0,0,0,0,0,0,0,0,0,0,0,0,0,0,0,0,0,0,0
7236,1309,66,0,62509,2404,"West Meats East",0,0,0,0,0,0,0,0,0,0,0,0,0,0,0,0,0,0,0,0,0,0,0,0
7237,1310,68,0,62509,2404,"Fits to a Tea",0,0,0,0,0,0,0,0,0,0,0,0,0,0,0,0,0,0,0,0,0,0,0,0
7238,1311,68,0,62509,2404,"Fish Box",0,0,0,0,0,0,0,0,0,0,0,0,0,0,0,0,0,0,0,0,0,0,0,0
7239,1312,68,0,62509,2404,"Herky Jerky",0,0,0,0,0,0,0,0,0,0,0,0,0,0,0,0,0,0,0,0,0,0,0,0
7240,1463,70,0,62509,2951,"Slippery Service",0,0,0,0,0,0,0,0,0,0,0,0,0,0,0,0,0,0,0,0,0,0,0,0
7241,1464,70,0,62509,2951,"Meet for Meat",0,0,0,0,0,0,0,0,0,0,0,0,0,0,0,0,0,0,0,0,0,0,0,0
7242,1465,70,0,62509,2951,"Cure for What Ails",0,0,0,0,0,0,0,0,0,0,0,0,0,0,0,0,0,0,0,0,0,0,0,0
7243,1466,72,0,62509,2951,"His Dark Utensils",0,0,0,0,0,0,0,0,0,0,0,0,0,0,0,0,0,0,0,0,0,0,0,0
7244,1467,72,0,62509,2951,"Soup for the Soldier",0,0,0,0,0,0,0,0,0,0,0,0,0,0,0,0,0,0,0,0,0,0,0,0
7245,1468,72,0,62509,2951,"Sweet Tooth",0,0,0,0,0,0,0,0,0,0,0,0,0,0,0,0,0,0,0,0,0,0,0,0
7246,1469,74,0,62509,2951,"Can't Eat Just One",0,0,0,0,0,0,0,0,0,0,0,0,0,0,0,0,0,0,0,0,0,0,0,0
7247,1470,74,0,62509,2951,"One Last Meal",0,0,0,0,0,0,0,0,0,0,0,0,0,0,0,0,0,0,0,0,0,0,0,0
7248,1471,74,0,62509,2951,"Mixology",0,0,0,0,0,0,0,0,0,0,0,0,0,0,0,0,0,0,0,0,0,0,0,0
7249,1472,76,0,62509,2951,"On a Full Stomach",0,0,0,0,0,0,0,0,0,0,0,0,0,0,0,0,0,0,0,0,0,0,0,0
7250,1473,76,0,62509,2951,"A Good Omen",0,0,0,0,0,0,0,0,0,0,0,0,0,0,0,0,0,0,0,0,0,0,0,0
7251,1474,76,0,62509,2951,"Teetotally",0,0,0,0,0,0,0,0,0,0,0,0,0,0,0,0,0,0,0,0,0,0,0,0
7252,1475,78,0,62509,2951,"Super Dark Times",0,0,0,0,0,0,0,0,0,0,0,0,0,0,0,0,0,0,0,0,0,0,0,0
7253,1476,78,0,62509,2951,"A Happy End",0,0,0,0,0,0,0,0,0,0,0,0,0,0,0,0,0,0,0,0,0,0,0,0
7254,1477,78,0,62509,2951,"A Cookie for Your Troubles",0,0,0,0,0,0,0,0,0,0,0,0,0,0,0,0,0,0,0,0,0,0,0,0
7255,1638,80,0,62509,3706,"Salt of the North",0,0,0,0,0,0,0,0,0,0,0,0,0,0,0,0,0,0,0,0,0,0,0,0
7256,1639,80,0,62509,3706,"Topping Up the Pot",0,0,0,0,0,0,0,0,0,0,0,0,0,0,0,0,0,0,0,0,0,0,0,0
7257,1640,82,0,62509,3706,"Bobbing for Compliments",0,0,0,0,0,0,0,0,0,0,0,0,0,0,0,0,0,0,0,0,0,0,0,0
7258,1641,82,0,62509,3706,"At Any Temperature",0,0,0,0,0,0,0,0,0,0,0,0,0,0,0,0,0,0,0,0,0,0,0,0
7259,1642,84,0,62509,3706,"Imperial Palate",0,0,0,0,0,0,0,0,0,0,0,0,0,0,0,0,0,0,0,0,0,0,0,0
7260,1643,84,0,62509,3706,"A Stickler for Carrots",0,0,0,0,0,0,0,0,0,0,0,0,0,0,0,0,0,0,0,0,0,0,0,0
7261,1644,86,0,62509,3706,"A Historical Flavor",0,0,0,0,0,0,0,0,0,0,0,0,0,0,0,0,0,0,0,0,0,0,0,0
7262,1645,86,0,62509,3706,"Comfort Food",0,0,0,0,0,0,0,0,0,0,0,0,0,0,0,0,0,0,0,0,0,0,0,0
7263,1646,88,0,62509,3706,"Blast from the Pasta",0,0,0,0,0,0,0,0,0,0,0,0,0,0,0,0,0,0,0,0,0,0,0,0
7264,1647,88,0,62509,3706,"The Mountain Steeped",0,0,0,0,0,0,0,0,0,0,0,0,0,0,0,0,0,0,0,0,0,0,0,0
7265,1758,90,0,62509,4504,"More Mezcal",0,0,0,0,0,0,0,0,0,0,0,0,0,0,0,0,0,0,0,0,0,0,0,0
7266,1759,90,0,62509,4504,"Friends Are Food",0,0,0,0,0,0,0,0,0,0,0,0,0,0,0,0,0,0,0,0,0,0,0,0
7267,1760,92,0,62509,4504,"Don't Knock It Till You've Tried It",0,0,0,0,0,0,0,0,0,0,0,0,0,0,0,0,0,0,0,0,0,0,0,0
7268,1761,92,0,62509,4504,"Not-so-secret Ingredient",0,0,0,0,0,0,0,0,0,0,0,0,0,0,0,0,0,0,0,0,0,0,0,0
7269,1762,94,0,62509,4504,"Simple Is Hardest",0,0,0,0,0,0,0,0,0,0,0,0,0,0,0,0,0,0,0,0,0,0,0,0
7270,1763,94,0,62509,4504,"Creative Chocolate",0,0,0,0,0,0,0,0,0,0,0,0,0,0,0,0,0,0,0,0,0,0,0,0
7271,1764,96,0,62509,4504,"Bring Me Your Tacos",0,0,0,0,0,0,0,0,0,0,0,0,0,0,0,0,0,0,0,0,0,0,0,0
7272,1765,96,0,62509,4504,"Najoothie",0,0,0,0,0,0,0,0,0,0,0,0,0,0,0,0,0,0,0,0,0,0,0,0
7273,1766,98,0,62509,4504,"Sweet, Sweet Bean Juice",0,0,0,0,0,0,0,0,0,0,0,0,0,0,0,0,0,0,0,0,0,0,0,0
7274,1767,98,0,62509,4504,"Ocean Explosion",0,0,0,0,0,0,0,0,0,0,0,0,0,0,0,0,0,0,0,0,0,0,0,0
7275,794,20,0,62513,283,"Don't Touch Our Stuff",0,0,0,0,0,0,0,0,0,0,0,0,0,0,0,0,0,0,0,0,0,0,0,0
7276,795,20,0,62513,283,"Victory Is Mine, Not Yours",0,0,0,0,0,0,0,0,0,0,0,0,0,0,0,0,0,0,0,0,0,0,0,0
7277,796,20,0,62513,283,"The Creeps from Work",0,0,0,0,0,0,0,0,0,0,0,0,0,0,0,0,0,0,0,0,0,0,0,0
7278,797,20,0,62513,283,"Throw the Book at Him",0,0,0,0,0,0,0,0,0,0,0,0,0,0,0,0,0,0,0,0,0,0,0,0
7279,806,25,0,62513,283,"Of Mice and Demons",0,0,0,0,0,0,0,0,0,0,0,0,0,0,0,0,0,0,0,0,0,0,0,0
7280,807,25,0,62513,283,"Wrong and Rite",0,0,0,0,0,0,0,0,0,0,0,0,0,0,0,0,0,0,0,0,0,0,0,0
7281,808,25,0,62513,283,"Double Dose of Impin'",0,0,0,0,0,0,0,0,0,0,0,0,0,0,0,0,0,0,0,0,0,0,0,0
7282,809,25,0,62513,283,"You're a Liar, Mansel Black",0,0,0,0,0,0,0,0,0,0,0,0,0,0,0,0,0,0,0,0,0,0,0,0
7283,818,30,0,62513,283,"Road Worriers",0,0,0,0,0,0,0,0,0,0,0,0,0,0,0,0,0,0,0,0,0,0,0,0
7284,819,30,0,62513,283,"It's Better (for You) Under the Sea",0,0,0,0,0,0,0,0,0,0,0,0,0,0,0,0,0,0,0,0,0,0,0,0
7285,820,30,0,62513,283,"You Are NOT a Pirate",0,0,0,0,0,0,0,0,0,0,0,0,0,0,0,0,0,0,0,0,0,0,0,0
7286,821,30,0,62513,283,"Twenty-nine Was the Cutoff",0,0,0,0,0,0,0,0,0,0,0,0,0,0,0,0,0,0,0,0,0,0,0,0
7287,822,30,0,62513,283,"援護指令：第426洞穴団せん滅作戦",0,0,0,0,0,0,0,0,0,0,0,0,0,0,0,0,0,0,0,0,0,0,0,0
7288,833,35,0,62513,283,"Fanning the Flames",0,0,0,0,0,0,0,0,0,0,0,0,0,0,0,0,0,0,0,0,0,0,0,0
7289,834,35,0,62513,283,"Fishing off the Company Pier",0,0,0,0,0,0,0,0,0,0,0,0,0,0,0,0,0,0,0,0,0,0,0,0
7290,835,35,0,62513,283,"Mad about You",0,0,0,0,0,0,0,0,0,0,0,0,0,0,0,0,0,0,0,0,0,0,0,0
7291,848,40,0,62513,283,"Someone's Got a Big Mouth",0,0,0,0,0,0,0,0,0,0,0,0,0,0,0,0,0,0,0,0,0,0,0,0
7292,849,40,0,62513,283,"An Imp Mobile",0,0,0,0,0,0,0,0,0,0,0,0,0,0,0,0,0,0,0,0,0,0,0,0
7293,850,40,0,62513,283,"Papal Dispensation",0,0,0,0,0,0,0,0,0,0,0,0,0,0,0,0,0,0,0,0,0,0,0,0
7294,863,45,0,62513,283,"One Big Problem Solved",0,0,0,0,0,0,0,0,0,0,0,0,0,0,0,0,0,0,0,0,0,0,0,0
7295,864,45,0,62513,283,"Kill the Messenger",0,0,0,0,0,0,0,0,0,0,0,0,0,0,0,0,0,0,0,0,0,0,0,0
7296,865,45,0,62513,283,"Go Home to Mama",0,0,0,0,0,0,0,0,0,0,0,0,0,0,0,0,0,0,0,0,0,0,0,0
7297,798,20,0,62514,284,"Burn It Down",0,0,0,0,0,0,0,0,0,0,0,0,0,0,0,0,0,0,0,0,0,0,0,0
7298,799,20,0,62514,284,"A Little Constructive Exorcism",0,0,0,0,0,0,0,0,0,0,0,0,0,0,0,0,0,0,0,0,0,0,0,0
7299,800,20,0,62514,284,"Mortal Munchies",0,0,0,0,0,0,0,0,0,0,0,0,0,0,0,0,0,0,0,0,0,0,0,0
7300,801,20,0,62514,284,"She's So Mean",0,0,0,0,0,0,0,0,0,0,0,0,0,0,0,0,0,0,0,0,0,0,0,0
7301,810,25,0,62514,284,"Go with the Flow",0,0,0,0,0,0,0,0,0,0,0,0,0,0,0,0,0,0,0,0,0,0,0,0
7302,811,25,0,62514,284,"Sylph Strands",0,0,0,0,0,0,0,0,0,0,0,0,0,0,0,0,0,0,0,0,0,0,0,0
7303,812,25,0,62514,284,"Blinded by the Wight",0,0,0,0,0,0,0,0,0,0,0,0,0,0,0,0,0,0,0,0,0,0,0,0
7304,813,25,0,62514,284,"A Real Wingnut",0,0,0,0,0,0,0,0,0,0,0,0,0,0,0,0,0,0,0,0,0,0,0,0
7305,823,30,0,62514,284,"This Is Going to Sting, A Lot",0,0,0,0,0,0,0,0,0,0,0,0,0,0,0,0,0,0,0,0,0,0,0,0
7306,824,30,0,62514,284,"Creature Feature",0,0,0,0,0,0,0,0,0,0,0,0,0,0,0,0,0,0,0,0,0,0,0,0
7307,825,30,0,62514,284,"It Goes with the Territory",0,0,0,0,0,0,0,0,0,0,0,0,0,0,0,0,0,0,0,0,0,0,0,0
7308,826,30,0,62514,284,"Dead Man Walking",0,0,0,0,0,0,0,0,0,0,0,0,0,0,0,0,0,0,0,0,0,0,0,0
7309,827,30,0,62514,284,"援護指令：白狼隊の実戦訓練",0,0,0,0,0,0,0,0,0,0,0,0,0,0,0,0,0,0,0,0,0,0,0,0
7310,838,35,0,62514,284,"Feathered Foes",0,0,0,0,0,0,0,0,0,0,0,0,0,0,0,0,0,0,0,0,0,0,0,0
7311,839,35,0,62514,284,"Just Making an Observation",0,0,0,0,0,0,0,0,0,0,0,0,0,0,0,0,0,0,0,0,0,0,0,0
7312,840,35,0,62514,284,"Roast Lamb with Mint and Hellfire",0,0,0,0,0,0,0,0,0,0,0,0,0,0,0,0,0,0,0,0,0,0,0,0
7313,853,40,0,62514,284,"Yellow Is the New Black",0,0,0,0,0,0,0,0,0,0,0,0,0,0,0,0,0,0,0,0,0,0,0,0
7314,854,40,0,62514,284,"Talk to My Voidsent",0,0,0,0,0,0,0,0,0,0,0,0,0,0,0,0,0,0,0,0,0,0,0,0
7315,855,40,0,62514,284,"The Bloodhounds of Coerthas",0,0,0,0,0,0,0,0,0,0,0,0,0,0,0,0,0,0,0,0,0,0,0,0
7316,868,45,0,62514,284,"The Awry Salvages",0,0,0,0,0,0,0,0,0,0,0,0,0,0,0,0,0,0,0,0,0,0,0,0
7317,869,45,0,62514,284,"Amateur Hour",0,0,0,0,0,0,0,0,0,0,0,0,0,0,0,0,0,0,0,0,0,0,0,0
7318,870,45,0,62514,284,"Get off Our Lake",0,0,0,0,0,0,0,0,0,0,0,0,0,0,0,0,0,0,0,0,0,0,0,0
7319,802,20,0,62515,285,"A Cold-blooded Business",0,0,0,0,0,0,0,0,0,0,0,0,0,0,0,0,0,0,0,0,0,0,0,0
7320,803,20,0,62515,285,"Watch Me If You Can",0,0,0,0,0,0,0,0,0,0,0,0,0,0,0,0,0,0,0,0,0,0,0,0
7321,804,20,0,62515,285,"Blood in the Water",0,0,0,0,0,0,0,0,0,0,0,0,0,0,0,0,0,0,0,0,0,0,0,0
7322,805,20,0,62515,285,"The Burning Reason",0,0,0,0,0,0,0,0,0,0,0,0,0,0,0,0,0,0,0,0,0,0,0,0
7323,814,25,0,62515,285,"Don't Tear Down This Wall",0,0,0,0,0,0,0,0,0,0,0,0,0,0,0,0,0,0,0,0,0,0,0,0
7324,815,25,0,62515,285,"Food for Thought",0,0,0,0,0,0,0,0,0,0,0,0,0,0,0,0,0,0,0,0,0,0,0,0
7325,816,25,0,62515,285,"The Third Prize Is that You're Slain",0,0,0,0,0,0,0,0,0,0,0,0,0,0,0,0,0,0,0,0,0,0,0,0
7326,817,25,0,62515,285,"A Heart Aflame",0,0,0,0,0,0,0,0,0,0,0,0,0,0,0,0,0,0,0,0,0,0,0,0
7327,828,30,0,62515,285,"Bridges of Qiqirn Country",0,0,0,0,0,0,0,0,0,0,0,0,0,0,0,0,0,0,0,0,0,0,0,0
7328,829,30,0,62515,285,"And Then There Were None",0,0,0,0,0,0,0,0,0,0,0,0,0,0,0,0,0,0,0,0,0,0,0,0
7329,830,30,0,62515,285,"The Cost of Living",0,0,0,0,0,0,0,0,0,0,0,0,0,0,0,0,0,0,0,0,0,0,0,0
7330,831,30,0,62515,285,"Grapevine of Wrath",0,0,0,0,0,0,0,0,0,0,0,0,0,0,0,0,0,0,0,0,0,0,0,0
7331,832,30,0,62515,285,"援護指令：アラミゴ志願兵の実戦訓練",0,0,0,0,0,0,0,0,0,0,0,0,0,0,0,0,0,0,0,0,0,0,0,0
7332,843,35,0,62515,285,"The Baddest Brigade in Town",0,0,0,0,0,0,0,0,0,0,0,0,0,0,0,0,0,0,0,0,0,0,0,0
7333,844,35,0,62515,285,"Dress for Aggress",0,0,0,0,0,0,0,0,0,0,0,0,0,0,0,0,0,0,0,0,0,0,0,0
7334,845,35,0,62515,285,"Pick Your Poison",0,0,0,0,0,0,0,0,0,0,0,0,0,0,0,0,0,0,0,0,0,0,0,0
7335,858,40,0,62515,285,"You Dropped Something",0,0,0,0,0,0,0,0,0,0,0,0,0,0,0,0,0,0,0,0,0,0,0,0
7336,859,40,0,62515,285,"No Big Whoop",0,0,0,0,0,0,0,0,0,0,0,0,0,0,0,0,0,0,0,0,0,0,0,0
7337,860,40,0,62515,285,"If You Put It That Way",0,0,0,0,0,0,0,0,0,0,0,0,0,0,0,0,0,0,0,0,0,0,0,0
7338,873,45,0,62515,285,"Who Writes History",0,0,0,0,0,0,0,0,0,0,0,0,0,0,0,0,0,0,0,0,0,0,0,0
7339,874,45,0,62515,285,"Science Shindig",0,0,0,0,0,0,0,0,0,0,0,0,0,0,0,0,0,0,0,0,0,0,0,0
7340,875,45,0,62515,285,"The Museum Is Closed",0,0,0,0,0,0,0,0,0,0,0,0,0,0,0,0,0,0,0,0,0,0,0,0
7341,4,15,0,61801,286,"Sastasha",174,175,176,0,0,0,0,0,0,0,0,0,0,0,0,0,0,0,0,0,0,0,0,0
7342,2,16,0,61801,286,"the Tam–Tara Deepcroft",17,26,27,0,0,0,0,0,0,0,0,0,0,0,0,0,0,0,0,0,0,0,0,0
7343,3,17,0,61801,286,"Copperbell Mines",177,178,179,0,0,0,0,0,0,0,0,0,0,0,0,0,0,0,0,0,0,0,0,0
7344,7,20,0,61801,286,"Halatali",180,181,182,0,0,0,0,0,0,0,0,0,0,0,0,0,0,0,0,0,0,0,0,0
7345,1,24,0,61801,286,"the Thousand Maws of Toto–Rak",22,172,173,0,0,0,0,0,0,0,0,0,0,0,0,0,0,0,0,0,0,0,0,0
7346,6,28,0,61801,286,"Haukke Manor",18,170,171,0,0,0,0,0,0,0,0,0,0,0,0,0,0,0,0,0,0,0,0,0
7347,8,32,0,61801,286,"Brayflox's Longstop",183,184,185,0,0,0,0,0,0,0,0,0,0,0,0,0,0,0,0,0,0,0,0,0
7348,9,35,0,61801,286,"the Sunken Temple of Qarn",304,305,306,0,0,0,0,0,0,0,0,0,0,0,0,0,0,0,0,0,0,0,0,0
7349,12,38,0,61801,286,"Cutter's Cry",310,311,312,0,0,0,0,0,0,0,0,0,0,0,0,0,0,0,0,0,0,0,0,0
7350,11,41,0,61801,286,"the Stone Vigil",298,299,300,0,0,0,0,0,0,0,0,0,0,0,0,0,0,0,0,0,0,0,0,0
7351,13,44,0,61801,286,"Dzemael Darkhold",313,314,315,0,0,0,0,0,0,0,0,0,0,0,0,0,0,0,0,0,0,0,0,0
7352,5,47,0,61801,286,"the Aurum Vale",316,317,318,0,0,0,0,0,0,0,0,0,0,0,0,0,0,0,0,0,0,0,0,0
7353,10,50,0,61801,286,"the Wanderer's Palace",301,302,303,0,0,0,0,0,0,0,0,0,0,0,0,0,0,0,0,0,0,0,0,0
7354,15,50,0,61801,286,"Castrum Meridianum",266,275,277,0,0,0,0,0,0,0,0,0,0,0,0,0,0,0,0,0,0,0,0,0
7355,16,50,0,61801,286,"the Praetorium",279,280,392,283,284,118,374,0,0,0,0,0,0,0,0,0,0,0,0,0,0,0,0,0
7356,14,50,0,61801,286,"Amdapor Keep",307,308,309,0,0,0,0,0,0,0,0,0,0,0,0,0,0,0,0,0,0,0,0,0
7357,17,50,0,61801,286,"Pharos Sirius",405,406,407,0,0,0,0,0,0,0,0,0,0,0,0,0,0,0,0,0,0,0,0,0
7358,18,50,0,61801,286,"Copperbell Mines (Hard)",419,420,421,0,0,0,0,0,0,0,0,0,0,0,0,0,0,0,0,0,0,0,0,0
7359,19,50,0,61801,286,"Haukke Manor (Hard)",422,423,424,0,0,0,0,0,0,0,0,0,0,0,0,0,0,0,0,0,0,0,0,0
7360,22,50,0,61801,286,"the Lost City of Amdapor",493,494,495,0,0,0,0,0,0,0,0,0,0,0,0,0,0,0,0,0,0,0,0,0
7361,21,50,0,61801,286,"Halatali (Hard)",496,497,498,0,0,0,0,0,0,0,0,0,0,0,0,0,0,0,0,0,0,0,0,0
7362,20,50,0,61801,286,"Brayflox's Longstop (Hard)",499,500,501,0,0,0,0,0,0,0,0,0,0,0,0,0,0,0,0,0,0,0,0,0
7363,23,50,0,61801,286,"Hullbreaker Isle",565,566,567,0,0,0,0,0,0,0,0,0,0,0,0,0,0,0,0,0,0,0,0,0
7364,24,50,0,61801,286,"the Tam–Tara Deepcroft (Hard)",571,578,579,0,0,0,0,0,0,0,0,0,0,0,0,0,0,0,0,0,0,0,0,0
7365,25,50,0,61801,286,"the Stone Vigil (Hard)",568,569,570,0,0,0,0,0,0,0,0,0,0,0,0,0,0,0,0,0,0,0,0,0
7366,27,50,0,61801,286,"Snowcloak",647,648,649,0,0,0,0,0,0,0,0,0,0,0,0,0,0,0,0,0,0,0,0,0
7367,28,50,0,61801,286,"Sastasha (Hard)",653,654,655,0,0,0,0,0,0,0,0,0,0,0,0,0,0,0,0,0,0,0,0,0
7368,26,50,0,61801,286,"the Sunken Temple of Qarn (Hard)",650,651,652,0,0,0,0,0,0,0,0,0,0,0,0,0,0,0,0,0,0,0,0,0
7369,32,50,0,61801,286,"the Keeper of the Lake",736,696,737,0,0,0,0,0,0,0,0,0,0,0,0,0,0,0,0,0,0,0,0,0
7370,30,50,0,61801,286,"the Wanderer's Palace (Hard)",742,743,744,0,0,0,0,0,0,0,0,0,0,0,0,0,0,0,0,0,0,0,0,0
7371,29,50,0,61801,286,"Amdapor Keep (Hard)",738,739,740,741,0,0,0,0,0,0,0,0,0,0,0,0,0,0,0,0,0,0,0,0
7372,92,50,0,61802,287,"the Labyrinth of the Ancients",409,410,411,0,0,0,0,0,0,0,0,0,0,0,0,0,0,0,0,0,0,0,0,0
7373,102,50,0,61802,287,"Syrcus Tower",550,551,552,0,0,0,0,0,0,0,0,0,0,0,0,0,0,0,0,0,0,0,0,0
7374,111,50,0,61802,287,"the World of Darkness",774,775,776,0,0,0,0,0,0,0,0,0,0,0,0,0,0,0,0,0,0,0,0,0
7375,93,50,0,61802,287,"the Binding Coil of Bahamut - Turn 1",375,376,377,378,379,0,0,0,0,0,0,0,0,0,0,0,0,0,0,0,0,0,0,0
7376,94,50,0,61802,287,"the Binding Coil of Bahamut - Turn 2",380,381,0,0,0,0,0,0,0,0,0,0,0,0,0,0,0,0,0,0,0,0,0,0
7377,95,50,0,61802,287,"the Binding Coil of Bahamut - Turn 3",382,0,0,0,0,0,0,0,0,0,0,0,0,0,0,0,0,0,0,0,0,0,0,0
7378,96,50,0,61802,287,"the Binding Coil of Bahamut - Turn 4",383,384,0,0,0,0,0,0,0,0,0,0,0,0,0,0,0,0,0,0,0,0,0,0
7379,97,50,0,61802,287,"the Binding Coil of Bahamut - Turn 5",385,386,387,388,389,390,0,0,0,0,0,0,0,0,0,0,0,0,0,0,0,0,0,0
7380,98,50,0,61802,287,"the Second Coil of Bahamut - Turn 1",476,477,478,479,0,0,0,0,0,0,0,0,0,0,0,0,0,0,0,0,0,0,0,0
7381,99,50,0,61802,287,"the Second Coil of Bahamut - Turn 2",480,481,482,483,0,0,0,0,0,0,0,0,0,0,0,0,0,0,0,0,0,0,0,0
7382,100,50,0,61802,287,"the Second Coil of Bahamut - Turn 3",485,486,487,0,0,0,0,0,0,0,0,0,0,0,0,0,0,0,0,0,0,0,0,0
7383,101,50,0,61802,287,"the Second Coil of Bahamut - Turn 4",489,490,491,492,0,0,0,0,0,0,0,0,0,0,0,0,0,0,0,0,0,0,0,0
7384,107,50,0,61802,287,"the Final Coil of Bahamut - Turn 1",631,656,657,632,0,0,0,0,0,0,0,0,0,0,0,0,0,0,0,0,0,0,0,0
7385,108,50,0,61802,287,"the Final Coil of Bahamut - Turn 2",658,659,660,633,0,0,0,0,0,0,0,0,0,0,0,0,0,0,0,0,0,0,0,0
7386,109,50,0,61802,287,"the Final Coil of Bahamut - Turn 3",634,661,635,636,637,0,0,0,0,0,0,0,0,0,0,0,0,0,0,0,0,0,0,0
7387,110,50,0,61802,287,"the Final Coil of Bahamut - Turn 4",638,663,639,0,0,0,0,0,0,0,0,0,0,0,0,0,0,0,0,0,0,0,0,0
7388,103,50,0,61802,287,"the Second Coil of Bahamut (Savage) - Turn 1",596,0,0,0,0,0,0,0,0,0,0,0,0,0,0,0,0,0,0,0,0,0,0,0
7389,104,50,0,61802,287,"the Second Coil of Bahamut (Savage) - Turn 2",597,0,0,0,0,0,0,0,0,0,0,0,0,0,0,0,0,0,0,0,0,0,0,0
7390,105,50,0,61802,287,"the Second Coil of Bahamut (Savage) - Turn 3",598,0,0,0,0,0,0,0,0,0,0,0,0,0,0,0,0,0,0,0,0,0,0,0
7391,106,50,0,61802,287,"the Second Coil of Bahamut (Savage) - Turn 4",599,600,0,0,0,0,0,0,0,0,0,0,0,0,0,0,0,0,0,0,0,0,0,0
7392,56,20,0,61804,288,"the Bowl of Embers",86,87,0,0,0,0,0,0,0,0,0,0,0,0,0,0,0,0,0,0,0,0,0,0
7393,57,34,0,61804,288,"the Navel",244,245,0,0,0,0,0,0,0,0,0,0,0,0,0,0,0,0,0,0,0,0,0,0
7394,58,44,0,61804,288,"the Howling Eye",252,253,0,0,0,0,0,0,0,0,0,0,0,0,0,0,0,0,0,0,0,0,0,0
7395,830,50,0,61804,288,"the Porta Decumana",127,120,121,0,0,0,0,0,0,0,0,0,0,0,0,0,0,0,0,0,0,0,0,0
7396,84,50,0,61804,288,"the Chrysalis",777,778,0,0,0,0,0,0,0,0,0,0,0,0,0,0,0,0,0,0,0,0,0,0
7397,74,50,0,61804,288,"A Relic Reborn: the Chimera",502,504,0,0,0,0,0,0,0,0,0,0,0,0,0,0,0,0,0,0,0,0,0,0
7398,75,50,0,61804,288,"A Relic Reborn: the Hydra",503,505,0,0,0,0,0,0,0,0,0,0,0,0,0,0,0,0,0,0,0,0,0,0
7399,76,50,0,61804,288,"Battle on the Big Bridge",512,513,0,0,0,0,0,0,0,0,0,0,0,0,0,0,0,0,0,0,0,0,0,0
7400,81,50,0,61804,288,"the Dragon's Neck",645,646,0,0,0,0,0,0,0,0,0,0,0,0,0,0,0,0,0,0,0,0,0,0
7401,85,50,0,61804,288,"Battle in the Big Keep",766,767,768,0,0,0,0,0,0,0,0,0,0,0,0,0,0,0,0,0,0,0,0,0
7402,59,50,0,61804,288,"the Bowl of Embers (Hard)",363,364,0,0,0,0,0,0,0,0,0,0,0,0,0,0,0,0,0,0,0,0,0,0
7403,61,50,0,61804,288,"the Howling Eye (Hard)",365,366,0,0,0,0,0,0,0,0,0,0,0,0,0,0,0,0,0,0,0,0,0,0
7404,60,50,0,61804,288,"the Navel (Hard)",367,368,0,0,0,0,0,0,0,0,0,0,0,0,0,0,0,0,0,0,0,0,0,0
7405,66,50,0,61804,288,"Thornmarch (Hard)",401,402,0,0,0,0,0,0,0,0,0,0,0,0,0,0,0,0,0,0,0,0,0,0
7406,72,50,0,61804,288,"the <Emphasis>Whorleater</Emphasis> (Hard)",470,525,0,0,0,0,0,0,0,0,0,0,0,0,0,0,0,0,0,0,0,0,0,0
7407,77,50,0,61804,288,"the Striking Tree (Hard)",561,562,0,0,0,0,0,0,0,0,0,0,0,0,0,0,0,0,0,0,0,0,0,0
7408,79,50,0,61804,288,"the Akh Afah Amphitheatre (Hard)",622,642,0,0,0,0,0,0,0,0,0,0,0,0,0,0,0,0,0,0,0,0,0,0
7409,82,50,0,61804,288,"Urth's Fount",735,672,0,0,0,0,0,0,0,0,0,0,0,0,0,0,0,0,0,0,0,0,0,0
7410,68,50,0,61804,288,"the Minstrel's Ballad: Ultima's Bane",403,404,0,0,0,0,0,0,0,0,0,0,0,0,0,0,0,0,0,0,0,0,0,0
7411,65,50,0,61804,288,"the Howling Eye (Extreme)",397,398,0,0,0,0,0,0,0,0,0,0,0,0,0,0,0,0,0,0,0,0,0,0
7412,64,50,0,61804,288,"the Navel (Extreme)",399,400,0,0,0,0,0,0,0,0,0,0,0,0,0,0,0,0,0,0,0,0,0,0
7413,63,50,0,61804,288,"the Bowl of Embers (Extreme)",395,396,0,0,0,0,0,0,0,0,0,0,0,0,0,0,0,0,0,0,0,0,0,0
7414,67,50,0,61804,288,"Thornmarch (Extreme)",514,515,0,0,0,0,0,0,0,0,0,0,0,0,0,0,0,0,0,0,0,0,0,0
7415,73,50,0,61804,288,"the <Emphasis>Whorleater</Emphasis> (Extreme)",526,527,0,0,0,0,0,0,0,0,0,0,0,0,0,0,0,0,0,0,0,0,0,0
7416,78,50,0,61804,288,"the Striking Tree (Extreme)",563,564,0,0,0,0,0,0,0,0,0,0,0,0,0,0,0,0,0,0,0,0,0,0
7417,80,50,0,61804,288,"the Akh Afah Amphitheatre (Extreme)",643,644,0,0,0,0,0,0,0,0,0,0,0,0,0,0,0,0,0,0,0,0,0,0
7418,42,10,0,61803,313,"Basic Training: Enemy Parties",0,0,0,0,0,0,0,0,0,0,0,0,0,0,0,0,0,0,0,0,0,0,0,0
7419,43,10,0,61803,313,"Under the Armor",0,0,0,0,0,0,0,0,0,0,0,0,0,0,0,0,0,0,0,0,0,0,0,0
7420,44,15,0,61803,313,"Basic Training: Enemy Strongholds",0,0,0,0,0,0,0,0,0,0,0,0,0,0,0,0,0,0,0,0,0,0,0,0
7421,45,15,0,61803,313,"Hero on the Half Shell",0,0,0,0,0,0,0,0,0,0,0,0,0,0,0,0,0,0,0,0,0,0,0,0
7422,46,20,0,61803,313,"Pulling Poison Posies",0,0,0,0,0,0,0,0,0,0,0,0,0,0,0,0,0,0,0,0,0,0,0,0
7423,47,20,0,61803,313,"Stinging Back",0,0,0,0,0,0,0,0,0,0,0,0,0,0,0,0,0,0,0,0,0,0,0,0
7424,48,25,0,61803,313,"All's Well that Ends in the Well",0,0,0,0,0,0,0,0,0,0,0,0,0,0,0,0,0,0,0,0,0,0,0,0
7425,49,25,0,61803,313,"Flicking Sticks and Taking Names",0,0,0,0,0,0,0,0,0,0,0,0,0,0,0,0,0,0,0,0,0,0,0,0
7426,50,30,0,61803,313,"More than a Feeler",0,0,0,0,0,0,0,0,0,0,0,0,0,0,0,0,0,0,0,0,0,0,0,0
7427,51,30,0,61803,313,"Annoy the Void",0,0,0,0,0,0,0,0,0,0,0,0,0,0,0,0,0,0,0,0,0,0,0,0
7428,52,35,0,61803,313,"Shadow and Claw",0,0,0,0,0,0,0,0,0,0,0,0,0,0,0,0,0,0,0,0,0,0,0,0
7429,53,35,0,61803,313,"Long Live the Queen",0,0,0,0,0,0,0,0,0,0,0,0,0,0,0,0,0,0,0,0,0,0,0,0
7430,54,40,0,61803,313,"Ward Up",0,0,0,0,0,0,0,0,0,0,0,0,0,0,0,0,0,0,0,0,0,0,0,0
7431,55,40,0,61803,313,"Solemn Trinity",0,0,0,0,0,0,0,0,0,0,0,0,0,0,0,0,0,0,0,0,0,0,0,0
7432,36,51,0,61801,289,"the Dusk Vigil",912,913,914,0,0,0,0,0,0,0,0,0,0,0,0,0,0,0,0,0,0,0,0,0
7433,37,53,0,61801,289,"Sohm Al",915,916,917,0,0,0,0,0,0,0,0,0,0,0,0,0,0,0,0,0,0,0,0,0
7434,39,55,0,61801,289,"the Aery",837,918,919,0,0,0,0,0,0,0,0,0,0,0,0,0,0,0,0,0,0,0,0,0
7435,34,57,0,61801,289,"the Vault",920,921,922,0,0,0,0,0,0,0,0,0,0,0,0,0,0,0,0,0,0,0,0,0
7436,31,59,0,61801,289,"the Great Gubal Library",923,924,925,0,0,0,0,0,0,0,0,0,0,0,0,0,0,0,0,0,0,0,0,0
7437,38,60,0,61801,289,"the Aetherochemical Research Facility",926,900,901,927,0,0,0,0,0,0,0,0,0,0,0,0,0,0,0,0,0,0,0,0
7438,33,60,0,61801,289,"Neverreap",928,929,930,0,0,0,0,0,0,0,0,0,0,0,0,0,0,0,0,0,0,0,0,0
7439,35,60,0,61801,289,"the Fractal Continuum",931,932,933,0,0,0,0,0,0,0,0,0,0,0,0,0,0,0,0,0,0,0,0,0
7440,41,60,0,61801,289,"Saint Mocianne's Arboretum",1066,1067,1068,0,0,0,0,0,0,0,0,0,0,0,0,0,0,0,0,0,0,0,0,0
7441,40,60,0,61801,289,"Pharos Sirius (Hard)",1069,1070,1071,0,0,0,0,0,0,0,0,0,0,0,0,0,0,0,0,0,0,0,0,0
7442,141,60,0,61801,289,"the Antitower",1112,1113,1114,0,0,0,0,0,0,0,0,0,0,0,0,0,0,0,0,0,0,0,0,0
7443,140,60,0,61801,289,"the Lost City of Amdapor (Hard)",1115,1116,1117,0,0,0,0,0,0,0,0,0,0,0,0,0,0,0,0,0,0,0,0,0
7444,171,60,0,61801,289,"Sohr Khai",1238,1239,1240,0,0,0,0,0,0,0,0,0,0,0,0,0,0,0,0,0,0,0,0,0
7445,172,60,0,61801,289,"Hullbreaker Isle (Hard)",1241,1242,1243,0,0,0,0,0,0,0,0,0,0,0,0,0,0,0,0,0,0,0,0,0
7446,182,60,0,61801,289,"Xelphatol",1330,1331,1332,0,0,0,0,0,0,0,0,0,0,0,0,0,0,0,0,0,0,0,0,0
7447,196,60,0,61801,289,"the Great Gubal Library (Hard)",1333,1334,1335,0,0,0,0,0,0,0,0,0,0,0,0,0,0,0,0,0,0,0,0,0
7448,219,60,0,61801,289,"Baelsar's Wall",1370,1371,1372,0,0,0,0,0,0,0,0,0,0,0,0,0,0,0,0,0,0,0,0,0
7449,221,60,0,61801,289,"Sohm Al (Hard)",1373,1374,1375,0,0,0,0,0,0,0,0,0,0,0,0,0,0,0,0,0,0,0,0,0
7450,120,60,0,61802,290,"the Void Ark",1063,1064,1065,0,0,0,0,0,0,0,0,0,0,0,0,0,0,0,0,0,0,0,0,0
7451,168,60,0,61802,290,"the Weeping City of Mhach",1207,1208,1209,0,0,0,0,0,0,0,0,0,0,0,0,0,0,0,0,0,0,0,0,0
7452,220,60,0,61802,290,"Dun Scaith",1366,1367,1369,0,0,0,0,0,0,0,0,0,0,0,0,0,0,0,0,0,0,0,0,0
7453,112,60,0,61802,290,"Alexander - The Fist of the Father",998,999,1000,0,0,0,0,0,0,0,0,0,0,0,0,0,0,0,0,0,0,0,0,0
7454,113,60,0,61802,290,"Alexander - The Cuff of the Father",1001,1002,1003,0,0,0,0,0,0,0,0,0,0,0,0,0,0,0,0,0,0,0,0,0
7455,114,60,0,61802,290,"Alexander - The Arm of the Father",1004,1005,1006,0,0,0,0,0,0,0,0,0,0,0,0,0,0,0,0,0,0,0,0,0
7456,115,60,0,61802,290,"Alexander - The Burden of the Father",1007,1008,0,0,0,0,0,0,0,0,0,0,0,0,0,0,0,0,0,0,0,0,0,0
7457,136,60,0,61802,290,"Alexander - The Fist of the Son",1120,1121,1122,0,0,0,0,0,0,0,0,0,0,0,0,0,0,0,0,0,0,0,0,0
7458,137,60,0,61802,290,"Alexander - The Cuff of the Son",1123,1124,1125,0,0,0,0,0,0,0,0,0,0,0,0,0,0,0,0,0,0,0,0,0
7459,138,60,0,61802,290,"Alexander - The Arm of the Son",1126,1127,1128,0,0,0,0,0,0,0,0,0,0,0,0,0,0,0,0,0,0,0,0,0
7460,139,60,0,61802,290,"Alexander - The Burden of the Son",1129,1130,0,0,0,0,0,0,0,0,0,0,0,0,0,0,0,0,0,0,0,0,0,0
7461,186,60,0,61802,290,"Alexander - The Eyes of the Creator",1282,1283,1284,0,0,0,0,0,0,0,0,0,0,0,0,0,0,0,0,0,0,0,0,0
7462,187,60,0,61802,290,"Alexander - The Breath of the Creator",1285,1286,1287,0,0,0,0,0,0,0,0,0,0,0,0,0,0,0,0,0,0,0,0,0
7463,188,60,0,61802,290,"Alexander - The Heart of the Creator",1288,1289,1290,0,0,0,0,0,0,0,0,0,0,0,0,0,0,0,0,0,0,0,0,0
7464,189,60,0,61802,290,"Alexander - The Soul of the Creator",1338,1292,0,0,0,0,0,0,0,0,0,0,0,0,0,0,0,0,0,0,0,0,0,0
7465,116,60,0,61802,290,"Alexander - The Fist of the Father (Savage)",1027,1028,1029,0,0,0,0,0,0,0,0,0,0,0,0,0,0,0,0,0,0,0,0,0
7466,117,60,0,61802,290,"Alexander - The Cuff of the Father (Savage)",1030,1031,0,0,0,0,0,0,0,0,0,0,0,0,0,0,0,0,0,0,0,0,0,0
7467,118,60,0,61802,290,"Alexander - The Arm of the Father (Savage)",1032,1033,0,0,0,0,0,0,0,0,0,0,0,0,0,0,0,0,0,0,0,0,0,0
7468,119,60,0,61802,290,"Alexander - The Burden of the Father (Savage)",1034,1035,0,0,0,0,0,0,0,0,0,0,0,0,0,0,0,0,0,0,0,0,0,0
7469,147,60,0,61802,290,"Alexander - The Fist of the Son (Savage)",1131,1132,1133,0,0,0,0,0,0,0,0,0,0,0,0,0,0,0,0,0,0,0,0,0
7470,148,60,0,61802,290,"Alexander - The Cuff of the Son (Savage)",1134,1135,0,0,0,0,0,0,0,0,0,0,0,0,0,0,0,0,0,0,0,0,0,0
7471,149,60,0,61802,290,"Alexander - The Arm of the Son (Savage)",1136,1137,0,0,0,0,0,0,0,0,0,0,0,0,0,0,0,0,0,0,0,0,0,0
7472,150,60,0,61802,290,"Alexander - The Burden of the Son (Savage)",1138,1139,0,0,0,0,0,0,0,0,0,0,0,0,0,0,0,0,0,0,0,0,0,0
7473,190,60,0,61802,290,"Alexander - The Eyes of the Creator (Savage)",1315,1316,1317,0,0,0,0,0,0,0,0,0,0,0,0,0,0,0,0,0,0,0,0,0
7474,191,60,0,61802,290,"Alexander - The Breath of the Creator (Savage)",1318,1319,0,0,0,0,0,0,0,0,0,0,0,0,0,0,0,0,0,0,0,0,0,0
7475,192,60,0,61802,290,"Alexander - The Heart of the Creator (Savage)",1320,1321,0,0,0,0,0,0,0,0,0,0,0,0,0,0,0,0,0,0,0,0,0,0
7476,193,60,0,61802,290,"Alexander - The Soul of the Creator (Savage)",1322,1323,0,0,0,0,0,0,0,0,0,0,0,0,0,0,0,0,0,0,0,0,0,0
7477,86,53,0,61804,291,"Thok ast Thok (Hard)",1023,1016,0,0,0,0,0,0,0,0,0,0,0,0,0,0,0,0,0,0,0,0,0,0
7478,88,57,0,61804,291,"the Limitless Blue (Hard)",1014,1015,0,0,0,0,0,0,0,0,0,0,0,0,0,0,0,0,0,0,0,0,0,0
7479,90,60,0,61804,291,"the Singularity Reactor",903,978,0,0,0,0,0,0,0,0,0,0,0,0,0,0,0,0,0,0,0,0,0,0
7480,169,60,0,61804,291,"the Final Steps of Faith",1225,1226,0,0,0,0,0,0,0,0,0,0,0,0,0,0,0,0,0,0,0,0,0,0
7481,134,60,0,61804,291,"Containment Bay S1T7",1118,1119,0,0,0,0,0,0,0,0,0,0,0,0,0,0,0,0,0,0,0,0,0,0
7482,183,60,0,61804,291,"Containment Bay P1T6",1293,1294,0,0,0,0,0,0,0,0,0,0,0,0,0,0,0,0,0,0,0,0,0,0
7483,223,60,0,61804,291,"Containment Bay Z1T9",1336,1337,0,0,0,0,0,0,0,0,0,0,0,0,0,0,0,0,0,0,0,0,0,0
7484,89,60,0,61804,291,"the Limitless Blue (Extreme)",1024,1025,0,0,0,0,0,0,0,0,0,0,0,0,0,0,0,0,0,0,0,0,0,0
7485,87,60,0,61804,291,"Thok ast Thok (Extreme)",1017,1018,0,0,0,0,0,0,0,0,0,0,0,0,0,0,0,0,0,0,0,0,0,0
7486,91,60,0,61804,291,"the Minstrel's Ballad: Thordan's Reign",1072,1073,0,0,0,0,0,0,0,0,0,0,0,0,0,0,0,0,0,0,0,0,0,0
7487,170,60,0,61804,291,"the Minstrel's Ballad: Nidhogg's Rage",1227,1228,0,0,0,0,0,0,0,0,0,0,0,0,0,0,0,0,0,0,0,0,0,0
7488,135,60,0,61804,291,"Containment Bay S1T7 (Extreme)",1165,1166,0,0,0,0,0,0,0,0,0,0,0,0,0,0,0,0,0,0,0,0,0,0
7489,184,60,0,61804,291,"Containment Bay P1T6 (Extreme)",1295,1296,0,0,0,0,0,0,0,0,0,0,0,0,0,0,0,0,0,0,0,0,0,0
7490,224,60,0,61804,291,"Containment Bay Z1T9 (Extreme)",1364,1365,0,0,0,0,0,0,0,0,0,0,0,0,0,0,0,0,0,0,0,0,0,0
7491,71,73,0,61804,291,"Special Event II",0,0,0,0,0,0,0,0,0,0,0,0,0,0,0,0,0,0,0,0,0,0,0,0
7492,174,1,0,61824,292,"the Palace of the Dead (Floors 1-10)",1244,1245,1246,1247,1248,1249,1250,1340,1341,1342,1343,1344,1345,0,0,0,0,0,0,0,0,0,0,0
7493,175,1,0,61824,292,"the Palace of the Dead (Floors 11-20)",0,0,0,0,0,0,0,0,0,0,0,0,0,0,0,0,0,0,0,0,0,0,0,0
7494,176,1,0,61824,292,"the Palace of the Dead (Floors 21-30)",0,0,0,0,0,0,0,0,0,0,0,0,0,0,0,0,0,0,0,0,0,0,0,0
7495,177,1,0,61824,292,"the Palace of the Dead (Floors 31-40)",0,0,0,0,0,0,0,0,0,0,0,0,0,0,0,0,0,0,0,0,0,0,0,0
7496,178,1,0,61824,292,"the Palace of the Dead (Floors 41-50)",0,0,0,0,0,0,0,0,0,0,0,0,0,0,0,0,0,0,0,0,0,0,0,0
7497,204,1,0,61824,292,"the Palace of the Dead (Floors 51-60)",0,0,0,0,0,0,0,0,0,0,0,0,0,0,0,0,0,0,0,0,0,0,0,0
7498,205,1,0,61824,292,"the Palace of the Dead (Floors 61-70)",0,0,0,0,0,0,0,0,0,0,0,0,0,0,0,0,0,0,0,0,0,0,0,0
7499,206,1,0,61824,292,"the Palace of the Dead (Floors 71-80)",0,0,0,0,0,0,0,0,0,0,0,0,0,0,0,0,0,0,0,0,0,0,0,0
7500,207,1,0,61824,292,"the Palace of the Dead (Floors 81-90)",0,0,0,0,0,0,0,0,0,0,0,0,0,0,0,0,0,0,0,0,0,0,0,0
7501,208,1,0,61824,292,"the Palace of the Dead (Floors 91-100)",0,0,0,0,0,0,0,0,0,0,0,0,0,0,0,0,0,0,0,0,0,0,0,0
7502,209,1,0,61824,292,"the Palace of the Dead (Floors 101-110)",0,0,0,0,0,0,0,0,0,0,0,0,0,0,0,0,0,0,0,0,0,0,0,0
7503,210,1,0,61824,292,"the Palace of the Dead (Floors 111-120)",0,0,0,0,0,0,0,0,0,0,0,0,0,0,0,0,0,0,0,0,0,0,0,0
7504,211,1,0,61824,292,"the Palace of the Dead (Floors 121-130)",0,0,0,0,0,0,0,0,0,0,0,0,0,0,0,0,0,0,0,0,0,0,0,0
7505,212,1,0,61824,292,"the Palace of the Dead (Floors 131-140)",0,0,0,0,0,0,0,0,0,0,0,0,0,0,0,0,0,0,0,0,0,0,0,0
7506,213,1,0,61824,292,"the Palace of the Dead (Floors 141-150)",0,0,0,0,0,0,0,0,0,0,0,0,0,0,0,0,0,0,0,0,0,0,0,0
7507,214,1,0,61824,292,"the Palace of the Dead (Floors 151-160)",0,0,0,0,0,0,0,0,0,0,0,0,0,0,0,0,0,0,0,0,0,0,0,0
7508,215,1,0,61824,292,"the Palace of the Dead (Floors 161-170)",0,0,0,0,0,0,0,0,0,0,0,0,0,0,0,0,0,0,0,0,0,0,0,0
7509,216,1,0,61824,292,"the Palace of the Dead (Floors 171-180)",0,0,0,0,0,0,0,0,0,0,0,0,0,0,0,0,0,0,0,0,0,0,0,0
7510,217,1,0,61824,292,"the Palace of the Dead (Floors 181-190)",0,0,0,0,0,0,0,0,0,0,0,0,0,0,0,0,0,0,0,0,0,0,0,0
7511,218,1,0,61824,292,"the Palace of the Dead (Floors 191-200)",0,0,0,0,0,0,0,0,0,0,0,0,0,0,0,0,0,0,0,0,0,0,0,0
7512,238,61,0,61801,293,"the Sirensong Sea",1541,1542,1543,0,0,0,0,0,0,0,0,0,0,0,0,0,0,0,0,0,0,0,0,0
7513,235,63,0,61801,293,"Shisui of the Violet Tides",1544,1545,1546,0,0,0,0,0,0,0,0,0,0,0,0,0,0,0,0,0,0,0,0,0
7514,240,65,0,61801,293,"Bardam's Mettle",1547,1548,1549,0,0,0,0,0,0,0,0,0,0,0,0,0,0,0,0,0,0,0,0,0
7515,241,67,0,61801,293,"Doma Castle",1550,1551,1552,0,0,0,0,0,0,0,0,0,0,0,0,0,0,0,0,0,0,0,0,0
7516,242,69,0,61801,293,"Castrum Abania",1553,1554,1555,0,0,0,0,0,0,0,0,0,0,0,0,0,0,0,0,0,0,0,0,0
7517,247,70,0,61801,293,"Ala Mhigo",1556,1557,1558,0,0,0,0,0,0,0,0,0,0,0,0,0,0,0,0,0,0,0,0,0
7518,262,70,0,61801,293,"Kugane Castle",1562,1563,1564,0,0,0,0,0,0,0,0,0,0,0,0,0,0,0,0,0,0,0,0,0
7519,236,70,0,61801,293,"the Temple of the Fist",1559,1560,1561,0,0,0,0,0,0,0,0,0,0,0,0,0,0,0,0,0,0,0,0,0
7520,279,70,0,61801,293,"the Drowned City of Skalla",1643,1644,1645,0,0,0,0,0,0,0,0,0,0,0,0,0,0,0,0,0,0,0,0,0
7521,284,70,0,61801,293,"Hells' Lid",1711,1712,1713,0,0,0,0,0,0,0,0,0,0,0,0,0,0,0,0,0,0,0,0,0
7522,285,70,0,61801,293,"the Fractal Continuum (Hard)",1714,1715,1716,0,0,0,0,0,0,0,0,0,0,0,0,0,0,0,0,0,0,0,0,0
7523,536,70,0,61801,293,"the Swallow's Compass",1794,1795,1796,0,0,0,0,0,0,0,0,0,0,0,0,0,0,0,0,0,0,0,0,0
7524,585,70,0,61801,293,"the Burn",1825,1826,1827,0,0,0,0,0,0,0,0,0,0,0,0,0,0,0,0,0,0,0,0,0
7525,584,70,0,61801,293,"Saint Mocianne's Arboretum (Hard)",1828,1829,1830,0,0,0,0,0,0,0,0,0,0,0,0,0,0,0,0,0,0,0,0,0
7526,611,70,0,61801,293,"the Ghimlyt Dark",1921,1922,1923,0,0,0,0,0,0,0,0,0,0,0,0,0,0,0,0,0,0,0,0,0
7527,281,70,0,61802,294,"the Royal City of Rabanastre",1646,1647,1648,0,0,0,0,0,0,0,0,0,0,0,0,0,0,0,0,0,0,0,0,0
7528,550,70,0,61802,294,"the Ridorana Lighthouse",1778,1779,1780,0,0,0,0,0,0,0,0,0,0,0,0,0,0,0,0,0,0,0,0,0
7529,636,70,0,61802,294,"the Orbonne Monastery",1918,1919,1920,0,0,0,0,0,0,0,0,0,0,0,0,0,0,0,0,0,0,0,0,0
7530,252,70,0,61802,294,"Deltascape V1.0",1579,1580,0,0,0,0,0,0,0,0,0,0,0,0,0,0,0,0,0,0,0,0,0,0
7531,253,70,0,61802,294,"Deltascape V2.0",1581,1582,0,0,0,0,0,0,0,0,0,0,0,0,0,0,0,0,0,0,0,0,0,0
7532,254,70,0,61802,294,"Deltascape V3.0",1583,1584,0,0,0,0,0,0,0,0,0,0,0,0,0,0,0,0,0,0,0,0,0,0
7533,255,70,0,61802,294,"Deltascape V4.0",1585,1586,0,0,0,0,0,0,0,0,0,0,0,0,0,0,0,0,0,0,0,0,0,0
7534,286,70,0,61802,294,"Sigmascape V1.0",1717,1718,0,0,0,0,0,0,0,0,0,0,0,0,0,0,0,0,0,0,0,0,0,0
7535,287,70,0,61802,294,"Sigmascape V2.0",1719,1720,0,0,0,0,0,0,0,0,0,0,0,0,0,0,0,0,0,0,0,0,0,0
7536,288,70,0,61802,294,"Sigmascape V3.0",1721,1722,0,0,0,0,0,0,0,0,0,0,0,0,0,0,0,0,0,0,0,0,0,0
7537,289,70,0,61802,294,"Sigmascape V4.0",1723,1724,0,0,0,0,0,0,0,0,0,0,0,0,0,0,0,0,0,0,0,0,0,0
7538,587,70,0,61802,294,"Alphascape V1.0",1835,1836,0,0,0,0,0,0,0,0,0,0,0,0,0,0,0,0,0,0,0,0,0,0
7539,588,70,0,61802,294,"Alphascape V2.0",1837,1838,0,0,0,0,0,0,0,0,0,0,0,0,0,0,0,0,0,0,0,0,0,0
7540,589,70,0,61802,294,"Alphascape V3.0",1839,1840,0,0,0,0,0,0,0,0,0,0,0,0,0,0,0,0,0,0,0,0,0,0
7541,590,70,0,61802,294,"Alphascape V4.0",1841,1842,0,0,0,0,0,0,0,0,0,0,0,0,0,0,0,0,0,0,0,0,0,0
7542,256,70,0,61802,294,"Deltascape V1.0 (Savage)",1587,1588,0,0,0,0,0,0,0,0,0,0,0,0,0,0,0,0,0,0,0,0,0,0
7543,257,70,0,61802,294,"Deltascape V2.0 (Savage)",1589,1590,0,0,0,0,0,0,0,0,0,0,0,0,0,0,0,0,0,0,0,0,0,0
7544,258,70,0,61802,294,"Deltascape V3.0 (Savage)",1591,1592,0,0,0,0,0,0,0,0,0,0,0,0,0,0,0,0,0,0,0,0,0,0
7545,259,70,0,61802,294,"Deltascape V4.0 (Savage)",1593,1594,0,0,0,0,0,0,0,0,0,0,0,0,0,0,0,0,0,0,0,0,0,0
7546,292,70,0,61802,294,"Sigmascape V1.0 (Savage)",1725,1726,0,0,0,0,0,0,0,0,0,0,0,0,0,0,0,0,0,0,0,0,0,0
7547,293,70,0,61802,294,"Sigmascape V2.0 (Savage)",1727,1728,0,0,0,0,0,0,0,0,0,0,0,0,0,0,0,0,0,0,0,0,0,0
7548,294,70,0,61802,294,"Sigmascape V3.0 (Savage)",1729,1730,0,0,0,0,0,0,0,0,0,0,0,0,0,0,0,0,0,0,0,0,0,0
7549,295,70,0,61802,294,"Sigmascape V4.0 (Savage)",1731,1732,0,0,0,0,0,0,0,0,0,0,0,0,0,0,0,0,0,0,0,0,0,0
7550,591,70,0,61802,294,"Alphascape V1.0 (Savage)",1843,1844,0,0,0,0,0,0,0,0,0,0,0,0,0,0,0,0,0,0,0,0,0,0
7551,592,70,0,61802,294,"Alphascape V2.0 (Savage)",1845,1846,0,0,0,0,0,0,0,0,0,0,0,0,0,0,0,0,0,0,0,0,0,0
7552,593,70,0,61802,294,"Alphascape V3.0 (Savage)",1847,1848,0,0,0,0,0,0,0,0,0,0,0,0,0,0,0,0,0,0,0,0,0,0
7553,594,70,0,61802,294,"Alphascape V4.0 (Savage)",1849,1850,0,0,0,0,0,0,0,0,0,0,0,0,0,0,0,0,0,0,0,0,0,0
7554,280,70,0,61802,294,"the Unending Coil of Bahamut (Ultimate)",1651,1652,0,0,0,0,0,0,0,0,0,0,0,0,0,0,0,0,0,0,0,0,0,0
7555,539,70,0,61802,294,"the Weapon's Refrain (Ultimate)",1789,1790,0,0,0,0,0,0,0,0,0,0,0,0,0,0,0,0,0,0,0,0,0,0
7556,243,63,0,61804,295,"the Pool of Tribute",1569,1570,0,0,0,0,0,0,0,0,0,0,0,0,0,0,0,0,0,0,0,0,0,0
7557,263,67,0,61804,295,"Emanation",1565,1566,0,0,0,0,0,0,0,0,0,0,0,0,0,0,0,0,0,0,0,0,0,0
7558,239,70,0,61804,295,"the Royal Menagerie",1605,1606,0,0,0,0,0,0,0,0,0,0,0,0,0,0,0,0,0,0,0,0,0,0
7559,537,70,0,61804,295,"Castrum Fluminis",1785,1786,0,0,0,0,0,0,0,0,0,0,0,0,0,0,0,0,0,0,0,0,0,0
7560,595,70,0,61804,295,"Kugane Ohashi",1851,1852,0,0,0,0,0,0,0,0,0,0,0,0,0,0,0,0,0,0,0,0,0,0
7561,474,70,0,61804,295,"the Great Hunt",1783,1784,0,0,0,0,0,0,0,0,0,0,0,0,0,0,0,0,0,0,0,0,0,0
7562,290,70,0,61804,295,"the Jade Stoa",1733,1734,0,0,0,0,0,0,0,0,0,0,0,0,0,0,0,0,0,0,0,0,0,0
7563,596,70,0,61804,295,"Hells' Kier",1831,1832,0,0,0,0,0,0,0,0,0,0,0,0,0,0,0,0,0,0,0,0,0,0
7564,637,70,0,61804,295,"the Wreath of Snakes",1924,1925,0,0,0,0,0,0,0,0,0,0,0,0,0,0,0,0,0,0,0,0,0,0
7565,244,70,0,61804,295,"the Pool of Tribute (Extreme)",1571,1572,0,0,0,0,0,0,0,0,0,0,0,0,0,0,0,0,0,0,0,0,0,0
7566,264,70,0,61804,295,"Emanation (Extreme)",1567,1568,0,0,0,0,0,0,0,0,0,0,0,0,0,0,0,0,0,0,0,0,0,0
7567,278,70,0,61804,295,"the Minstrel's Ballad: Shinryu's Domain",1649,1650,0,0,0,0,0,0,0,0,0,0,0,0,0,0,0,0,0,0,0,0,0,0
7568,538,70,0,61804,295,"the Minstrel's Ballad: Tsukuyomi's Pain",1787,1788,0,0,0,0,0,0,0,0,0,0,0,0,0,0,0,0,0,0,0,0,0,0
7569,475,70,0,61804,295,"the Great Hunt (Extreme)",1798,1799,0,0,0,0,0,0,0,0,0,0,0,0,0,0,0,0,0,0,0,0,0,0
7570,291,70,0,61804,295,"the Jade Stoa (Extreme)",1735,1736,0,0,0,0,0,0,0,0,0,0,0,0,0,0,0,0,0,0,0,0,0,0
7571,597,70,0,61804,295,"Hells' Kier (Extreme)",1833,1834,0,0,0,0,0,0,0,0,0,0,0,0,0,0,0,0,0,0,0,0,0,0
7572,638,70,0,61804,295,"the Wreath of Snakes (Extreme)",1926,1927,0,0,0,0,0,0,0,0,0,0,0,0,0,0,0,0,0,0,0,0,0,0
7573,70,70,0,61804,295,"Special Event I",0,0,0,0,0,0,0,0,0,0,0,0,0,0,0,0,0,0,0,0,0,0,0,0
7574,540,61,0,61824,296,"Heaven-on-High  (Floors 1-10)",1775,1773,1774,1776,1777,0,0,0,0,0,0,0,0,0,0,0,0,0,0,0,0,0,0,0
7575,541,61,0,61824,296,"Heaven-on-High  (Floors 11-20)",0,0,0,0,0,0,0,0,0,0,0,0,0,0,0,0,0,0,0,0,0,0,0,0
7576,542,61,0,61824,296,"Heaven-on-High  (Floors 21-30)",0,0,0,0,0,0,0,0,0,0,0,0,0,0,0,0,0,0,0,0,0,0,0,0
7577,543,61,0,61824,296,"Heaven-on-High  (Floors 31-40)",0,0,0,0,0,0,0,0,0,0,0,0,0,0,0,0,0,0,0,0,0,0,0,0
7578,544,61,0,61824,296,"Heaven-on-High  (Floors 41-50)",0,0,0,0,0,0,0,0,0,0,0,0,0,0,0,0,0,0,0,0,0,0,0,0
7579,545,61,0,61824,296,"Heaven-on-High  (Floors 51-60)",0,0,0,0,0,0,0,0,0,0,0,0,0,0,0,0,0,0,0,0,0,0,0,0
7580,546,61,0,61824,296,"Heaven-on-High  (Floors 61-70)",0,0,0,0,0,0,0,0,0,0,0,0,0,0,0,0,0,0,0,0,0,0,0,0
7581,547,61,0,61824,296,"Heaven-on-High  (Floors 71-80)",0,0,0,0,0,0,0,0,0,0,0,0,0,0,0,0,0,0,0,0,0,0,0,0
7582,548,61,0,61824,296,"Heaven-on-High  (Floors 81-90)",0,0,0,0,0,0,0,0,0,0,0,0,0,0,0,0,0,0,0,0,0,0,0,0
7583,549,61,0,61824,296,"Heaven-on-High  (Floors 91-100)",0,0,0,0,0,0,0,0,0,0,0,0,0,0,0,0,0,0,0,0,0,0,0,0
7584,283,70,0,61833,297,"the Forbidden Land, Eureka Anemos",1747,1749,1750,0,0,0,0,0,0,0,0,0,0,0,0,0,0,0,0,0,0,0,0,0
7585,581,70,0,61833,297,"the Forbidden Land, Eureka Pagos",1781,1803,1804,1805,0,0,0,0,0,0,0,0,0,0,0,0,0,0,0,0,0,0,0,0
7586,598,70,0,61833,297,"the Forbidden Land, Eureka Pyros",1853,1875,1877,0,0,0,0,0,0,0,0,0,0,0,0,0,0,0,0,0,0,0,0,0
7587,639,70,0,61833,297,"the Forbidden Land, Eureka Hydatos",1928,1929,1930,1931,1903,1951,1952,1953,1936,1938,0,0,0,0,0,0,0,0,0,0,0,0,0,0
7588,676,71,0,61801,298,"Holminster Switch",2124,2125,2126,0,0,0,0,0,0,0,0,0,0,0,0,0,0,0,0,0,0,0,0,0
7589,649,73,0,61801,298,"Dohn Mheg",2127,2128,2129,0,0,0,0,0,0,0,0,0,0,0,0,0,0,0,0,0,0,0,0,0
7590,651,75,0,61801,298,"the Qitana Ravel",2130,2131,2132,0,0,0,0,0,0,0,0,0,0,0,0,0,0,0,0,0,0,0,0,0
7591,656,77,0,61801,298,"Malikah's Well",2133,2134,2135,0,0,0,0,0,0,0,0,0,0,0,0,0,0,0,0,0,0,0,0,0
7592,659,79,0,61801,298,"Mt. Gulg",2136,2137,2138,0,0,0,0,0,0,0,0,0,0,0,0,0,0,0,0,0,0,0,0,0
7593,652,80,0,61801,298,"Amaurot",2139,2140,2141,0,0,0,0,0,0,0,0,0,0,0,0,0,0,0,0,0,0,0,0,0
7594,655,80,0,61801,298,"the Twinning",2142,2143,2144,0,0,0,0,0,0,0,0,0,0,0,0,0,0,0,0,0,0,0,0,0
7595,661,80,0,61801,298,"Akadaemia Anyder",2145,2146,2147,0,0,0,0,0,0,0,0,0,0,0,0,0,0,0,0,0,0,0,0,0
7596,692,80,0,61801,298,"the Grand Cosmos",2220,2221,2222,0,0,0,0,0,0,0,0,0,0,0,0,0,0,0,0,0,0,0,0,0
7597,714,80,0,61801,298,"Anamnesis Anyder",2294,2295,2296,0,0,0,0,0,0,0,0,0,0,0,0,0,0,0,0,0,0,0,0,0
7598,737,80,0,61801,298,"the Heroes' Gauntlet",2341,2342,2343,0,0,0,0,0,0,0,0,0,0,0,0,0,0,0,0,0,0,0,0,0
7599,746,80,0,61801,298,"Matoya's Relict",2445,2446,2447,0,0,0,0,0,0,0,0,0,0,0,0,0,0,0,0,0,0,0,0,0
7600,777,80,0,61801,298,"Paglth'an",2549,2550,2551,0,0,0,0,0,0,0,0,0,0,0,0,0,0,0,0,0,0,0,0,0
7601,700,80,0,61802,299,"the Copied Factory",2217,2218,2219,0,0,0,0,0,0,0,0,0,0,0,0,0,0,0,0,0,0,0,0,0
7602,736,80,0,61802,299,"the Puppets' Bunker",2372,2373,2374,0,0,0,0,0,0,0,0,0,0,0,0,0,0,0,0,0,0,0,0,0
7603,779,80,0,61802,299,"the Tower at Paradigm's Breach",2513,2553,2514,0,0,0,0,0,0,0,0,0,0,0,0,0,0,0,0,0,0,0,0,0
7604,653,80,0,61802,299,"Eden's Gate: Resurrection",2158,2159,0,0,0,0,0,0,0,0,0,0,0,0,0,0,0,0,0,0,0,0,0,0
7605,684,80,0,61802,299,"Eden's Gate: Descent",2160,2161,0,0,0,0,0,0,0,0,0,0,0,0,0,0,0,0,0,0,0,0,0,0
7606,682,80,0,61802,299,"Eden's Gate: Inundation",2162,2163,0,0,0,0,0,0,0,0,0,0,0,0,0,0,0,0,0,0,0,0,0,0
7607,689,80,0,61802,299,"Eden's Gate: Sepulture",2164,2165,0,0,0,0,0,0,0,0,0,0,0,0,0,0,0,0,0,0,0,0,0,0
7608,715,80,0,61802,299,"Eden's Verse: Fulmination",2278,2279,0,0,0,0,0,0,0,0,0,0,0,0,0,0,0,0,0,0,0,0,0,0
7609,719,80,0,61802,299,"Eden's Verse: Furor",2280,2281,0,0,0,0,0,0,0,0,0,0,0,0,0,0,0,0,0,0,0,0,0,0
7610,726,80,0,61802,299,"Eden's Verse: Iconoclasm",2282,2283,0,0,0,0,0,0,0,0,0,0,0,0,0,0,0,0,0,0,0,0,0,0
7611,728,80,0,61802,299,"Eden's Verse: Refulgence",2284,2285,0,0,0,0,0,0,0,0,0,0,0,0,0,0,0,0,0,0,0,0,0,0
7612,749,80,0,61802,299,"Eden's Promise: Umbra",2409,2410,0,0,0,0,0,0,0,0,0,0,0,0,0,0,0,0,0,0,0,0,0,0
7613,747,80,0,61802,299,"Eden's Promise: Litany",2411,2412,0,0,0,0,0,0,0,0,0,0,0,0,0,0,0,0,0,0,0,0,0,0
7614,751,80,0,61802,299,"Eden's Promise: Anamorphosis",2413,2414,0,0,0,0,0,0,0,0,0,0,0,0,0,0,0,0,0,0,0,0,0,0
7615,758,80,0,61802,299,"Eden's Promise: Eternity",2415,2416,0,0,0,0,0,0,0,0,0,0,0,0,0,0,0,0,0,0,0,0,0,0
7616,654,80,0,61802,299,"Eden's Gate: Resurrection (Savage)",2166,2167,0,0,0,0,0,0,0,0,0,0,0,0,0,0,0,0,0,0,0,0,0,0
7617,685,80,0,61802,299,"Eden's Gate: Descent (Savage)",2168,2169,0,0,0,0,0,0,0,0,0,0,0,0,0,0,0,0,0,0,0,0,0,0
7618,683,80,0,61802,299,"Eden's Gate: Inundation (Savage)",2170,2171,0,0,0,0,0,0,0,0,0,0,0,0,0,0,0,0,0,0,0,0,0,0
7619,690,80,0,61802,299,"Eden's Gate: Sepulture (Savage)",2172,2173,0,0,0,0,0,0,0,0,0,0,0,0,0,0,0,0,0,0,0,0,0,0
7620,716,80,0,61802,299,"Eden's Verse: Fulmination (Savage)",2286,2287,0,0,0,0,0,0,0,0,0,0,0,0,0,0,0,0,0,0,0,0,0,0
7621,720,80,0,61802,299,"Eden's Verse: Furor (Savage)",2288,2289,0,0,0,0,0,0,0,0,0,0,0,0,0,0,0,0,0,0,0,0,0,0
7622,727,80,0,61802,299,"Eden's Verse: Iconoclasm (Savage)",2290,2291,0,0,0,0,0,0,0,0,0,0,0,0,0,0,0,0,0,0,0,0,0,0
7623,729,80,0,61802,299,"Eden's Verse: Refulgence (Savage)",2292,2293,0,0,0,0,0,0,0,0,0,0,0,0,0,0,0,0,0,0,0,0,0,0
7624,750,80,0,61802,299,"Eden's Promise: Umbra (Savage)",2417,2418,0,0,0,0,0,0,0,0,0,0,0,0,0,0,0,0,0,0,0,0,0,0
7625,748,80,0,61802,299,"Eden's Promise: Litany (Savage)",2419,2420,0,0,0,0,0,0,0,0,0,0,0,0,0,0,0,0,0,0,0,0,0,0
7626,752,80,0,61802,299,"Eden's Promise: Anamorphosis (Savage)",2421,2422,0,0,0,0,0,0,0,0,0,0,0,0,0,0,0,0,0,0,0,0,0,0
7627,759,80,0,61802,299,"Eden's Promise: Eternity (Savage)",2423,2424,0,0,0,0,0,0,0,0,0,0,0,0,0,0,0,0,0,0,0,0,0,0
7628,694,80,0,61802,299,"the Epic of Alexander (Ultimate)",2225,2226,0,0,0,0,0,0,0,0,0,0,0,0,0,0,0,0,0,0,0,0,0,0
7629,657,73,0,61804,300,"the Dancing Plague",2150,2151,0,0,0,0,0,0,0,0,0,0,0,0,0,0,0,0,0,0,0,0,0,0
7630,666,79,0,61804,300,"the Crown of the Immaculate",2154,2155,0,0,0,0,0,0,0,0,0,0,0,0,0,0,0,0,0,0,0,0,0,0
7631,687,80,0,61804,300,"the Dying Gasp",2148,2149,0,0,0,0,0,0,0,0,0,0,0,0,0,0,0,0,0,0,0,0,0,0
7632,717,80,0,61804,300,"Cinder Drift",2272,2273,0,0,0,0,0,0,0,0,0,0,0,0,0,0,0,0,0,0,0,0,0,0
7633,738,80,0,61804,300,"the Seat of Sacrifice",2339,2340,0,0,0,0,0,0,0,0,0,0,0,0,0,0,0,0,0,0,0,0,0,0
7634,762,80,0,61804,300,"Castrum Marinum",2448,2449,0,0,0,0,0,0,0,0,0,0,0,0,0,0,0,0,0,0,0,0,0,0
7635,781,80,0,61804,300,"the Cloud Deck",2521,2522,0,0,0,0,0,0,0,0,0,0,0,0,0,0,0,0,0,0,0,0,0,0
7636,658,80,0,61804,300,"the Dancing Plague (Extreme)",2152,2153,0,0,0,0,0,0,0,0,0,0,0,0,0,0,0,0,0,0,0,0,0,0
7637,667,80,0,61804,300,"the Crown of the Immaculate (Extreme)",2156,2157,0,0,0,0,0,0,0,0,0,0,0,0,0,0,0,0,0,0,0,0,0,0
7638,693,80,0,61804,300,"the Minstrel's Ballad: Hades's Elegy",2223,2224,0,0,0,0,0,0,0,0,0,0,0,0,0,0,0,0,0,0,0,0,0,0
7639,718,80,0,61804,300,"Cinder Drift (Extreme)",2274,2275,0,0,0,0,0,0,0,0,0,0,0,0,0,0,0,0,0,0,0,0,0,0
7640,725,80,0,61804,300,"Memoria Misera (Extreme)",2276,2277,0,0,0,0,0,0,0,0,0,0,0,0,0,0,0,0,0,0,0,0,0,0
7641,739,80,0,61804,300,"the Seat of Sacrifice (Extreme)",2351,2352,0,0,0,0,0,0,0,0,0,0,0,0,0,0,0,0,0,0,0,0,0,0
7642,763,80,0,61804,300,"Castrum Marinum (Extreme)",2450,2451,0,0,0,0,0,0,0,0,0,0,0,0,0,0,0,0,0,0,0,0,0,0
7643,782,80,0,61804,300,"the Cloud Deck (Extreme)",2523,2524,0,0,0,0,0,0,0,0,0,0,0,0,0,0,0,0,0,0,0,0,0,0
7644,735,71,0,61838,301,"the Bozjan Southern Front",2380,2381,2382,2383,0,0,0,0,0,0,0,0,0,0,0,0,0,0,0,0,0,0,0,0
7645,778,71,0,61838,301,"Zadnor",2543,2505,2544,2506,2507,0,0,0,0,0,0,0,0,0,0,0,0,0,0,0,0,0,0,0
7646,760,80,0,61838,301,"Delubrum Reginae",0,0,0,0,0,0,0,0,0,0,0,0,0,0,0,0,0,0,0,0,0,0,0,0
7647,761,80,0,61838,301,"Delubrum Reginae (Savage)",0,0,0,0,0,0,0,0,0,0,0,0,0,0,0,0,0,0,0,0,0,0,0,0
7648,0,0,0,0,0,"",0,0,0,0,0,0,0,0,0,0,0,0,0,0,0,0,0,0,0,0,0,0,0,0
7649,783,81,0,61801,302,"the Tower of Zot",2732,2733,2734,0,0,0,0,0,0,0,0,0,0,0,0,0,0,0,0,0,0,0,0,0
7650,785,83,0,61801,302,"the Tower of Babil",2735,2736,2737,0,0,0,0,0,0,0,0,0,0,0,0,0,0,0,0,0,0,0,0,0
7651,789,85,0,61801,302,"Vanaspati",2738,2739,2740,0,0,0,0,0,0,0,0,0,0,0,0,0,0,0,0,0,0,0,0,0
7652,787,87,0,61801,302,"Ktisis Hyperboreia",2741,2742,2743,0,0,0,0,0,0,0,0,0,0,0,0,0,0,0,0,0,0,0,0,0
7653,786,89,0,61801,302,"the Aitiascope",2744,2745,2746,0,0,0,0,0,0,0,0,0,0,0,0,0,0,0,0,0,0,0,0,0
7654,792,90,0,61801,302,"the Dead Ends",2747,2748,2749,0,0,0,0,0,0,0,0,0,0,0,0,0,0,0,0,0,0,0,0,0
7655,794,90,0,61801,302,"Smileton",2750,2751,2752,0,0,0,0,0,0,0,0,0,0,0,0,0,0,0,0,0,0,0,0,0
7656,784,90,0,61801,302,"the Stigma Dreamscape",2753,2754,2755,0,0,0,0,0,0,0,0,0,0,0,0,0,0,0,0,0,0,0,0,0
7657,844,90,0,61801,302,"Alzadaal's Legacy",2851,2852,2853,0,0,0,0,0,0,0,0,0,0,0,0,0,0,0,0,0,0,0,0,0
7658,869,90,0,61801,302,"the Fell Court of Troia",2950,2951,2952,0,0,0,0,0,0,0,0,0,0,0,0,0,0,0,0,0,0,0,0,0
7659,896,90,0,61801,302,"Lapis Manalis",2989,2990,2991,0,0,0,0,0,0,0,0,0,0,0,0,0,0,0,0,0,0,0,0,0
7660,822,90,0,61801,302,"the Aetherfont",3107,3108,3109,0,0,0,0,0,0,0,0,0,0,0,0,0,0,0,0,0,0,0,0,0
7661,823,90,0,61801,302,"the Lunar Subterrane",3219,3220,3221,0,0,0,0,0,0,0,0,0,0,0,0,0,0,0,0,0,0,0,0,0
7662,866,90,0,61802,303,"Aglaia",2848,2849,2850,0,0,0,0,0,0,0,0,0,0,0,0,0,0,0,0,0,0,0,0,0
7663,911,90,0,61802,303,"Euphrosyne",3000,3001,3002,0,0,0,0,0,0,0,0,0,0,0,0,0,0,0,0,0,0,0,0,0
7664,962,90,0,61802,303,"Thaleia",3192,3193,3194,0,0,0,0,0,0,0,0,0,0,0,0,0,0,0,0,0,0,0,0,0
7665,808,90,0,61802,303,"Asphodelos: The First Circle",2772,2773,0,0,0,0,0,0,0,0,0,0,0,0,0,0,0,0,0,0,0,0,0,0
7666,810,90,0,61802,303,"Asphodelos: The Second Circle",2774,2775,0,0,0,0,0,0,0,0,0,0,0,0,0,0,0,0,0,0,0,0,0,0
7667,806,90,0,61802,303,"Asphodelos: The Third Circle",2776,2777,0,0,0,0,0,0,0,0,0,0,0,0,0,0,0,0,0,0,0,0,0,0
7668,800,90,0,61802,303,"Asphodelos: The Fourth Circle",2778,2779,0,0,0,0,0,0,0,0,0,0,0,0,0,0,0,0,0,0,0,0,0,0
7669,872,90,0,61802,303,"Abyssos: The Fifth Circle",2916,2917,0,0,0,0,0,0,0,0,0,0,0,0,0,0,0,0,0,0,0,0,0,0
7670,880,90,0,61802,303,"Abyssos: The Sixth Circle",2918,2919,0,0,0,0,0,0,0,0,0,0,0,0,0,0,0,0,0,0,0,0,0,0
7671,876,90,0,61802,303,"Abyssos: The Seventh Circle",2920,2921,0,0,0,0,0,0,0,0,0,0,0,0,0,0,0,0,0,0,0,0,0,0
7672,883,90,0,61802,303,"Abyssos: The Eighth Circle",2922,2923,0,0,0,0,0,0,0,0,0,0,0,0,0,0,0,0,0,0,0,0,0,0
7673,936,90,0,61802,303,"Anabaseios: The Ninth Circle",3091,3092,0,0,0,0,0,0,0,0,0,0,0,0,0,0,0,0,0,0,0,0,0,0
7674,938,90,0,61802,303,"Anabaseios: The Tenth Circle",3093,3094,0,0,0,0,0,0,0,0,0,0,0,0,0,0,0,0,0,0,0,0,0,0
7675,940,90,0,61802,303,"Anabaseios: The Eleventh Circle",3095,3096,0,0,0,0,0,0,0,0,0,0,0,0,0,0,0,0,0,0,0,0,0,0
7676,942,90,0,61802,303,"Anabaseios: The Twelfth Circle",3097,3098,0,0,0,0,0,0,0,0,0,0,0,0,0,0,0,0,0,0,0,0,0,0
7677,809,90,0,61802,303,"Asphodelos: The First Circle (Savage)",2780,2781,0,0,0,0,0,0,0,0,0,0,0,0,0,0,0,0,0,0,0,0,0,0
7678,811,90,0,61802,303,"Asphodelos: The Second Circle (Savage)",2782,2783,0,0,0,0,0,0,0,0,0,0,0,0,0,0,0,0,0,0,0,0,0,0
7679,807,90,0,61802,303,"Asphodelos: The Third Circle (Savage)",2784,2785,0,0,0,0,0,0,0,0,0,0,0,0,0,0,0,0,0,0,0,0,0,0
7680,801,90,0,61802,303,"Asphodelos: The Fourth Circle (Savage)",2786,2787,0,0,0,0,0,0,0,0,0,0,0,0,0,0,0,0,0,0,0,0,0,0
7681,873,90,0,61802,303,"Abyssos: The Fifth Circle (Savage)",2924,2925,0,0,0,0,0,0,0,0,0,0,0,0,0,0,0,0,0,0,0,0,0,0
7682,881,90,0,61802,303,"Abyssos: The Sixth Circle (Savage)",2926,2927,0,0,0,0,0,0,0,0,0,0,0,0,0,0,0,0,0,0,0,0,0,0
7683,877,90,0,61802,303,"Abyssos: The Seventh Circle (Savage)",2928,2929,0,0,0,0,0,0,0,0,0,0,0,0,0,0,0,0,0,0,0,0,0,0
7684,884,90,0,61802,303,"Abyssos: The Eighth Circle (Savage)",2930,2931,0,0,0,0,0,0,0,0,0,0,0,0,0,0,0,0,0,0,0,0,0,0
7685,937,90,0,61802,303,"Anabaseios: The Ninth Circle (Savage)",3099,3100,0,0,0,0,0,0,0,0,0,0,0,0,0,0,0,0,0,0,0,0,0,0
7686,939,90,0,61802,303,"Anabaseios: The Tenth Circle (Savage)",3101,3102,0,0,0,0,0,0,0,0,0,0,0,0,0,0,0,0,0,0,0,0,0,0
7687,941,90,0,61802,303,"Anabaseios: The Eleventh Circle (Savage)",3103,3104,0,0,0,0,0,0,0,0,0,0,0,0,0,0,0,0,0,0,0,0,0,0
7688,943,90,0,61802,303,"Anabaseios: The Twelfth Circle (Savage)",3105,3106,0,0,0,0,0,0,0,0,0,0,0,0,0,0,0,0,0,0,0,0,0,0
7689,788,90,0,61802,303,"Dragonsong's Reprise (Ultimate)",2866,2867,0,0,0,0,0,0,0,0,0,0,0,0,0,0,0,0,0,0,0,0,0,0
7690,908,90,0,61802,303,"the Omega Protocol (Ultimate)",3030,3031,0,0,0,0,0,0,0,0,0,0,0,0,0,0,0,0,0,0,0,0,0,0
7691,802,83,0,61804,304,"the Dark Inside",2756,2757,0,0,0,0,0,0,0,0,0,0,0,0,0,0,0,0,0,0,0,0,0,0
7692,790,89,0,61804,304,"the Mothercrystal",2758,2759,0,0,0,0,0,0,0,0,0,0,0,0,0,0,0,0,0,0,0,0,0,0
7693,796,90,0,61804,304,"the Final Day",2760,2761,0,0,0,0,0,0,0,0,0,0,0,0,0,0,0,0,0,0,0,0,0,0
7694,870,90,0,61804,304,"Storm's Crown",2905,2906,0,0,0,0,0,0,0,0,0,0,0,0,0,0,0,0,0,0,0,0,0,0
7695,886,90,0,61804,304,"Mount Ordeals",2992,2993,0,0,0,0,0,0,0,0,0,0,0,0,0,0,0,0,0,0,0,0,0,0
7696,949,90,0,61804,304,"the Voidcast Dais",3137,3138,0,0,0,0,0,0,0,0,0,0,0,0,0,0,0,0,0,0,0,0,0,0
7697,964,90,0,61804,304,"the Abyssal Fracture",3195,3196,0,0,0,0,0,0,0,0,0,0,0,0,0,0,0,0,0,0,0,0,0,0
7698,944,90,0,61804,304,"the Gilded Araya",3141,3142,0,0,0,0,0,0,0,0,0,0,0,0,0,0,0,0,0,0,0,0,0,0
7699,803,90,0,61804,304,"the Minstrel's Ballad: Zodiark's Fall",2762,2763,0,0,0,0,0,0,0,0,0,0,0,0,0,0,0,0,0,0,0,0,0,0
7700,791,90,0,61804,304,"the Minstrel's Ballad: Hydaelyn's Call",2764,2765,0,0,0,0,0,0,0,0,0,0,0,0,0,0,0,0,0,0,0,0,0,0
7701,846,90,0,61804,304,"the Minstrel's Ballad: Endsinger's Aria",2856,2857,0,0,0,0,0,0,0,0,0,0,0,0,0,0,0,0,0,0,0,0,0,0
7702,871,90,0,61804,304,"Storm's Crown (Extreme)",2907,2908,0,0,0,0,0,0,0,0,0,0,0,0,0,0,0,0,0,0,0,0,0,0
7703,924,90,0,61804,304,"Mount Ordeals (Extreme)",3028,3029,0,0,0,0,0,0,0,0,0,0,0,0,0,0,0,0,0,0,0,0,0,0
7704,950,90,0,61804,304,"the Voidcast Dais (Extreme)",3139,3140,0,0,0,0,0,0,0,0,0,0,0,0,0,0,0,0,0,0,0,0,0,0
7705,965,90,0,61804,304,"the Abyssal Fracture (Extreme)",3197,3198,0,0,0,0,0,0,0,0,0,0,0,0,0,0,0,0,0,0,0,0,0,0
7706,69,90,0,61804,304,"The Gilded Araya",0,0,0,0,0,0,0,0,0,0,0,0,0,0,0,0,0,0,0,0,0,0,0,0
7707,897,81,0,61824,305,"Eureka Orthos (Floors 1-10)",3036,3037,3038,3039,0,0,0,0,0,0,0,0,0,0,0,0,0,0,0,0,0,0,0,0
7708,898,81,0,61824,305,"Eureka Orthos (Floors 11-20)",0,0,0,0,0,0,0,0,0,0,0,0,0,0,0,0,0,0,0,0,0,0,0,0
7709,899,81,0,61824,305,"Eureka Orthos (Floors 21-30)",0,0,0,0,0,0,0,0,0,0,0,0,0,0,0,0,0,0,0,0,0,0,0,0
7710,900,81,0,61824,305,"Eureka Orthos (Floors 31-40)",0,0,0,0,0,0,0,0,0,0,0,0,0,0,0,0,0,0,0,0,0,0,0,0
7711,901,81,0,61824,305,"Eureka Orthos (Floors 41-50)",0,0,0,0,0,0,0,0,0,0,0,0,0,0,0,0,0,0,0,0,0,0,0,0
7712,902,81,0,61824,305,"Eureka Orthos (Floors 51-60)",0,0,0,0,0,0,0,0,0,0,0,0,0,0,0,0,0,0,0,0,0,0,0,0
7713,903,81,0,61824,305,"Eureka Orthos (Floors 61-70)",0,0,0,0,0,0,0,0,0,0,0,0,0,0,0,0,0,0,0,0,0,0,0,0
7714,904,81,0,61824,305,"Eureka Orthos (Floors 71-80)",0,0,0,0,0,0,0,0,0,0,0,0,0,0,0,0,0,0,0,0,0,0,0,0
7715,905,81,0,61824,305,"Eureka Orthos (Floors 81-90)",0,0,0,0,0,0,0,0,0,0,0,0,0,0,0,0,0,0,0,0,0,0,0,0
7716,906,81,0,61824,305,"Eureka Orthos (Floors 91-100)",0,0,0,0,0,0,0,0,0,0,0,0,0,0,0,0,0,0,0,0,0,0,0,0
7717,868,90,0,61846,306,"the Sil'dihn Subterrane",2941,2943,2945,2948,2949,0,0,0,0,0,0,0,0,0,0,0,0,0,0,0,0,0,0,0
7718,878,90,0,61846,306,"Another Sil'dihn Subterrane",2942,0,0,0,0,0,0,0,0,0,0,0,0,0,0,0,0,0,0,0,0,0,0,0
7719,879,90,0,61846,306,"Another Sil'dihn Subterrane (Savage)",2957,0,0,0,0,0,0,0,0,0,0,0,0,0,0,0,0,0,0,0,0,0,0,0
7720,945,90,0,61846,306,"Mount Rokkon",3117,3120,3121,3123,3125,0,0,0,0,0,0,0,0,0,0,0,0,0,0,0,0,0,0,0
7721,946,90,0,61846,306,"Another Mount Rokkon",3118,0,0,0,0,0,0,0,0,0,0,0,0,0,0,0,0,0,0,0,0,0,0,0
7722,947,90,0,61846,306,"Another Mount Rokkon (Savage)",3119,0,0,0,0,0,0,0,0,0,0,0,0,0,0,0,0,0,0,0,0,0,0,0
7723,961,90,0,61846,306,"Aloalo Island",3209,3212,3213,3215,3217,0,0,0,0,0,0,0,0,0,0,0,0,0,0,0,0,0,0,0
7724,979,90,0,61846,306,"Another Aloalo Island",3210,0,0,0,0,0,0,0,0,0,0,0,0,0,0,0,0,0,0,0,0,0,0,0
7725,980,90,0,61846,306,"Another Aloalo Island (Savage)",3211,0,0,0,0,0,0,0,0,0,0,0,0,0,0,0,0,0,0,0,0,0,0,0
7726,826,91,0,61801,307,"Ihuykatumu",3446,3447,3448,0,0,0,0,0,0,0,0,0,0,0,0,0,0,0,0,0,0,0,0,0
7727,824,93,0,61801,307,"Worqor Zormor",3449,3450,3451,0,0,0,0,0,0,0,0,0,0,0,0,0,0,0,0,0,0,0,0,0
7728,829,95,0,61801,307,"the Skydeep Cenote",3452,3453,3454,0,0,0,0,0,0,0,0,0,0,0,0,0,0,0,0,0,0,0,0,0
7729,831,97,0,61801,307,"Vanguard",3455,3456,3457,0,0,0,0,0,0,0,0,0,0,0,0,0,0,0,0,0,0,0,0,0
7730,825,99,0,61801,307,"Origenics",3458,3459,3460,0,0,0,0,0,0,0,0,0,0,0,0,0,0,0,0,0,0,0,0,0
7731,827,100,0,61801,307,"Alexandria",3461,3462,3463,0,0,0,0,0,0,0,0,0,0,0,0,0,0,0,0,0,0,0,0,0
7732,834,100,0,61801,307,"Tender Valley",3464,3465,3466,0,0,0,0,0,0,0,0,0,0,0,0,0,0,0,0,0,0,0,0,0
7733,981,100,0,61801,307,"The Strayborough Deadwalk",3467,3468,3469,0,0,0,0,0,0,0,0,0,0,0,0,0,0,0,0,0,0,0,0,0
7734,1008,100,0,61801,307,"Yuweyawata Field Station",3535,3536,3537,0,0,0,0,0,0,0,0,0,0,0,0,0,0,0,0,0,0,0,0,0
7735,1027,100,0,61801,307,"the Underkeep",3634,3635,3636,0,0,0,0,0,0,0,0,0,0,0,0,0,0,0,0,0,0,0,0,0
7736,1028,100,0,61801,307,"the Meso Terminal",3726,3727,3728,0,0,0,0,0,0,0,0,0,0,0,0,0,0,0,0,0,0,0,0,0
7737,1064,100,0,61801,307,"Mistwake",3797,3798,3799,0,0,0,0,0,0,0,0,0,0,0,0,0,0,0,0,0,0,0,0,0
7738,1011,100,0,61801,307,"the Clyteum",3936,3937,3938,0,0,0,0,0,0,0,0,0,0,0,0,0,0,0,0,0,0,0,0,0
7739,1015,100,0,61802,308,"Jeuno: The First Walk",3544,3545,3546,0,0,0,0,0,0,0,0,0,0,0,0,0,0,0,0,0,0,0,0,0
7740,1058,100,0,61802,308,"San d'Oria: The Second Walk",3703,3704,3705,0,0,0,0,0,0,0,0,0,0,0,0,0,0,0,0,0,0,0,0,0
7741,1117,100,0,61802,308,"Windurst: The Third Walk",3979,3980,3981,0,0,0,0,0,0,0,0,0,0,0,0,0,0,0,0,0,0,0,0,0
7742,985,100,0,61802,308,"AAC Light-heavyweight M1",3489,3490,0,0,0,0,0,0,0,0,0,0,0,0,0,0,0,0,0,0,0,0,0,0
7743,987,100,0,61802,308,"AAC Light-heavyweight M2",3491,3492,0,0,0,0,0,0,0,0,0,0,0,0,0,0,0,0,0,0,0,0,0,0
7744,989,100,0,61802,308,"AAC Light-heavyweight M3",3493,3494,0,0,0,0,0,0,0,0,0,0,0,0,0,0,0,0,0,0,0,0,0,0
7745,991,100,0,61802,308,"AAC Light-heavyweight M4",3495,3496,0,0,0,0,0,0,0,0,0,0,0,0,0,0,0,0,0,0,0,0,0,0
7746,1019,100,0,61802,308,"AAC Cruiserweight M1",3605,3606,0,0,0,0,0,0,0,0,0,0,0,0,0,0,0,0,0,0,0,0,0,0
7747,1021,100,0,61802,308,"AAC Cruiserweight M2",3607,3608,0,0,0,0,0,0,0,0,0,0,0,0,0,0,0,0,0,0,0,0,0,0
7748,1023,100,0,61802,308,"AAC Cruiserweight M3",3609,3610,0,0,0,0,0,0,0,0,0,0,0,0,0,0,0,0,0,0,0,0,0,0
7749,1025,100,0,61802,308,"AAC Cruiserweight M4",3611,3612,0,0,0,0,0,0,0,0,0,0,0,0,0,0,0,0,0,0,0,0,0,0
7750,1068,100,0,61802,308,"AAC Heavyweight M1",3823,3824,0,0,0,0,0,0,0,0,0,0,0,0,0,0,0,0,0,0,0,0,0,0
7751,1070,100,0,61802,308,"AAC Heavyweight M2",3825,3826,0,0,0,0,0,0,0,0,0,0,0,0,0,0,0,0,0,0,0,0,0,0
7752,1072,100,0,61802,308,"AAC Heavyweight M3",3827,3828,0,0,0,0,0,0,0,0,0,0,0,0,0,0,0,0,0,0,0,0,0,0
7753,1074,100,0,61802,308,"AAC Heavyweight M4",3829,3830,0,0,0,0,0,0,0,0,0,0,0,0,0,0,0,0,0,0,0,0,0,0
7754,986,100,0,61802,308,"AAC Light-heavyweight M1 (Savage)",3497,3498,0,0,0,0,0,0,0,0,0,0,0,0,0,0,0,0,0,0,0,0,0,0
7755,988,100,0,61802,308,"AAC Light-heavyweight M2 (Savage)",3499,3500,0,0,0,0,0,0,0,0,0,0,0,0,0,0,0,0,0,0,0,0,0,0
7756,990,100,0,61802,308,"AAC Light-heavyweight M3 (Savage)",3501,3502,0,0,0,0,0,0,0,0,0,0,0,0,0,0,0,0,0,0,0,0,0,0
7757,992,100,0,61802,308,"AAC Light-heavyweight M4 (Savage)",3503,3504,0,0,0,0,0,0,0,0,0,0,0,0,0,0,0,0,0,0,0,0,0,0
7758,1020,100,0,61802,308,"AAC Cruiserweight M1 (Savage)",3613,3614,0,0,0,0,0,0,0,0,0,0,0,0,0,0,0,0,0,0,0,0,0,0
7759,1022,100,0,61802,308,"AAC Cruiserweight M2 (Savage)",3615,3616,0,0,0,0,0,0,0,0,0,0,0,0,0,0,0,0,0,0,0,0,0,0
7760,1024,100,0,61802,308,"AAC Cruiserweight M3 (Savage)",3617,3618,0,0,0,0,0,0,0,0,0,0,0,0,0,0,0,0,0,0,0,0,0,0
7761,1026,100,0,61802,308,"AAC Cruiserweight M4 (Savage)",3619,3620,0,0,0,0,0,0,0,0,0,0,0,0,0,0,0,0,0,0,0,0,0,0
7762,1069,100,0,61802,308,"AAC Heavyweight M1 (Savage)",3831,3832,0,0,0,0,0,0,0,0,0,0,0,0,0,0,0,0,0,0,0,0,0,0
7763,1071,100,0,61802,308,"AAC Heavyweight M2 (Savage)",3833,3834,0,0,0,0,0,0,0,0,0,0,0,0,0,0,0,0,0,0,0,0,0,0
7764,1073,100,0,61802,308,"AAC Heavyweight M3 (Savage)",3835,3836,0,0,0,0,0,0,0,0,0,0,0,0,0,0,0,0,0,0,0,0,0,0
7765,1075,100,0,61802,308,"AAC Heavyweight M4 (Savage)",3837,3838,0,0,0,0,0,0,0,0,0,0,0,0,0,0,0,0,0,0,0,0,0,0
7766,1006,100,0,61802,308,"Futures Rewritten (Ultimate)",3559,3560,0,0,0,0,0,0,0,0,0,0,0,0,0,0,0,0,0,0,0,0,0,0
7767,0,0,0,0,0,"",0,0,0,0,0,0,0,0,0,0,0,0,0,0,0,0,0,0,0,0,0,0,0,0
7768,1010,100,0,61802,308,"the Cloud of Darkness (Chaotic)",3561,3562,0,0,0,0,0,0,0,0,0,0,0,0,0,0,0,0,0,0,0,0,0,0
7769,832,93,0,61804,309,"Worqor Lar Dor",3470,3471,0,0,0,0,0,0,0,0,0,0,0,0,0,0,0,0,0,0,0,0,0,0
7770,995,99,0,61804,309,"Everkeep",3472,3473,0,0,0,0,0,0,0,0,0,0,0,0,0,0,0,0,0,0,0,0,0,0
7771,1118,100,0,61804,309,"Shinryu's Domain (Unreal)",3970,3971,0,0,0,0,0,0,0,0,0,0,0,0,0,0,0,0,0,0,0,0,0,0
7772,984,100,0,61804,309,"the Interphos",3474,3475,0,0,0,0,0,0,0,0,0,0,0,0,0,0,0,0,0,0,0,0,0,0
7773,1030,100,0,61804,309,"Recollection",3628,3629,0,0,0,0,0,0,0,0,0,0,0,0,0,0,0,0,0,0,0,0,0,0
7774,1061,100,0,61804,309,"the Ageless Necropolis",3720,3721,0,0,0,0,0,0,0,0,0,0,0,0,0,0,0,0,0,0,0,0,0,0
7775,1043,100,0,61804,309,"the Windward Wilds",3761,3762,0,0,0,0,0,0,0,0,0,0,0,0,0,0,0,0,0,0,0,0,0,0
7776,1076,100,0,61804,309,"Hell on Rails",3800,3801,0,0,0,0,0,0,0,0,0,0,0,0,0,0,0,0,0,0,0,0,0,0
7777,1115,100,0,61804,309,"the Unmaking",3955,3956,0,0,0,0,0,0,0,0,0,0,0,0,0,0,0,0,0,0,0,0,0,0
7778,833,100,0,61804,309,"Worqor Lar Dor (Extreme)",3476,3477,0,0,0,0,0,0,0,0,0,0,0,0,0,0,0,0,0,0,0,0,0,0
7779,996,100,0,61804,309,"Everkeep (Extreme)",3478,3479,0,0,0,0,0,0,0,0,0,0,0,0,0,0,0,0,0,0,0,0,0,0
7780,1017,100,0,61804,309,"the Minstrel's Ballad: Sphene's Burden",3555,3556,0,0,0,0,0,0,0,0,0,0,0,0,0,0,0,0,0,0,0,0,0,0
7781,1031,100,0,61804,309,"Recollection (Extreme)",3630,3631,0,0,0,0,0,0,0,0,0,0,0,0,0,0,0,0,0,0,0,0,0,0
7782,1062,100,0,61804,309,"the Minstrel's Ballad: Necron's Embrace",3722,3723,0,0,0,0,0,0,0,0,0,0,0,0,0,0,0,0,0,0,0,0,0,0
7783,1044,100,0,61804,309,"the Windward Wilds (Extreme)",3768,3769,0,0,0,0,0,0,0,0,0,0,0,0,0,0,0,0,0,0,0,0,0,0
7784,1077,100,0,61804,309,"Hell on Rails (Extreme)",3802,3803,0,0,0,0,0,0,0,0,0,0,0,0,0,0,0,0,0,0,0,0,0,0
7785,1116,100,0,61804,309,"the Unmaking (Extreme)",3957,3958,0,0,0,0,0,0,0,0,0,0,0,0,0,0,0,0,0,0,0,0,0,0
7786,1018,100,0,61851,310,"the Occult Crescent: South Horn",3639,3640,3641,3642,0,0,0,0,0,0,0,0,0,0,0,0,0,0,0,0,0,0,0,0
7787,0,0,0,0,0,"",0,0,0,0,0,0,0,0,0,0,0,0,0,0,0,0,0,0,0,0,0,0,0,0
7788,0,0,0,0,0,"",0,0,0,0,0,0,0,0,0,0,0,0,0,0,0,0,0,0,0,0,0,0,0,0
7789,1032,91,0,61824,311,"Pilgrim's Traverse (Stones 1-10)",3751,3752,3753,3773,3755,0,0,0,0,0,0,0,0,0,0,0,0,0,0,0,0,0,0,0
7790,1033,91,0,61824,311,"Pilgrim's Traverse (Stones 11-20)",0,0,0,0,0,0,0,0,0,0,0,0,0,0,0,0,0,0,0,0,0,0,0,0
7791,1034,91,0,61824,311,"Pilgrim's Traverse (Stones 21-30)",0,0,0,0,0,0,0,0,0,0,0,0,0,0,0,0,0,0,0,0,0,0,0,0
7792,1035,91,0,61824,311,"Pilgrim's Traverse (Stones 31-40)",0,0,0,0,0,0,0,0,0,0,0,0,0,0,0,0,0,0,0,0,0,0,0,0
7793,1036,91,0,61824,311,"Pilgrim's Traverse (Stones 41-50)",0,0,0,0,0,0,0,0,0,0,0,0,0,0,0,0,0,0,0,0,0,0,0,0
7794,1037,91,0,61824,311,"Pilgrim's Traverse (Stones 51-60)",0,0,0,0,0,0,0,0,0,0,0,0,0,0,0,0,0,0,0,0,0,0,0,0
7795,1038,91,0,61824,311,"Pilgrim's Traverse (Stones 61-70)",0,0,0,0,0,0,0,0,0,0,0,0,0,0,0,0,0,0,0,0,0,0,0,0
7796,1039,91,0,61824,311,"Pilgrim's Traverse (Stones 71-80)",0,0,0,0,0,0,0,0,0,0,0,0,0,0,0,0,0,0,0,0,0,0,0,0
7797,1040,91,0,61824,311,"Pilgrim's Traverse (Stones 81-90)",0,0,0,0,0,0,0,0,0,0,0,0,0,0,0,0,0,0,0,0,0,0,0,0
7798,1041,91,0,61824,311,"Pilgrim's Traverse (Stones 91-100)",0,0,0,0,0,0,0,0,0,0,0,0,0,0,0,0,0,0,0,0,0,0,0,0
7799,1065,91,0,61824,311,"the Final Verse",3774,3775,0,0,0,0,0,0,0,0,0,0,0,0,0,0,0,0,0,0,0,0,0,0
7800,1063,100,0,61824,311,"the Final Verse (Quantum)",3776,3754,0,0,0,0,0,0,0,0,0,0,0,0,0,0,0,0,0,0,0,0,0,0
7801,1066,90,0,61846,312,"<Emphasis>The Merchant's Tale</Emphasis>",3878,3885,3886,3887,3888,3881,3882,3883,3884,0,0,0,0,0,0,0,0,0,0,0,0,0,0,0
7802,1084,100,0,61846,312,"<Emphasis>The Merchant's Tale</Emphasis> (Advanced)",3879,0,0,0,0,0,0,0,0,0,0,0,0,0,0,0,0,0,0,0,0,0,0,0
7803,1079,100,0,61846,312,"Another Merchant's Tale",3880,0,0,0,0,0,0,0,0,0,0,0,0,0,0,0,0,0,0,0,0,0,0,0
