key,0,1,2,3,4,5,6,7,8,9,10,11,12,13,14,15,16,17,18,19,20,21,22,23,24,25,26
#,,,,,,,,,,,,,,,,,,,,,,,,,,,
int32,str,str,str,str,str,byte,bit&01,uint16,byte,uint16,uint32,int32,uint32,uint32,byte,byte,byte,byte,byte,byte,byte,byte,byte,byte,byte,byte,byte
0,"","","","","",0,False,158,0,0,0,0,0,0,0,0,0,0,0,0,0,0,0,0,0,0,0
1,"Preparation for Base Camp Alpha Expansion
<UIForeground>F2023B</UIForeground><UIGlow>F2023C</UIGlow>Complete stellar missions.<UIGlow>01</UIGlow><UIForeground>01</UIForeground>","Preparation for Base Camp Alpha Expansion","We are presently gathering materials to expand the Moongate Hub. Complete stellar missions to assist in our efforts!","The time is come! We are presently gathering materials to expand the Moongate Hub!","Searchingway",0,False,158,1,0,241001,0,0,0,0,0,2,3,0,0,0,0,0,0,0,0,0
2,"Groundwork for Base Camp Alpha Expansion
<UIForeground>F2023B</UIForeground><UIGlow>F2023C</UIGlow>Prepare for upcoming projects.<UIGlow>01</UIGlow><UIForeground>01</UIForeground>","Groundwork for Base Camp Alpha Expansion","Projects are currently being scheduled for the Moongate Hub's expansion. Stand by for upcoming opportunities!","Projects are currently being scheduled for the Moongate Hub's expansion. We hope you will join our efforts!","Searchingway",0,False,158,2,0,241001,1451,0,0,0,0,2,3,0,0,0,0,0,0,0,0,0
3,"Base Camp Alpha Expansion Underway
<UIForeground>F2023B</UIForeground><UIGlow>F2023C</UIGlow>Participate in ongoing projects.<UIGlow>01</UIGlow><UIForeground>01</UIForeground>","Base Camp Alpha Expansion Underway","We have commenced expansion of the Moongate Hub. Hop over and help us out!","The expansion of the Moongate Hub is now underway! Come and lend a paw!","Searchingway",0,False,158,3,0,241001,0,0,0,0,0,2,3,0,0,0,0,0,0,0,0,0
4,"Base Camp Beta Complete
<UIForeground>F2023B</UIForeground><UIGlow>F2023C</UIGlow>Explore at your leisure until the next project.<UIGlow>01</UIGlow><UIForeground>01</UIForeground>","Base Camp Beta Complete","Thanks to the efforts of all, the Moongate Hub now boasts a few helpful upgrades. Feel free to explore while we prepare for future projects!","The Moongate Hub now boasts a few helpful upgrades. We thank you all for your cooperation!","Searchingway",1,False,158,4,0,241002,1406,18,0,6,0,2,3,0,0,0,0,0,0,0,0,0
5,"Preparation for Cosmoliner Alpha Construction
<UIForeground>F2023B</UIForeground><UIGlow>F2023C</UIGlow>Complete stellar missions.<UIGlow>01</UIGlow><UIForeground>01</UIForeground>","Preparation for Cosmoliner Alpha Construction","We are presently gathering materials for a Cosmoliner circuit. Complete stellar missions to assist in our efforts!","Why travel on foot when we can build a Cosmoliner circuit here at the hub? To that end, we are presently gathering materials!","Searchingway",1,False,158,5,0,241003,0,0,0,0,0,2,3,0,0,0,0,0,0,0,0,0
6,"Groundwork for Cosmoliner Alpha Construction
<UIForeground>F2023B</UIForeground><UIGlow>F2023C</UIGlow>Prepare for upcoming projects.<UIGlow>01</UIGlow><UIForeground>01</UIForeground>","Groundwork for Cosmoliner Alpha Construction","Projects are currently being scheduled for the Cosmoliner's construction. Stand by for upcoming opportunities!","Projects are currently being scheduled for the Cosmoliner's construction. We hope you will join our efforts!","Searchingway",1,False,158,6,0,241003,1451,0,0,0,0,2,3,0,0,0,0,0,0,0,0,0
7,"Cosmoliner Alpha Construction Underway
<UIForeground>F2023B</UIForeground><UIGlow>F2023C</UIGlow>Participate in ongoing projects.<UIGlow>01</UIGlow><UIForeground>01</UIForeground>","Cosmoliner Alpha Construction Underway","We have commenced construction of the Cosmoliner. Hop over and help us out!","The construction of the Cosmoliner is now underway! Come and lend a paw!","Searchingway",1,False,158,7,0,241003,0,0,0,0,0,2,3,0,0,0,0,0,0,0,0,0
8,"Cosmoliner Central Radius Complete
<UIForeground>F2023B</UIForeground><UIGlow>F2023C</UIGlow>Explore at your leisure until the next project.<UIGlow>01</UIGlow><UIForeground>01</UIForeground>","Cosmoliner Central Radius Complete","Thanks to the efforts of all, the Cosmoliner has been constructed. Feel free to explore while we prepare for future projects!","Now that the Cosmoliner is complete, sore feet will soon be a thing of the past. We thank you all for your cooperation!","Searchingway",2,False,158,8,0,241004,1405,18,1,6,0,2,3,0,0,0,0,0,0,0,0,0
9,"Preparation for Habitation Module & Cosmoport Construction
<UIForeground>F2023B</UIForeground><UIGlow>F2023C</UIGlow>Complete stellar missions.<UIGlow>01</UIGlow><UIForeground>01</UIForeground>","Preparation for Habitation Module & Cosmoport Construction","We are presently gathering materials for a habitation module and a cosmoport. Complete stellar missions to assist in our efforts!","A proper hub needs a habitation module and a cosmoport for starships. To that end, we are presently gathering materials!","Searchingway",2,False,158,9,0,241005,0,0,0,0,0,2,3,0,0,0,0,0,0,0,0,0
10,"Groundwork for Habitation Module Construction
<UIForeground>F2023B</UIForeground><UIGlow>F2023C</UIGlow>Prepare for upcoming projects.<UIGlow>01</UIGlow><UIForeground>01</UIForeground>","Groundwork for Habitation Module Construction","Projects are currently being scheduled for the habitation module's construction. Stand by for upcoming opportunities!","Projects are currently being scheduled for the habitation module's construction. We hope you will join our efforts!","Searchingway",2,False,158,10,0,241005,1451,0,0,0,0,2,3,0,0,0,0,0,0,0,0,0
11,"Habitation Module Construction Underway
<UIForeground>F2023B</UIForeground><UIGlow>F2023C</UIGlow>Participate in ongoing projects.<UIGlow>01</UIGlow><UIForeground>01</UIForeground>","Habitation Module Construction Underway","We have commenced construction of the habitation module. Hop over and help us out!","The construction of the habitation module is now underway! Come and lend a paw!","Searchingway",2,False,158,11,0,241005,0,0,0,0,0,2,3,0,0,0,0,0,0,0,0,0
12,"Preparation for Cosmoport Alpha Maintenance
<UIForeground>F2023B</UIForeground><UIGlow>F2023C</UIGlow>Prepare for upcoming projects.<UIGlow>01</UIGlow><UIForeground>01</UIForeground>","Preparation for Cosmoport Alpha Maintenance","Projects are currently being scheduled for the cosmoport's construction and maintenance. Stand by for upcoming opportunities!","Projects are currently being scheduled for the cosmoport's construction. We hope you will join our efforts!","Searchingway",3,False,158,12,0,241006,1401,18,2,5,0,2,3,0,0,0,0,0,0,0,0,0
13,"Cosmoport Alpha Maintenance Underway
<UIForeground>F2023B</UIForeground><UIGlow>F2023C</UIGlow>Participate in ongoing projects.<UIGlow>01</UIGlow><UIForeground>01</UIForeground>","Cosmoport Alpha Maintenance Underway","We have commenced construction and maintenance of the cosmoport. Hop over and help us out!","The construction of the cosmoport is now underway! Come and lend a paw!","Searchingway",3,False,158,12,0,241006,0,0,0,0,0,2,3,0,0,0,0,0,0,0,0,0
14,"Habitation Module & Cosmoport Complete
<UIForeground>F2023B</UIForeground><UIGlow>F2023C</UIGlow>Explore at your leisure until the next project.<UIGlow>01</UIGlow><UIForeground>01</UIForeground>","Habitation Module & Cosmoport Complete","Thanks to the efforts of all, the habitation module and cosmoport have been completed. Feel free to explore while we prepare for future projects!","The habitation module and cosmoport are both ready for occupants. We thank you all for your cooperation!","Searchingway",4,False,158,13,0,241007,1401,18,3,5,0,2,3,0,0,0,0,0,0,0,0,0
15,"Preparation for Mech Hangar Alpha Expansion
<UIForeground>F2023B</UIForeground><UIGlow>F2023C</UIGlow>Complete stellar missions.<UIGlow>01</UIGlow><UIForeground>01</UIForeground>","Preparation for Mech Hangar Alpha Expansion","We are presently gathering materials for upgrades to our mech hangar. Complete stellar missions to assist in our efforts!","Reportedly, the mech hangar is due for an upgrade. To that end, we are presently gathering materials!","Searchingway",4,False,158,14,0,241008,0,0,0,0,0,2,3,0,0,0,0,0,0,0,0,0
16,"Groundwork for Mech Hangar Alpha Expansion
<UIForeground>F2023B</UIForeground><UIGlow>F2023C</UIGlow>Prepare for upcoming projects.<UIGlow>01</UIGlow><UIForeground>01</UIForeground>","Groundwork for Mech Hangar Alpha Expansion","Projects are currently being scheduled for the mech hangar's renovation. Stand by for upcoming opportunities!","Projects are currently being scheduled for the mech hangar's renovation. We hope you will join our efforts!","Searchingway",4,False,158,15,0,241008,1451,0,0,0,0,2,3,0,0,0,0,0,0,0,0,0
17,"Mech Hangar Alpha Expansion Underway
<UIForeground>F2023B</UIForeground><UIGlow>F2023C</UIGlow>Participate in ongoing projects.<UIGlow>01</UIGlow><UIForeground>01</UIForeground>","Mech Hangar Alpha Expansion Underway","We have commenced the mech hangar's renovation. Hop over and help us out!","The renovation of the mech hangar is now underway! Come and lend a paw!","Searchingway",4,False,158,16,0,241008,0,0,0,0,0,2,3,0,0,0,0,0,0,0,0,0
18,"Mech Hangar Beta Complete
<UIForeground>F2023B</UIForeground><UIGlow>F2023C</UIGlow>Explore at your leisure until the next project.<UIGlow>01</UIGlow><UIForeground>01</UIForeground>","Mech Hangar Beta Complete","Thanks to the efforts of all, the mech hangar has received a much-needed upgrade. Feel free to explore while we prepare for future projects!","The mech hangar has now received a much-needed upgrade. We thank you all for your cooperation!","Searchingway",5,False,158,17,0,241009,1402,18,4,5,0,2,3,0,0,0,0,0,0,0,0,0
19,"Preparation for Cosmoliner Beta Construction
<UIForeground>F2023B</UIForeground><UIGlow>F2023C</UIGlow>Complete stellar missions.<UIGlow>01</UIGlow><UIForeground>01</UIForeground>","Preparation for Cosmoliner Beta Construction","We are presently gathering materials for a northwestern extension to the Cosmoliner. Complete stellar missions to assist in our efforts!","It's time we extended the Cosmoliner into the northwest. To that end, we are presently gathering materials!","Searchingway",5,False,158,18,0,241010,0,0,0,0,0,2,3,0,0,0,0,0,0,0,0,0
20,"Cosmoliner Beta Construction Underway
<UIForeground>F2023B</UIForeground><UIGlow>F2023C</UIGlow>Await the Cosmoliner's completion.<UIGlow>01</UIGlow><UIForeground>01</UIForeground>","Cosmoliner Beta Construction Underway","The Cosmoliner is under construction. Please wait until the northwestern extension is complete!","The northwestern extension of the Cosmoliner is now underway! Please wait patiently until we can confirm its functionality and safety.","Searchingway",5,False,158,18,0,241010,1452,0,0,0,0,2,3,0,0,0,0,0,0,0,0,0
21,"Cosmoliner Northwestern Radius Complete
<UIForeground>F2023B</UIForeground><UIGlow>F2023C</UIGlow>Explore at your leisure until the next project.<UIGlow>01</UIGlow><UIForeground>01</UIForeground>","Cosmoliner Northwestern Radius Complete","The Cosmoliner's northwestern extension has been completed. Feel free to explore while we prepare for future projects!","Calabash Cove is now just a short hop away! We thank you all for your cooperation!","Searchingway",6,False,158,19,0,241011,1407,18,5,6,0,2,3,0,0,0,0,0,0,0,0,0
22,"Preparation for Cosmoliner Gamma Construction
<UIForeground>F2023B</UIForeground><UIGlow>F2023C</UIGlow>Complete stellar missions.<UIGlow>01</UIGlow><UIForeground>01</UIForeground>","Preparation for Cosmoliner Gamma Construction","We are presently gathering materials for a southeastern extension to the Cosmoliner. Complete stellar missions to assist in our efforts!","Next, we'll extend the Cosmoliner into the southeast. To that end, we are presently gathering materials!","Searchingway",6,False,158,20,0,241012,0,0,0,0,0,2,3,0,0,0,0,0,0,0,0,0
23,"Cosmoliner Gamma Construction Underway
<UIForeground>F2023B</UIForeground><UIGlow>F2023C</UIGlow>Await the Cosmoliner's completion.<UIGlow>01</UIGlow><UIForeground>01</UIForeground>","Cosmoliner Gamma Construction Underway","The Cosmoliner is under construction. Please wait until the southeastern extension is complete!","The southeastern extension of the Cosmoliner is now underway! Please wait patiently until we can confirm its functionality and safety.","Searchingway",6,False,158,20,0,241012,1452,0,0,0,0,2,3,0,0,0,0,0,0,0,0,0
24,"Cosmoliner Southeastern Radius Complete
<UIForeground>F2023B</UIForeground><UIGlow>F2023C</UIGlow>Explore at your leisure until the next project.<UIGlow>01</UIGlow><UIForeground>01</UIForeground>","Cosmoliner Southeastern Radius Complete","The Cosmoliner's southeastern extension has been completed. Feel free to explore while we prepare for future projects!","The Cosmoliner now stretches as far as Weddingway's Bower! We thank you all for your cooperation!","Searchingway",7,False,158,21,0,241013,1409,18,6,6,0,2,3,4,6,7,0,0,0,0,0,0
25,"Preparation for Tunnel Excavation
<UIForeground>F2023B</UIForeground><UIGlow>F2023C</UIGlow>Complete stellar missions.<UIGlow>01</UIGlow><UIForeground>01</UIForeground>","Preparation for Tunnel Excavation","We are presently gathering materials for a tunnel through the Gleamslope. Complete stellar missions to assist in our efforts!","For various reasons, we've decided to carve a tunnel into Gleamslope. To that end, we are presently gathering materials!","Searchingway",7,False,158,22,0,241014,0,0,0,0,0,2,3,4,6,7,0,0,0,0,0,0
26,"Groundwork for Tunnel Project Alpha
<UIForeground>F2023B</UIForeground><UIGlow>F2023C</UIGlow>Prepare for upcoming projects.<UIGlow>01</UIGlow><UIForeground>01</UIForeground>","Groundwork for Tunnel Project Alpha","Projects are currently being scheduled for the preliminary stage of tunnel excavation. Stand by for upcoming opportunities!","Projects are currently being scheduled for the preliminary stage of tunnel excavation. We hope you will join our efforts!","Searchingway",7,False,158,23,0,241014,1451,0,0,0,0,2,3,4,6,7,0,0,0,0,0,0
27,"Tunnel Project Alpha Underway
<UIForeground>F2023B</UIForeground><UIGlow>F2023C</UIGlow>Participate in ongoing projects.<UIGlow>01</UIGlow><UIForeground>01</UIForeground>","Tunnel Project Alpha Underway","We have commenced the preliminary stage of tunnel excavation. Hop over and help us out!","The preliminary stage of tunnel excavation is now underway! Come and lend a paw!","Searchingway",7,False,158,24,0,241014,0,0,0,0,0,2,3,4,6,7,0,0,0,0,0,0
28,"Groundwork for Tunnel Project Beta
<UIForeground>F2023B</UIForeground><UIGlow>F2023C</UIGlow>Prepare for upcoming projects.<UIGlow>01</UIGlow><UIForeground>01</UIForeground>","Groundwork for Tunnel Project Beta","Projects are currently being scheduled for the final stage of tunnel excavation. Stand by for upcoming opportunities!","Projects are currently being scheduled for the final stage of tunnel excavation. We hope you will join our efforts!","Searchingway",8,False,158,25,0,241015,1401,18,7,5,0,2,3,4,6,7,0,0,0,0,0,0
29,"Tunnel Project Beta Underway
<UIForeground>F2023B</UIForeground><UIGlow>F2023C</UIGlow>Participate in ongoing projects.<UIGlow>01</UIGlow><UIForeground>01</UIForeground>","Tunnel Project Beta Underway","We have commenced the final stage of tunnel excavation. Hop over and help us out!","The final stage of tunnel excavation is now underway! Come and lend a paw!","Searchingway",8,False,158,25,0,241015,0,0,0,0,0,2,3,4,6,7,0,0,0,0,0,0
30,"Piercingway Tunnel Complete
<UIForeground>F2023B</UIForeground><UIGlow>F2023C</UIGlow>Explore at your leisure until the next project.<UIGlow>01</UIGlow><UIForeground>01</UIForeground>","Piercingway Tunnel Complete","Thanks to the efforts of all, the Piercingway Tunnel has been completed. Feel free to explore while we prepare for future projects!","At last, we can get a good look inside Gleamslope! We thank you all for your cooperation!","Searchingway",9,False,158,26,0,241016,1408,18,8,6,0,2,3,4,6,7,0,0,0,0,0,0
31,"Preparation for Cosmoliner Delta Construction
<UIForeground>F2023B</UIForeground><UIGlow>F2023C</UIGlow>Complete stellar missions.<UIGlow>01</UIGlow><UIForeground>01</UIForeground>","Preparation for Cosmoliner Delta Construction","We are presently gathering materials for a Cosmoliner extension through the Piercingway Tunnel. Complete stellar missions to assist in our efforts!","Let's extend the Cosmoliner into our brand-new Piercingway Tunnel. Presently gathering materials for construction!","Searchingway",9,False,158,27,0,241017,0,0,0,0,0,2,3,4,6,7,0,0,0,0,0,0
32,"Cosmoliner Delta Construction Underway
<UIForeground>F2023B</UIForeground><UIGlow>F2023C</UIGlow>Await the Cosmoliner's completion.<UIGlow>01</UIGlow><UIForeground>01</UIForeground>","Cosmoliner Delta Construction Underway","The Cosmoliner is under construction. Please wait until the southwestern extension is complete!","The southwestern extension of the Cosmoliner is now underway! Please wait patiently until we can confirm its functionality and safety.","Searchingway",9,False,158,27,0,241017,1452,0,0,0,0,2,3,4,6,7,0,0,0,0,0,0
33,"Cosmoliner Southwestern Radius Complete
<UIForeground>F2023B</UIForeground><UIGlow>F2023C</UIGlow>Explore at your leisure until the next project.<UIGlow>01</UIGlow><UIForeground>01</UIForeground>","Cosmoliner Southwestern Radius Complete","The Cosmoliner's southwestern extension has been completed. Feel free to explore while we prepare for future projects!","With this Cosmoliner extension, exploring Gleamslope is easier than ever. We thank you all for your cooperation!","Searchingway",10,False,158,28,0,241018,1412,18,9,6,0,2,3,4,6,7,8,0,0,0,0,0
34,"Preparation for Base Camp Beta Expansion
<UIForeground>F2023B</UIForeground><UIGlow>F2023C</UIGlow>Complete stellar missions.<UIGlow>01</UIGlow><UIForeground>01</UIForeground>","Preparation for Base Camp Beta Expansion","We are presently gathering materials to expand the Moongate Hub. Complete stellar missions to assist in our efforts!","The Moongate Hub could stand to be a sight bigger, don't you think? Presently gathering materials for another expansion!","Searchingway",10,False,158,29,0,241019,0,0,0,0,0,2,3,4,6,7,8,0,0,0,0,0
35,"Groundwork for Base Camp Beta Expansion
<UIForeground>F2023B</UIForeground><UIGlow>F2023C</UIGlow>Prepare for upcoming projects.<UIGlow>01</UIGlow><UIForeground>01</UIForeground>","Groundwork for Base Camp Beta Expansion","Projects are currently being scheduled for the Moongate Hub's expansion. Stand by for upcoming opportunities!","Projects are currently being scheduled for the Moongate Hub's expansion. We hope you will join our efforts!","Searchingway",10,False,158,30,0,241019,1451,0,0,0,0,2,3,4,6,7,8,0,0,0,0,0
36,"Base Camp Beta Expansion Underway
<UIForeground>F2023B</UIForeground><UIGlow>F2023C</UIGlow>Participate in ongoing projects.<UIGlow>01</UIGlow><UIForeground>01</UIForeground>","Base Camp Beta Expansion Underway","We have commenced expansion of the Moongate Hub. Hop over and help us out!","The expansion of the Moongate Hub is now underway! Come and lend a paw!","Searchingway",10,False,158,31,0,241019,0,0,0,0,0,2,3,4,6,7,8,0,0,0,0,0
37,"Base Camp Gamma Complete
<UIForeground>F2023B</UIForeground><UIGlow>F2023C</UIGlow>Explore at your leisure until the next project.<UIGlow>01</UIGlow><UIForeground>01</UIForeground>","Base Camp Gamma Complete","Thanks to the efforts of all, the Moongate Hub is officially bigger and better than ever. Feel free to explore while we prepare for future projects!","The Moongate Hub is officially bigger and better than ever. We thank you all for your cooperation!","Searchingway",11,False,158,32,0,241020,1410,18,10,6,1,2,3,5,6,7,8,0,0,0,0,0
38,"Preparation for Energization & Hydrofication Stations
<UIForeground>F2023B</UIForeground><UIGlow>F2023C</UIGlow>Complete stellar missions.<UIGlow>01</UIGlow><UIForeground>01</UIForeground>","Preparation for Energization & Hydrofication Stations","We are presently gathering materials for energization and hydrofication stations. Complete stellar missions to assist in our efforts!","What the hub needs now is proper infrastructure: to wit, energization and hydrofication stations. Presently gathering materials for construction!","Searchingway",11,False,158,33,0,241021,0,0,0,0,1,2,3,5,6,7,8,0,0,0,0,0
39,"Groundwork for Energization Expansion
<UIForeground>F2023B</UIForeground><UIGlow>F2023C</UIGlow>Prepare for upcoming projects.<UIGlow>01</UIGlow><UIForeground>01</UIForeground>","Groundwork for Energization Expansion","Projects are currently being scheduled for the energization station's construction. Stand by for upcoming opportunities!","Projects are currently being scheduled for the energization station's construction. We hope you will join our efforts!","Searchingway",11,False,158,34,0,241021,1451,0,0,0,1,2,3,5,6,7,8,0,0,0,0,0
40,"Energization Expansion Underway
<UIForeground>F2023B</UIForeground><UIGlow>F2023C</UIGlow>Participate in ongoing projects.<UIGlow>01</UIGlow><UIForeground>01</UIForeground>","Energization Expansion Underway","We have commenced construction of the energization station. Hop over and help us out!","The construction of the energization station is now underway! Come and lend a paw!","Searchingway",11,False,158,35,0,241021,0,0,0,0,1,2,3,5,6,7,8,0,0,0,0,0
41,"Groundwork for Hydrofication Expansion
<UIForeground>F2023B</UIForeground><UIGlow>F2023C</UIGlow>Prepare for upcoming projects.<UIGlow>01</UIGlow><UIForeground>01</UIForeground>","Groundwork for Hydrofication Expansion","Projects are currently being scheduled for the hydrofication station's construction. Stand by for upcoming opportunities!","Projects are currently being scheduled for the hydrofication station's construction. We hope you will join our efforts!","Searchingway",12,False,158,36,0,241022,1401,18,11,5,1,2,3,5,6,7,8,0,0,0,0,0
42,"Hydrofication Expansion Underway
<UIForeground>F2023B</UIForeground><UIGlow>F2023C</UIGlow>Participate in ongoing projects.<UIGlow>01</UIGlow><UIForeground>01</UIForeground>","Hydrofication Expansion Underway","We have commenced construction of the hydrofication station. Hop over and help us out!","The construction of the hydrofication station is now underway! Come and lend a paw!","Searchingway",12,False,158,36,0,241022,0,0,0,0,1,2,3,5,6,7,8,0,0,0,0,0
43,"Energization & Hydrofication Stations Complete
<UIForeground>F2023B</UIForeground><UIGlow>F2023C</UIGlow>Explore at your leisure until the next project.<UIGlow>01</UIGlow><UIForeground>01</UIForeground>","Energization & Hydrofication Stations Complete","Thanks to the efforts of all, the energization and hydrofication stations have been completed. Feel free to explore while we prepare for future projects!","With power and water at our command, the Moongate Hub is now entirely self-sufficient! We thank you all for your cooperation!","Searchingway",13,False,158,37,0,241023,1401,18,12,5,1,2,3,5,6,7,8,0,0,0,0,0
44,"Preparation for Mech Hangar Beta Expansion & Cosmoport Beta Maintenance
<UIForeground>F2023B</UIForeground><UIGlow>F2023C</UIGlow>Complete stellar missions.<UIGlow>01</UIGlow><UIForeground>01</UIForeground>","Preparation for Mech Hangar Beta Expansion & Cosmoport Beta Maintenance","We are presently gathering materials for upgrades to the mech hangar and cosmoport. Complete stellar missions to assist in our efforts!","As of late, the mech hangar and cosmoport are in desperate need of upgrades. To that end, we are presently gathering materials!","Searchingway",13,False,158,38,0,241024,0,0,0,0,1,2,3,5,6,7,8,0,0,0,0,0
45,"Groundwork for Mech Hangar Beta Expansion
<UIForeground>F2023B</UIForeground><UIGlow>F2023C</UIGlow>Prepare for upcoming projects.<UIGlow>01</UIGlow><UIForeground>01</UIForeground>","Groundwork for Mech Hangar Beta Expansion","Projects are currently being scheduled for the mech hangar's renovation. Stand by for upcoming opportunities!","Projects are currently being scheduled for the mech hangar's renovation. We hope you will join our efforts!","Searchingway",13,False,158,39,0,241024,1451,0,0,0,1,2,3,5,6,7,8,0,0,0,0,0
46,"Mech Hangar Beta Expansion Underway
<UIForeground>F2023B</UIForeground><UIGlow>F2023C</UIGlow>Participate in ongoing projects.<UIGlow>01</UIGlow><UIForeground>01</UIForeground>","Mech Hangar Beta Expansion Underway","We have commenced renovation of the mech hangar. Hop over and help us out!","The renovation of the mech hangar is now underway! Come and lend a paw!","Searchingway",13,False,158,40,0,241024,0,0,0,0,1,2,3,5,6,7,8,0,0,0,0,0
47,"Groundwork for Cosmoport Beta Maintenance
<UIForeground>F2023B</UIForeground><UIGlow>F2023C</UIGlow>Prepare for upcoming projects.<UIGlow>01</UIGlow><UIForeground>01</UIForeground>","Groundwork for Cosmoport Beta Maintenance","Projects are currently being scheduled for the cosmoport's renovation. Stand by for upcoming opportunities!","Projects are currently being scheduled for the cosmoport's renovation. We hope you will join our efforts!","Searchingway",14,False,158,41,0,241025,1402,18,13,5,1,2,3,5,6,7,8,0,0,0,0,0
48,"Cosmoport Beta Maintenance Underway
<UIForeground>F2023B</UIForeground><UIGlow>F2023C</UIGlow>Participate in ongoing projects.<UIGlow>01</UIGlow><UIForeground>01</UIForeground>","Cosmoport Beta Maintenance Underway","We have commenced renovation of the cosmoport. Hop over and help us out!","The renovation of the cosmoport is now underway! Come and lend a paw!","Searchingway",14,False,158,41,0,241025,0,0,0,0,1,2,3,5,6,7,8,0,0,0,0,0
49,"Mech Hangar Gamma & Cosmoport Beta Complete
<UIForeground>F2023B</UIForeground><UIGlow>F2023C</UIGlow>Explore at your leisure until the next project.<UIGlow>01</UIGlow><UIForeground>01</UIForeground>","Mech Hangar Gamma & Cosmoport Beta Complete","Thanks to the efforts of all, both the mech hangar and cosmoport have been outfitted with state-of-the-art upgrades. Feel free to explore while we prepare for future projects!","Both the mech hangar and cosmoport have been outfitted with state-of-the-art upgrades. We thank you all for your cooperation!","Searchingway",15,False,158,42,0,241026,1402,18,14,5,1,2,3,5,6,7,8,0,0,0,0,0
50,"Preparation for Lift Construction
<UIForeground>F2023B</UIForeground><UIGlow>F2023C</UIGlow>Complete stellar missions.<UIGlow>01</UIGlow><UIForeground>01</UIForeground>","Preparation for Lift Construction","We are presently gathering materials for a lift in the lunar nadir. Complete stellar missions to assist in our efforts!","Without a lift, we've no means of exploring the lunar nadir─so we'll simply have to build one! Presently gathering materials for construction!","Searchingway",15,False,158,43,0,241027,0,0,0,0,1,2,3,5,6,7,8,0,0,0,0,0
51,"Groundwork for Nadir Lift Site Preparation
<UIForeground>F2023B</UIForeground><UIGlow>F2023C</UIGlow>Prepare for upcoming projects.<UIGlow>01</UIGlow><UIForeground>01</UIForeground>","Groundwork for Nadir Lift Site Preparation","Projects are currently being scheduled for the preliminary stage of nadir lift construction. Stand by for upcoming opportunities!","Projects are currently being scheduled for the preliminary stage of nadir lift construction. We hope you will join our efforts!","Searchingway",15,False,158,44,0,241027,1451,0,0,0,1,2,3,5,6,7,8,0,0,0,0,0
52,"Nadir Lift Site Preparation Underway
<UIForeground>F2023B</UIForeground><UIGlow>F2023C</UIGlow>Participate in ongoing projects.<UIGlow>01</UIGlow><UIForeground>01</UIForeground>","Nadir Lift Site Preparation Underway","We have commenced preliminary construction of the nadir lift. Hop over and help us out!","The preliminary construction of the nadir lift is now underway! Come and lend a paw!","Searchingway",15,False,158,45,0,241027,0,0,0,0,1,2,3,5,6,7,8,0,0,0,0,0
53,"Groundwork for Nadir Lift Beta Site Preparation
<UIForeground>F2023B</UIForeground><UIGlow>F2023C</UIGlow>Prepare for upcoming projects.<UIGlow>01</UIGlow><UIForeground>01</UIForeground>","Groundwork for Nadir Lift Beta Site Preparation","Projects are currently being scheduled for the final stage of nadir lift construction. Stand by for upcoming opportunities!","Projects are currently being scheduled for the final stage of nadir lift construction. We hope you will join our efforts!","Searchingway",16,False,158,46,0,241028,1401,18,15,5,1,2,3,5,6,7,8,0,0,0,0,0
54,"Nadir Lift Beta Site Preparation Underway
<UIForeground>F2023B</UIForeground><UIGlow>F2023C</UIGlow>Participate in ongoing projects.<UIGlow>01</UIGlow><UIForeground>01</UIForeground>","Nadir Lift Beta Site Preparation Underway","We have commenced final construction of the nadir lift. Hop over and help us out!","The final stage of nadir lift construction is now underway! Come and lend a paw!","Searchingway",16,False,158,46,0,241028,0,0,0,0,1,2,3,5,6,7,8,0,0,0,0,0
55,"Nadir Lift Complete
<UIForeground>F2023B</UIForeground><UIGlow>F2023C</UIGlow>Explore at your leisure until the next project.<UIGlow>01</UIGlow><UIForeground>01</UIForeground>","Nadir Lift Complete","Thanks to the efforts of all, the nadir lift has been completed. Feel free to explore while we prepare for future projects!","At last, we'll discover what lurks within the lunar nadir! We thank you all for your cooperation!","Searchingway",17,False,158,47,0,241029,1411,18,16,6,1,2,3,5,6,7,8,0,0,0,0,0
56,"Preparation for Cosmoliner Epsilon Construction
<UIForeground>F2023B</UIForeground><UIGlow>F2023C</UIGlow>Complete stellar missions.<UIGlow>01</UIGlow><UIForeground>01</UIForeground>","Preparation for Cosmoliner Epsilon Construction","We are presently gathering materials for a Cosmoliner extension into the lunar nadir. Complete stellar missions to assist in our efforts!","The Cosmoliner could do with one last extension: into the lunar nadir! Presently gathering materials for construction!","Searchingway",17,False,158,48,0,241030,0,0,0,0,1,2,3,5,6,7,8,0,0,0,0,0
57,"Cosmoliner Epsilon Construction Underway
<UIForeground>F2023B</UIForeground><UIGlow>F2023C</UIGlow>Await the Cosmoliner's completion.<UIGlow>01</UIGlow><UIForeground>01</UIForeground>","Cosmoliner Epsilon Construction Underway","The Cosmoliner is under construction. Please wait until the subterranean extension is complete!","The subterranean extension of the Cosmoliner is now underway! Please wait patiently until we can confirm its functionality and safety.","Searchingway",17,False,158,48,0,241030,1452,0,0,0,1,2,3,5,6,7,8,0,0,0,0,0
58,"Cosmoliner Subterranean Radius Complete
<UIForeground>F2023B</UIForeground><UIGlow>F2023C</UIGlow>Explore at your leisure until the next project.<UIGlow>01</UIGlow><UIForeground>01</UIForeground>","Cosmoliner Subterranean Radius Complete","The Cosmoliner has been extended across the entirety of Sinus Ardorum. Feel free to explore while we prepare for future projects!","With the Cosmoliner now fully extended, we can travel freely to every last corner of Sinus Ardorum! We thank you all for your cooperation!","Searchingway",18,False,158,49,0,241031,1404,18,17,6,1,2,3,5,6,7,8,9,0,0,0,0
59,"Preparation for Base Camp Facility Expansion
<UIForeground>F2023B</UIForeground><UIGlow>F2023C</UIGlow>Complete stellar missions.<UIGlow>01</UIGlow><UIForeground>01</UIForeground>","Preparation for Base Camp Facility Expansion","We are presently gathering materials to expand the Moongate Hub. Complete stellar missions to assist in our efforts!","Seeing as we now have the population of a small village, it's time our hub looked the part! Presently gathering materials for a truly stellar expansion!","Searchingway",18,False,158,50,0,241032,0,0,0,0,1,2,3,5,6,7,8,9,0,0,0,0
60,"Groundwork for Base Camp Facility Expansion
<UIForeground>F2023B</UIForeground><UIGlow>F2023C</UIGlow>Prepare for upcoming projects.<UIGlow>01</UIGlow><UIForeground>01</UIForeground>","Groundwork for Base Camp Facility Expansion","Projects are currently being scheduled for the Moongate Hub's final expansion. Stand by for upcoming opportunities!","Projects are currently being scheduled for the Moongate Hub's final expansion. We hope you will join our efforts!","Searchingway",18,False,158,51,0,241032,1451,0,0,0,1,2,3,5,6,7,8,9,0,0,0,0
61,"Base Camp Facility Expansion Underway
<UIForeground>F2023B</UIForeground><UIGlow>F2023C</UIGlow>Participate in ongoing projects.<UIGlow>01</UIGlow><UIForeground>01</UIForeground>","Base Camp Facility Expansion Underway","We have commenced the final expansion of the Moongate Hub. Hop over and help us out!","The final expansion of the Moongate Hub is now underway! Come and lend a paw!","Searchingway",18,False,158,52,0,241032,0,0,0,0,1,2,3,5,6,7,8,9,0,0,0,0
62,"Lunar Hopopolis Complete
<UIForeground>F2023B</UIForeground><UIGlow>F2023C</UIGlow>Prepare for future exploration.<UIGlow>01</UIGlow><UIForeground>01</UIForeground>","Lunar Hopopolis Complete","Thanks to the efforts of all, the Lunar Hopopolis has been completed. Feel free to explore while we prepare for future endeavors!","I present to you our interstellar port town: Lunar Hopopolis, home of the cosmic explorers! We thank you all for your cooperation!","Searchingway",19,False,158,53,0,241033,1403,18,18,6,1,2,3,5,6,7,8,9,0,0,0,0
63,"Lunar Development Initiative Complete
<UIForeground>F2023B</UIForeground><UIGlow>F2023C</UIGlow>Prepare for future exploration.<UIGlow>01</UIGlow><UIForeground>01</UIForeground>","Lunar Development Initiative Complete","Owing to myriad contributions by artisans like you, we have achieved every last objective outlined for Sinus Ardorum. Enjoy a well-earned rest, and stay alert for future updates!","Owing to myriad contributions by artisans like you, we have achieved every last objective outlined for Sinus Ardorum. You've made my dream come true!","Searchingway",19,False,158,54,0,241034,0,0,0,0,1,2,3,5,6,7,8,9,0,0,0,0
64,"Preparation for Beacon Camp Alpha Expansion
<UIForeground>F2023B</UIForeground><UIGlow>F2023C</UIGlow>Complete stellar missions.<UIGlow>01</UIGlow><UIForeground>01</UIForeground>","Preparation for Beacon Camp Alpha Expansion","We are presently gathering materials to expand Glassblowers' Beacon. Complete stellar missions to assist in our efforts!","The time is come to expand Glassblowers' Beacon! We ask that contributors procure the necessary materials.","Searchingway",0,False,168,1,0,241035,0,0,0,0,2,3,4,0,0,0,0,0,0,0,0,0
65,"Groundwork for Beacon Camp Alpha Expansion
<UIForeground>F2023B</UIForeground><UIGlow>F2023C</UIGlow>Prepare for upcoming projects.<UIGlow>01</UIGlow><UIForeground>01</UIForeground>","Groundwork for Beacon Camp Alpha Expansion","Projects are currently being scheduled for the expansion of Glassblowers' Beacon. Stand by for upcoming opportunities!","Work on Glassblowers' Beacon will commence shortly. We appreciate your patience!","Searchingway",0,False,168,1,0,241035,1451,0,0,0,2,3,4,0,0,0,0,0,0,0,0,0
66,"Beacon Camp Alpha Expansion Underway
<UIForeground>F2023B</UIForeground><UIGlow>F2023C</UIGlow>Participate in ongoing projects.<UIGlow>01</UIGlow><UIForeground>01</UIForeground>","Beacon Camp Alpha Expansion Underway","We have commenced expansion of Glassblowers' Beacon. Hop over and help us out!","Come and join us at Glassblowers' Beacon, where we are expanding our cozy camp into something remarkable!","Searchingway",0,False,168,2,0,241035,0,0,0,0,2,3,4,0,0,0,0,0,0,0,0,0
67,"Beacon Camp Beta Complete
<UIForeground>F2023B</UIForeground><UIGlow>F2023C</UIGlow>Explore at your leisure until the next project.<UIGlow>01</UIGlow><UIForeground>01</UIForeground>","Beacon Camp Beta Complete","Thanks to the efforts of all, Glassblowers' Beacon now boasts significant upgrades. Feel free to explore while we prepare for future projects!","Glassblowers' Beacon has been successfully expanded! Well done, everyone!","Searchingway",1,False,168,3,0,241036,1478,126,0,6,2,3,4,0,0,0,0,0,0,0,0,0
68,"Preparation for Cosmoliner Alpha Construction
<UIForeground>F2023B</UIForeground><UIGlow>F2023C</UIGlow>Complete stellar missions.<UIGlow>01</UIGlow><UIForeground>01</UIForeground>","Preparation for Cosmoliner Alpha Construction","We are presently gathering materials for a Cosmoliner circuit. Complete stellar missions to assist in our efforts!","Phaenna needs its own Cosmoliner! We ask that contributors procure the necessary materials.","Searchingway",1,False,168,4,0,241037,0,0,0,0,2,3,4,0,0,0,0,0,0,0,0,0
69,"Groundwork for Cosmoliner Alpha Construction
<UIForeground>F2023B</UIForeground><UIGlow>F2023C</UIGlow>Prepare for upcoming projects.<UIGlow>01</UIGlow><UIForeground>01</UIForeground>","Groundwork for Cosmoliner Alpha Construction","Projects are currently being scheduled for the Cosmoliner's construction. Stand by for upcoming opportunities!","Work on the Cosmoliner will commence shortly. We appreciate your patience!","Searchingway",1,False,168,4,0,241037,1451,0,0,0,2,3,4,0,0,0,0,0,0,0,0,0
70,"Cosmoliner Alpha Construction Underway
<UIForeground>F2023B</UIForeground><UIGlow>F2023C</UIGlow>Participate in ongoing projects.<UIGlow>01</UIGlow><UIForeground>01</UIForeground>","Cosmoliner Alpha Construction Underway","We have commenced construction of the Cosmoliner. Hop over and help us out!","Come and help us construct the main circuit of Phaenna's Cosmoliner!","Searchingway",1,False,168,4,0,241037,0,0,0,0,2,3,4,0,0,0,0,0,0,0,0,0
71,"Cosmoliner Beaconveil Filigree Complete
<UIForeground>F2023B</UIForeground><UIGlow>F2023C</UIGlow>Explore at your leisure until the next project.<UIGlow>01</UIGlow><UIForeground>01</UIForeground>","Cosmoliner Beaconveil Filigree Complete","Thanks to the efforts of all, Phaenna now has its own Cosmoliner. Feel free to explore while we prepare for future projects!","Tired of endless jogging? Try riding the Cosmoliner today!","Searchingway",2,False,168,5,0,241038,1479,126,1,6,2,3,4,0,0,0,0,0,0,0,0,0
72,"Preparation for Habitation Module Construction
<UIForeground>F2023B</UIForeground><UIGlow>F2023C</UIGlow>Complete stellar missions.<UIGlow>01</UIGlow><UIForeground>01</UIForeground>","Preparation for Habitation Module Construction","We are presently gathering materials for a habitation module. Complete stellar missions to assist in our efforts!","A habitation module is in high demand. We ask that contributors procure the necessary materials.","Searchingway",2,False,168,6,0,241039,0,0,0,0,2,3,4,0,0,0,0,0,0,0,0,0
73,"Groundwork for Habitation Module Construction
<UIForeground>F2023B</UIForeground><UIGlow>F2023C</UIGlow>Prepare for upcoming projects.<UIGlow>01</UIGlow><UIForeground>01</UIForeground>","Groundwork for Habitation Module Construction","Projects are currently being scheduled for the construction of a habitation module. Stand by for upcoming opportunities!","Work on the habitation module will commence shortly. We appreciate your patience!","Searchingway",2,False,168,6,0,241039,1451,0,0,0,2,3,4,0,0,0,0,0,0,0,0,0
74,"Habitation Module Construction Underway
<UIForeground>F2023B</UIForeground><UIGlow>F2023C</UIGlow>Participate in ongoing projects.<UIGlow>01</UIGlow><UIForeground>01</UIForeground>","Habitation Module Construction Underway","We have commenced construction of a habitation module. Hop over and help us out!","Come and help us construct a habitation module fit for all our hardworking personnel!","Searchingway",2,False,168,6,0,241039,0,0,0,0,2,3,4,0,0,0,0,0,0,0,0,0
75,"Habitation Module Complete
<UIForeground>F2023B</UIForeground><UIGlow>F2023C</UIGlow>Explore at your leisure until the next project.<UIGlow>01</UIGlow><UIForeground>01</UIForeground>","Habitation Module Complete","Thanks to the efforts of all, a habitation module has been completed. Feel free to explore while we prepare for future projects!","With our habitation module ready for occupants, now is the time to nap! ...Or explore.","Searchingway",3,False,168,7,0,241040,1402,126,2,5,2,3,4,0,0,0,0,0,0,0,0,0
76,"Preparation for Essential Stations
<UIForeground>F2023B</UIForeground><UIGlow>F2023C</UIGlow>Complete stellar missions.<UIGlow>01</UIGlow><UIForeground>01</UIForeground>","Preparation for Essential Stations","We are presently gathering materials for energization and hydrofication stations. Complete stellar missions to assist in our efforts!","We need energization and hydrofication stations to manage our essential resources. We ask that contributors procure the necessary materials.","Searchingway",3,False,168,8,0,241041,0,0,0,0,2,3,4,0,0,0,0,0,0,0,0,0
77,"Groundwork for Energization Expansion
<UIForeground>F2023B</UIForeground><UIGlow>F2023C</UIGlow>Prepare for upcoming projects.<UIGlow>01</UIGlow><UIForeground>01</UIForeground>","Groundwork for Energization Expansion","Projects are currently being scheduled for the energization station's construction. Stand by for upcoming opportunities!","Work on the energization station will commence shortly. We appreciate your patience!","Searchingway",3,False,168,8,0,241041,1451,0,0,0,2,3,4,0,0,0,0,0,0,0,0,0
78,"Energization Expansion Underway
<UIForeground>F2023B</UIForeground><UIGlow>F2023C</UIGlow>Participate in ongoing projects.<UIGlow>01</UIGlow><UIForeground>01</UIForeground>","Energization Expansion Underway","We have commenced construction of the energization station. Hop over and help us out!","Come and help us construct an energization station teeming with power!","Searchingway",3,False,168,8,0,241041,0,0,0,0,2,3,4,0,0,0,0,0,0,0,0,0
79,"Groundwork for Hydrofication Expansion
<UIForeground>F2023B</UIForeground><UIGlow>F2023C</UIGlow>Prepare for upcoming projects.<UIGlow>01</UIGlow><UIForeground>01</UIForeground>","Groundwork for Hydrofication Expansion","Projects are currently being scheduled for the hydrofication station's construction. Stand by for upcoming opportunities!","Work on the hydrofication station will commence shortly. We appreciate your patience!","Searchingway",4,False,168,9,0,241042,1401,126,3,5,2,3,4,0,0,0,0,0,0,0,0,0
80,"Hydrofication Expansion Underway
<UIForeground>F2023B</UIForeground><UIGlow>F2023C</UIGlow>Participate in ongoing projects.<UIGlow>01</UIGlow><UIForeground>01</UIForeground>","Hydrofication Expansion Underway","We have commenced construction of the hydrofication station. Hop over and help us out!","Come and help us construct an abundant hydrofication station!","Searchingway",4,False,168,9,0,241042,0,0,0,0,2,3,4,0,0,0,0,0,0,0,0,0
81,"Energization & Hydrofication Stations Complete
<UIForeground>F2023B</UIForeground><UIGlow>F2023C</UIGlow>Explore at your leisure until the next project.<UIGlow>01</UIGlow><UIForeground>01</UIForeground>","Energization & Hydrofication Stations Complete","Thanks to the efforts of all, the energization and hydrofication stations have been completed. Feel free to explore while we prepare for future projects!","Charge your exotablets, replenish your flasks, and be at ease─our energization and hydrofication stations are complete!","Searchingway",5,False,168,10,0,241043,1402,126,4,5,2,3,4,0,0,0,0,0,0,0,0,0
82,"Preparation for Mech Hangar Alpha Expansion
<UIForeground>F2023B</UIForeground><UIGlow>F2023C</UIGlow>Complete stellar missions.<UIGlow>01</UIGlow><UIForeground>01</UIForeground>","Preparation for Mech Hangar Alpha Expansion","We are presently gathering materials for upgrades to the mech hangar. Complete stellar missions to assist in our efforts!","Our mechs deserve an upgraded hangar! We ask that contributors procure the necessary materials.","Searchingway",5,False,168,11,0,241044,0,0,0,0,2,3,4,0,0,0,0,0,0,0,0,0
83,"Groundwork for Mech Hangar Alpha Expansion
<UIForeground>F2023B</UIForeground><UIGlow>F2023C</UIGlow>Prepare for upcoming projects.<UIGlow>01</UIGlow><UIForeground>01</UIForeground>","Groundwork for Mech Hangar Alpha Expansion","Projects are currently being scheduled for the mech hangar's renovation. Stand by for upcoming opportunities!","Work on the mech hangar will commence shortly. We appreciate your patience!","Searchingway",5,False,168,11,0,241044,1451,0,0,0,2,3,4,0,0,0,0,0,0,0,0,0
84,"Mech Hangar Alpha Expansion Underway
<UIForeground>F2023B</UIForeground><UIGlow>F2023C</UIGlow>Participate in ongoing projects.<UIGlow>01</UIGlow><UIForeground>01</UIForeground>","Mech Hangar Alpha Expansion Underway","We have commenced renovation of the mech hangar. Hop over and help us out!","Come and help us upgrade our mech hangar and pamper our precious machinery!","Searchingway",5,False,168,11,0,241044,0,0,0,0,2,3,4,0,0,0,0,0,0,0,0,0
85,"Mech Hangar Beta Complete
<UIForeground>F2023B</UIForeground><UIGlow>F2023C</UIGlow>Explore at your leisure until the next project.<UIGlow>01</UIGlow><UIForeground>01</UIForeground>","Mech Hangar Beta Complete","Thanks to the efforts of all, the mech hangar has been outfitted with helpful upgrades. Feel free to explore while we prepare for future projects!","Have you ever seen a mech smile? Stop by our upgraded hangar, and you might!","Searchingway",6,False,168,12,0,241045,1402,126,5,5,2,3,4,0,0,0,0,0,0,0,0,0
86,"Preparation for Cosmoliner Beta Construction
<UIForeground>F2023B</UIForeground><UIGlow>F2023C</UIGlow>Complete stellar missions.<UIGlow>01</UIGlow><UIForeground>01</UIForeground>","Preparation for Cosmoliner Beta Construction","We are presently gathering materials for a lengthy extension to the Cosmoliner. Complete stellar missions to assist in our efforts!","Let's extend the Cosmoliner from the northwest to the south! We ask that contributors procure the necessary materials.","Searchingway",6,False,168,13,0,241046,0,0,0,0,2,3,4,0,0,0,0,0,0,0,0,0
87,"Cosmoliner Beta Construction Underway
<UIForeground>F2023B</UIForeground><UIGlow>F2023C</UIGlow>Await the Cosmoliner's completion.<UIGlow>01</UIGlow><UIForeground>01</UIForeground>","Cosmoliner Beta Construction Underway","The Cosmoliner is under construction. Please wait until the extension is complete!","The Cosmoliner is currently being extended from the northwest to the south. We appreciate your patience!","Searchingway",6,False,168,13,0,241046,1452,0,0,0,2,3,4,0,0,0,0,0,0,0,0,0
88,"Cosmoliner Floatshore Filigree Complete
<UIForeground>F2023B</UIForeground><UIGlow>F2023C</UIGlow>Explore at your leisure until the next project.<UIGlow>01</UIGlow><UIForeground>01</UIForeground>","Cosmoliner Floatshore Filigree Complete","The Cosmoliner now extends from the northwest to the south. Feel free to explore while we prepare for future projects!","Ride the Floatshore Filigree to travel from northwestern to southern Phaenna!","Searchingway",7,False,168,14,0,241047,1480,126,6,6,2,3,4,5,6,7,0,0,0,0,0,0
89,"Preparation for Crane Construction
<UIForeground>F2023B</UIForeground><UIGlow>F2023C</UIGlow>Complete stellar missions.<UIGlow>01</UIGlow><UIForeground>01</UIForeground>","Preparation for Crane Construction","We are presently gathering materials for crane construction in Capsule Chasm. Complete stellar missions to assist in our efforts!","Time to construct a crane in Capsule Chasm! We ask that contributors procure the necessary materials.","Searchingway",7,False,168,15,0,241048,0,0,0,0,2,3,4,5,6,7,0,0,0,0,0,0
90,"Groundwork for Upper Crane Construction
<UIForeground>F2023B</UIForeground><UIGlow>F2023C</UIGlow>Prepare for upcoming projects.<UIGlow>01</UIGlow><UIForeground>01</UIForeground>","Groundwork for Upper Crane Construction","Projects are currently being scheduled for the first phase of crane construction. Stand by for upcoming opportunities!","Work on the Capsule Chasm crane will commence shortly. We appreciate your patience!","Searchingway",7,False,168,15,0,241048,1451,0,0,0,2,3,4,5,6,7,0,0,0,0,0,0
91,"Upper Crane Construction Underway
<UIForeground>F2023B</UIForeground><UIGlow>F2023C</UIGlow>Participate in ongoing projects.<UIGlow>01</UIGlow><UIForeground>01</UIForeground>","Upper Crane Construction Underway","We have commenced upper crane construction in Capsule Chasm. Hop over and help us out!","Come and help us construct the upper segments of Capsule Chasm's magnificent crane!","Searchingway",7,False,168,15,0,241048,0,0,0,0,2,3,4,5,6,7,0,0,0,0,0,0
92,"Groundwork for Lower Crane Construction
<UIForeground>F2023B</UIForeground><UIGlow>F2023C</UIGlow>Prepare for upcoming projects.<UIGlow>01</UIGlow><UIForeground>01</UIForeground>","Groundwork for Lower Crane Construction","Projects are currently being scheduled for the second phase of crane construction. Stand by for upcoming opportunities!","Work on the Capsule Chasm crane will commence shortly. We appreciate your patience!","Searchingway",8,False,168,16,0,241049,1401,126,7,5,2,3,4,5,6,7,0,0,0,0,0,0
93,"Lower Crane Construction Underway
<UIForeground>F2023B</UIForeground><UIGlow>F2023C</UIGlow>Participate in ongoing projects.<UIGlow>01</UIGlow><UIForeground>01</UIForeground>","Lower Crane Construction Underway","We have commenced lower crane construction in Capsule Chasm. Hop over and help us out!","Come and help us construct the lower segments of Capsule Chasm's magnificent crane!","Searchingway",8,False,168,16,0,241049,0,0,0,0,2,3,4,5,6,7,0,0,0,0,0,0
94,"Appliqué Crane Complete
<UIForeground>F2023B</UIForeground><UIGlow>F2023C</UIGlow>Explore at your leisure until the next project.<UIGlow>01</UIGlow><UIForeground>01</UIForeground>","Appliqué Crane Complete","Thanks to the efforts of all, the Appliqué Crane has been completed. Feel free to explore while we prepare for future projects!","Make use of our new Appliqué Crane, and explore the depths of Capsule Chasm!","Searchingway",9,False,168,17,0,241050,1481,126,8,6,2,3,4,5,6,7,0,0,0,0,0,0
95,"Preparation for Cosmoliner Gamma Construction
<UIForeground>F2023B</UIForeground><UIGlow>F2023C</UIGlow>Complete stellar missions.<UIGlow>01</UIGlow><UIForeground>01</UIForeground>","Preparation for Cosmoliner Gamma Construction","We are presently gathering materials for a Cosmoliner extension into Capsule Chasm. Complete stellar missions to assist in our efforts!","Let's extend the Cosmoliner into Capsule Chasm! We ask that contributors procure the necessary materials.","Searchingway",9,False,168,18,0,241051,0,0,0,0,2,3,4,5,6,7,0,0,0,0,0,0
96,"Cosmoliner Gamma Construction Underway
<UIForeground>F2023B</UIForeground><UIGlow>F2023C</UIGlow>Await the Cosmoliner's completion.<UIGlow>01</UIGlow><UIForeground>01</UIForeground>","Cosmoliner Gamma Construction Underway","The Cosmoliner is under construction. Please wait until the Capsule Chasm extension is complete!","The Cosmoliner is currently being extended into Capsule Chasm. We appreciate your patience!","Searchingway",9,False,168,18,0,241051,1452,0,0,0,2,3,4,5,6,7,0,0,0,0,0,0
97,"Cosmoliner Chasmwind Filigree Complete
<UIForeground>F2023B</UIForeground><UIGlow>F2023C</UIGlow>Explore at your leisure until the next project.<UIGlow>01</UIGlow><UIForeground>01</UIForeground>","Cosmoliner Chasmwind Filigree Complete","The Cosmoliner's extension into Capsule Chasm has been completed. Feel free to explore while we prepare for future projects!","Travel to Capsule Chasm with ease by way of the Chasmwind Filigree!","Searchingway",10,False,168,19,0,241052,1482,126,9,6,2,3,4,5,6,7,0,0,0,0,0,0
98,"Preparation for Beacon Camp Beta Expansion
<UIForeground>F2023B</UIForeground><UIGlow>F2023C</UIGlow>Complete stellar missions.<UIGlow>01</UIGlow><UIForeground>01</UIForeground>","Preparation for Beacon Camp Beta Expansion","We are presently gathering materials to expand Glassblowers' Beacon. Complete stellar missions to assist in our efforts!","The time is come to expand Glassblowers' Beacon! We ask that contributors procure the necessary materials.","Searchingway",10,False,168,20,0,241053,0,0,0,0,2,3,4,5,6,7,0,0,0,0,0,0
99,"Groundwork for Beacon Camp Beta Expansion
<UIForeground>F2023B</UIForeground><UIGlow>F2023C</UIGlow>Prepare for upcoming projects.<UIGlow>01</UIGlow><UIForeground>01</UIForeground>","Groundwork for Beacon Camp Beta Expansion","Projects are currently being scheduled for Glassblowers' Beacon. Stand by for upcoming opportunities!","Work on Glassblowers' Beacon will commence shortly. We appreciate your patience!","Searchingway",10,False,168,20,0,241053,1451,0,0,0,2,3,4,5,6,7,0,0,0,0,0,0
100,"Beacon Camp Beta Expansion Underway
<UIForeground>F2023B</UIForeground><UIGlow>F2023C</UIGlow>Participate in ongoing projects.<UIGlow>01</UIGlow><UIForeground>01</UIForeground>","Beacon Camp Beta Expansion Underway","We have commenced expansion of Glassblowers' Beacon. Hop over and help us out!","Come and join us at Glassblowers' Beacon, where we are renovating our remarkable camp into something incredible!","Searchingway",10,False,168,20,0,241053,0,0,0,0,2,3,4,5,6,7,0,0,0,0,0,0
101,"Beacon Camp Gamma Complete
<UIForeground>F2023B</UIForeground><UIGlow>F2023C</UIGlow>Explore at your leisure until the next project.<UIGlow>01</UIGlow><UIForeground>01</UIForeground>","Beacon Camp Gamma Complete","Thanks to the efforts of all, Glassblowers' Beacon is officially bigger and better than ever. Feel free to explore while we prepare for future projects!","The facilities at Glassblowers' Beacon are more convenient than ever! Enjoy exploring in absolute comfort!","Searchingway",11,False,168,21,0,241054,1483,126,10,6,1,3,4,5,6,7,0,0,0,0,0,0
102,"Preparation for Mech Hangar Beta Expansion
<UIForeground>F2023B</UIForeground><UIGlow>F2023C</UIGlow>Complete stellar missions.<UIGlow>01</UIGlow><UIForeground>01</UIForeground>","Preparation for Mech Hangar Beta Expansion","We are presently gathering materials for upgrades to the mech hangar. Complete stellar missions to assist in our efforts!","Our mech hangar could do with an upgrade. We ask that contributors procure the necessary materials.","Searchingway",11,False,168,22,0,241055,0,0,0,0,1,3,4,5,6,7,0,0,0,0,0,0
103,"Groundwork for Mech Hangar Beta Expansion
<UIForeground>F2023B</UIForeground><UIGlow>F2023C</UIGlow>Prepare for upcoming projects.<UIGlow>01</UIGlow><UIForeground>01</UIForeground>","Groundwork for Mech Hangar Beta Expansion","Projects are currently being scheduled for the mech hangar's renovation. Stand by for upcoming opportunities!","Work on the mech hangar will commence shortly. We appreciate your patience!","Searchingway",11,False,168,22,0,241055,1451,0,0,0,1,3,4,5,6,7,0,0,0,0,0,0
104,"Mech Hangar Beta Expansion Underway
<UIForeground>F2023B</UIForeground><UIGlow>F2023C</UIGlow>Participate in ongoing projects.<UIGlow>01</UIGlow><UIForeground>01</UIForeground>","Mech Hangar Beta Expansion Underway","We have commenced renovation of the mech hangar. Hop over and help us out!","Help us upgrade the hangar for our hardworking mechs!","Searchingway",11,False,168,22,0,241055,0,0,0,0,1,3,4,5,6,7,0,0,0,0,0,0
105,"Mech Hangar Gamma Complete
<UIForeground>F2023B</UIForeground><UIGlow>F2023C</UIGlow>Explore at your leisure until the next project.<UIGlow>01</UIGlow><UIForeground>01</UIForeground>","Mech Hangar Gamma Complete","Thanks to the efforts of all, the mech hangar has been outfitted with sophisticated upgrades. Feel free to explore while we prepare for future projects!","Be sure to stop by the upgraded hangar and give our mechanical comrades a pat or a polish!","Searchingway",12,False,168,23,0,241056,1402,126,11,5,1,3,4,5,6,7,0,0,0,0,0,0
106,"Preparation for Cosmoport Maintenance
<UIForeground>F2023B</UIForeground><UIGlow>F2023C</UIGlow>Complete stellar missions.<UIGlow>01</UIGlow><UIForeground>01</UIForeground>","Preparation for Cosmoport Maintenance","We are presently gathering materials for upgrades to the cosmoport. Complete stellar missions to assist in our efforts!","If we hope to reach distant stars, we need to upgrade the cosmoport. We ask that contributors procure the necessary materials.","Searchingway",12,False,168,24,0,241057,0,0,0,0,1,3,4,5,6,7,0,0,0,0,0,0
107,"Groundwork for Cosmoport Maintenance
<UIForeground>F2023B</UIForeground><UIGlow>F2023C</UIGlow>Prepare for upcoming projects.<UIGlow>01</UIGlow><UIForeground>01</UIForeground>","Groundwork for Cosmoport Maintenance","Projects are currently being scheduled for the cosmoport's renovation. Stand by for upcoming opportunities!","Work on the cosmoport upgrades will commence shortly. We appreciate your patience!","Searchingway",12,False,168,24,0,241057,1451,0,0,0,1,3,4,5,6,7,0,0,0,0,0,0
108,"Cosmoport Maintenance Underway
<UIForeground>F2023B</UIForeground><UIGlow>F2023C</UIGlow>Participate in ongoing projects.<UIGlow>01</UIGlow><UIForeground>01</UIForeground>","Cosmoport Maintenance Underway","We have commenced renovation of the cosmoport. Hop over and help us out!","Come and help us upgrade our cosmoport to facilitate interstellar travel!","Searchingway",12,False,168,24,0,241057,0,0,0,0,1,3,4,5,6,7,0,0,0,0,0,0
109,"Cosmoport Beta Complete
<UIForeground>F2023B</UIForeground><UIGlow>F2023C</UIGlow>Explore at your leisure until the next project.<UIGlow>01</UIGlow><UIForeground>01</UIForeground>","Cosmoport Beta Complete","Thanks to the efforts of all, the cosmoport has been outfitted with sophisticated upgrades. Feel free to explore while we prepare for future projects!","Our upgraded cosmoport will open the heavens to new stars and new opportunities!","Searchingway",13,False,168,25,0,241058,1402,126,12,5,1,3,4,5,6,7,0,0,0,0,0,0
110,"Preparation for Power Procurement
<UIForeground>F2023B</UIForeground><UIGlow>F2023C</UIGlow>Complete stellar missions.<UIGlow>01</UIGlow><UIForeground>01</UIForeground>","Preparation for Power Procurement","We are presently gathering materials for megapower panels. Complete stellar missions to assist in our efforts!","Time to prepare a megapower panel on Phaenna! We ask that contributors procure the necessary materials.","Searchingway",13,False,168,26,0,241059,0,0,0,0,1,3,4,5,6,7,0,0,0,0,0,0
111,"Groundwork for Power Procurement
<UIForeground>F2023B</UIForeground><UIGlow>F2023C</UIGlow>Prepare for upcoming projects.<UIGlow>01</UIGlow><UIForeground>01</UIForeground>","Groundwork for Power Procurement","Projects are currently being scheduled for megapower panel construction. Stand by for upcoming opportunities!","Work on the megapower panel will commence shortly. We appreciate your patience!","Searchingway",13,False,168,26,0,241059,1451,0,0,0,1,3,4,5,6,7,0,0,0,0,0,0
112,"Power Procurement Underway
<UIForeground>F2023B</UIForeground><UIGlow>F2023C</UIGlow>Participate in ongoing projects.<UIGlow>01</UIGlow><UIForeground>01</UIForeground>","Power Procurement Underway","We have commenced construction of a megapower panel. Hop over and help us out!","Come and help us construct a mighty megapower panel capable of mustering massive amounts of power!","Searchingway",13,False,168,26,0,241059,0,0,0,0,1,3,4,5,6,7,0,0,0,0,0,0
113,"Groundwork for Additional Power Procurement
<UIForeground>F2023B</UIForeground><UIGlow>F2023C</UIGlow>Prepare for upcoming projects.<UIGlow>01</UIGlow><UIForeground>01</UIForeground>","Groundwork for Additional Power Procurement","Projects are currently being scheduled for additional megapower panel construction. Stand by for upcoming opportunities!","Work on another megapower panel will commence shortly. We appreciate your patience!","Searchingway",14,False,168,27,0,241060,1401,126,13,5,1,3,4,5,6,7,0,0,0,0,0,0
114,"Additional Power Procurement Underway
<UIForeground>F2023B</UIForeground><UIGlow>F2023C</UIGlow>Participate in ongoing projects.<UIGlow>01</UIGlow><UIForeground>01</UIForeground>","Additional Power Procurement Underway","We have commenced construction of another megapower panel. Hop over and help us out!","Come and help us construct another mighty megapower panel capable of mustering even more massive amounts of power!","Searchingway",14,False,168,27,0,241060,0,0,0,0,1,3,4,5,6,7,0,0,0,0,0,0
115,"Megapower Panels Complete
<UIForeground>F2023B</UIForeground><UIGlow>F2023C</UIGlow>Explore at your leisure until the next project.<UIGlow>01</UIGlow><UIForeground>01</UIForeground>","Megapower Panels Complete","Thanks to the efforts of all, two megapower panels have been completed. Feel free to explore while we prepare for future projects!","Our megapower panels keep our initiative fully charged! Let's keep going and going. And going!","Searchingway",15,False,168,28,0,241061,1402,126,14,5,1,3,4,5,6,7,0,0,0,0,0,0
116,"Preparation for Mobilization Station Construction
<UIForeground>F2023B</UIForeground><UIGlow>F2023C</UIGlow>Complete stellar missions.<UIGlow>01</UIGlow><UIForeground>01</UIForeground>","Preparation for Mobilization Station Construction","We are presently gathering materials for a mobilization station. Complete stellar missions to assist in our efforts!","We need to build a drone hangar for a special operation. We ask that contributors procure the necessary materials.","Searchingway",15,False,168,29,0,241062,0,0,0,0,1,3,4,5,6,7,0,0,0,0,0,0
117,"Groundwork for Mobilization Station Construction
<UIForeground>F2023B</UIForeground><UIGlow>F2023C</UIGlow>Prepare for upcoming projects.<UIGlow>01</UIGlow><UIForeground>01</UIForeground>","Groundwork for Mobilization Station Construction","Projects are currently being scheduled for mobilization station construction. Stand by for upcoming opportunities!","Work on the mobilization station near Fusingway Vent will commence shortly. We appreciate your patience!","Searchingway",15,False,168,29,0,241062,1451,0,0,0,1,3,4,5,6,7,0,0,0,0,0,0
118,"Mobilization Station Construction Underway
<UIForeground>F2023B</UIForeground><UIGlow>F2023C</UIGlow>Participate in ongoing projects.<UIGlow>01</UIGlow><UIForeground>01</UIForeground>","Mobilization Station Construction Underway","We have commenced construction of a mobilization station. Hop over and help us out!","Come and help us construct a mobilization station for coolant-carrying drones!","Searchingway",15,False,168,29,0,241062,0,0,0,0,1,3,4,5,6,7,0,0,0,0,0,0
119,"Groundwork for Chilling-a-Way: Phase One
<UIForeground>F2023B</UIForeground><UIGlow>F2023C</UIGlow>Prepare for upcoming projects.<UIGlow>01</UIGlow><UIForeground>01</UIForeground>","Groundwork for Chilling-a-Way: Phase One","Projects are currently being scheduled for the first phase of Operation Chilling-a-Way. Stand by for upcoming opportunities!","Phase one of Operation Chilling-a-Way will commence shortly. We appreciate your patience!","Searchingway",16,False,168,30,0,241063,1401,126,15,5,1,3,4,5,6,7,0,0,0,0,0,0
120,"Operation Chilling-a-Way: Phase One Underway
<UIForeground>F2023B</UIForeground><UIGlow>F2023C</UIGlow>Participate in ongoing projects.<UIGlow>01</UIGlow><UIForeground>01</UIForeground>","Operation Chilling-a-Way: Phase One Underway","We have commenced the first phase of Operation Chilling-a-Way. Hop over and help us out!","Come and help us cool molten glass in Fusingway Vent!","Searchingway",16,False,168,30,0,241063,0,0,0,0,1,3,4,5,6,7,0,0,0,0,0,0
121,"Groundwork for Chilling-a-Way: Phase Two
<UIForeground>F2023B</UIForeground><UIGlow>F2023C</UIGlow>Prepare for upcoming projects.<UIGlow>01</UIGlow><UIForeground>01</UIForeground>","Groundwork for Chilling-a-Way: Phase Two","Projects are currently being scheduled for the second phase of Operation Chilling-a-Way. Stand by for upcoming opportunities!","Phase two of Operation Chilling-a-Way will commence shortly. We appreciate your patience!","Searchingway",17,False,168,31,0,241064,1401,126,16,5,1,3,4,5,6,7,0,0,0,0,0,0
122,"Operation Chilling-a-Way: Phase Two Underway
<UIForeground>F2023B</UIForeground><UIGlow>F2023C</UIGlow>Participate in ongoing projects.<UIGlow>01</UIGlow><UIForeground>01</UIForeground>","Operation Chilling-a-Way: Phase Two Underway","We have commenced the second phase of Operation Chilling-a-Way. Hop over and help us out!","Come and help us cool molten glass in Fusingway Vent!","Searchingway",17,False,168,31,0,241064,0,0,0,0,1,3,4,5,6,7,0,0,0,0,0,0
123,"Operation Chilling-a-Way Complete
<UIForeground>F2023B</UIForeground><UIGlow>F2023C</UIGlow>Explore at your leisure until the next project.<UIGlow>01</UIGlow><UIForeground>01</UIForeground>","Operation Chilling-a-Way Complete","Thanks to the efforts of all, Fusingway Vent is now accessible. Feel free to explore while we prepare for future projects!","The volatile terrain of Fusingway Vent is now cool enough to traverse!","Searchingway",18,False,168,32,0,241065,1484,126,17,6,1,3,4,5,6,7,0,0,0,0,0,0
124,"Preparation for Cosmoliner Delta Construction
<UIForeground>F2023B</UIForeground><UIGlow>F2023C</UIGlow>Complete stellar missions.<UIGlow>01</UIGlow><UIForeground>01</UIForeground>","Preparation for Cosmoliner Delta Construction","We are presently gathering materials for a Cosmoliner extension into Fusingway Vent. Complete stellar missions to assist in our efforts!","Let's extend the Cosmoliner into Fusingway Vent! We ask that contributors procure the necessary materials.","Searchingway",18,False,168,33,0,241066,0,0,0,0,1,3,4,5,6,7,0,0,0,0,0,0
125,"Cosmoliner Delta Construction Underway
<UIForeground>F2023B</UIForeground><UIGlow>F2023C</UIGlow>Await the Cosmoliner's completion.<UIGlow>01</UIGlow><UIForeground>01</UIForeground>","Cosmoliner Delta Construction Underway","The Cosmoliner is under construction. Please wait until the Fusingway Vent extension is complete!","The Cosmoliner is currently being extended into Fusingway Vent. We appreciate your patience!","Searchingway",18,False,168,33,0,241066,1452,0,0,0,1,3,4,5,6,7,0,0,0,0,0,0
126,"Cosmoliner Ventpipe Filigree Complete
<UIForeground>F2023B</UIForeground><UIGlow>F2023C</UIGlow>Explore at your leisure until the next project.<UIGlow>01</UIGlow><UIForeground>01</UIForeground>","Cosmoliner Ventpipe Filigree Complete","The Cosmoliner's extension into Fusingway Vent has been completed. Feel free to explore while we prepare for future projects!","The Cosmoliner can now carry you across the entirety of Phaenna! Enjoy hurtling to your heart's content!","Searchingway",19,False,168,34,0,241067,1485,126,18,6,1,3,4,5,6,7,0,0,0,0,0,0
127,"Preparation for Beacon Camp Facility Expansion
<UIForeground>F2023B</UIForeground><UIGlow>F2023C</UIGlow>Complete stellar missions.<UIGlow>01</UIGlow><UIForeground>01</UIForeground>","Preparation for Beacon Camp Facility Expansion","We are presently gathering materials to improve Glassblowers' Beacon. Complete stellar missions to assist in our efforts!","The time is come to improve upon Glassblowers' Beacon! We ask that contributors procure the necessary materials.","Searchingway",19,False,168,35,0,241068,0,0,0,0,1,3,4,5,6,7,0,0,0,0,0,0
128,"Groundwork for Beacon Camp Facility Expansion
<UIForeground>F2023B</UIForeground><UIGlow>F2023C</UIGlow>Prepare for upcoming projects.<UIGlow>01</UIGlow><UIForeground>01</UIForeground>","Groundwork for Beacon Camp Facility Expansion","Projects are currently being scheduled for improvements to Glassblowers' Beacon. Stand by for upcoming opportunities!","Work on Glassblowers' Beacon will commence shortly. We appreciate your patience!","Searchingway",19,False,168,35,0,241068,1451,0,0,0,1,3,4,5,6,7,0,0,0,0,0,0
129,"Beacon Camp Facility Expansion Underway
<UIForeground>F2023B</UIForeground><UIGlow>F2023C</UIGlow>Participate in ongoing projects.<UIGlow>01</UIGlow><UIForeground>01</UIForeground>","Beacon Camp Facility Expansion Underway","We have commenced construction of a telescope in Glassblowers' Beacon. Hop over and help us out!","Come and join us at Glassblowers' Beacon, where we are installing an incredible telescope!","Searchingway",19,False,168,35,0,241068,0,0,0,0,1,3,4,5,6,7,0,0,0,0,0,0
130,"Phaenna Stellascope Complete
<UIForeground>F2023B</UIForeground><UIGlow>F2023C</UIGlow>Prepare for future exploration.<UIGlow>01</UIGlow><UIForeground>01</UIForeground>","Phaenna Stellascope Complete","Thanks to the efforts of all, the Phaenna Stellascope has been completed. Feel free to explore while we prepare for future endeavors!","The Phaenna Stellascope is the crown jewel of Glassblowers' Beacon. Gaze upon its glory, and admire the stars above!","Searchingway",20,False,168,36,0,241069,1486,126,19,6,1,3,4,5,6,7,0,0,0,0,0,0
131,"Phaenna Development Initiative Complete
<UIForeground>F2023B</UIForeground><UIGlow>F2023C</UIGlow>Prepare for future exploration.<UIGlow>01</UIGlow><UIForeground>01</UIForeground>","Phaenna Development Initiative Complete","Owing to myriad contributions by artisans like you, we have achieved every last objective outlined for Phaenna. Enjoy a well-earned rest, and stay alert for future updates!","Our work on Phaenna may be complete, but our dreams shine ever brighter. Enjoy your time on this planet of glass as we prepare for future liftoff!","Searchingway",20,False,168,37,0,241070,0,0,0,0,1,3,4,5,6,7,0,0,0,0,0,0
132,"Preparation for Habitation Module Construction
<UIForeground>F2023B</UIForeground><UIGlow>F2023C</UIGlow>Complete stellar missions.<UIGlow>01</UIGlow><UIForeground>01</UIForeground>","Preparation for Habitation Module Construction","By constructing a habitation module, we hope to meet the material needs of our valued contributors!","Our contributors deserve their creature comforts─hence the pressing need to construct suitable housing!","Searchingway",0,False,170,1,0,241072,0,0,0,5,1,0,0,0,0,0,0,0,0,0,0,0
133,"Groundwork for Habitation Module Construction
<UIForeground>F2023B</UIForeground><UIGlow>F2023C</UIGlow>Report for duty at the designated time.<UIGlow>01</UIGlow><UIForeground>01</UIForeground>","Groundwork for Habitation Module Construction","Planning continues apace for the habitation module's construction. Your continued patience is much appreciated!","Please wait while we finalize our plans for a much-needed habitation module!","Searchingway",0,False,170,1,0,241072,1451,166,1,5,1,0,0,0,0,0,0,0,0,0,0,0
134,"Habitation Module Construction Underway
<UIForeground>F2023B</UIForeground><UIGlow>F2023C</UIGlow>Participate in ongoing projects.<UIGlow>01</UIGlow><UIForeground>01</UIForeground>","Habitation Module Construction Underway","We have commenced construction of the habitation module. Hop over and help us out!","Construction of the habitation module is now underway! Come and lend a paw!","Searchingway",0,False,170,2,0,241072,0,0,0,0,1,0,0,0,0,0,0,0,0,0,0,0
135,"Habitation Module Complete
<UIForeground>F2023B</UIForeground><UIGlow>F2023C</UIGlow>Explore at your leisure until the next project.<UIGlow>01</UIGlow><UIForeground>01</UIForeground>","Habitation Module Complete","The splendid new habitation module is complete. May the comforts it provides inspire renewed enthusiasm for our research efforts!","The habitation module is ready to welcome residents into its comfortable confines. We hope our contributors enjoy a well-deserved nap!","Searchingway",1,False,170,3,0,241073,1575,166,3,6,1,0,0,0,0,0,0,0,0,0,0,7
136,"Preparation for Cosmoliner Alpha Construction
<UIForeground>F2023B</UIForeground><UIGlow>F2023C</UIGlow>Complete stellar missions.<UIGlow>01</UIGlow><UIForeground>01</UIForeground>","Preparation for Cosmoliner Alpha Construction","We are presently gathering materials for a centrally located Cosmoliner circuit. Complete stellar missions to assist in our efforts!","A new Cosmoliner circuit will contribute to a significant reduction in aching legs and other afflictions. We are currently collecting materials to realize this goal!","Searchingway",1,False,170,4,0,241074,0,166,4,5,1,0,0,0,0,0,0,0,0,0,0,0
137,"Cosmoliner Alpha Construction Underway
<UIForeground>F2023B</UIForeground><UIGlow>F2023C</UIGlow>Await the Cosmoliner's completion.<UIGlow>01</UIGlow><UIForeground>01</UIForeground>","Cosmoliner Alpha Construction Underway","The Cosmoliner is under construction. Please wait until the central site is complete!","The central site of the Cosmoliner is now under construction! Please wait patiently until we have ensured it meets our exacting safety standards.","Searchingway",1,False,170,4,0,241074,1452,166,5,5,1,0,0,0,0,0,0,0,0,0,0,0
138,"Cosmoliner Central Site Complete
<UIForeground>F2023B</UIForeground><UIGlow>F2023C</UIGlow>Explore at your leisure until the next project.<UIGlow>01</UIGlow><UIForeground>01</UIForeground>","Cosmoliner Central Site Complete","Thanks to the efforts of all, the Cosmoliner's central site is ready to use. Roam far and wide while we prepare for future projects!","With the completion of the Cosmoliner's central site, the star has never been more accessible. To contributors one and all: our heartfelt thanks!","Searchingway",2,False,170,4,0,241075,1576,166,6,6,1,0,0,6,3,4,0,0,0,0,0,8
139,"Preparation for Essential Station Construction
<UIForeground>F2023B</UIForeground><UIGlow>F2023C</UIGlow>Complete stellar missions.<UIGlow>01</UIGlow><UIForeground>01</UIForeground>","Preparation for Essential Station Construction","We are presently gathering materials for energization and hydrofication stations. This vital infrastructure will secure our resource needs for the foreseeable future.","Energization and hydrofication stations are essential to our continued success! Contributors are requested to procure the necessary materials.","Searchingway",3,True,170,5,0,241076,0,166,7,5,1,0,0,6,3,4,0,0,0,0,0,0
140,"Groundwork for Energization Station Construction
<UIForeground>F2023B</UIForeground><UIGlow>F2023C</UIGlow>Report for duty at the designated time.<UIGlow>01</UIGlow><UIForeground>01</UIForeground>","Groundwork for Energization Station Construction","It is with great enthusiasm that we forge on with plans for a brand-new energization station. We hope you are waiting patiently with equal excitement!","Construction of the energization station will soon commence. We look forward to your participation!","Searchingway",3,False,170,5,0,241076,1451,166,8,5,1,0,0,6,3,4,0,0,0,0,0,0
141,"Energization Station Construction Underway
<UIForeground>F2023B</UIForeground><UIGlow>F2023C</UIGlow>Participate in ongoing projects.<UIGlow>01</UIGlow><UIForeground>01</UIForeground>","Energization Station Construction Underway","We have commenced construction of the energization station. Hop over and help us out!","Come and help us construct an energization station positively pulsing with power!","Searchingway",3,False,170,5,0,241076,0,0,0,0,1,0,0,6,3,4,0,0,0,0,0,0
142,"Groundwork for Hydrofication Station Construction
<UIForeground>F2023B</UIForeground><UIGlow>F2023C</UIGlow>Prepare for upcoming projects.<UIGlow>01</UIGlow><UIForeground>01</UIForeground>","Groundwork for Hydrofication Station Construction","Our plans for the hydrofication station are all but complete. Please stand by for further updates!","Before long, we shall have a hydrofication station to marvel at in well-hydrated wonder─but first, our planners must finish their work!","Searchingway",4,False,170,6,0,241077,1577,166,10,6,1,0,0,6,3,4,0,0,0,0,0,0
143,"Hydrofication Station Construction Underway
<UIForeground>F2023B</UIForeground><UIGlow>F2023C</UIGlow>Participate in ongoing projects.<UIGlow>01</UIGlow><UIForeground>01</UIForeground>","Hydrofication Station Construction Underway","We have commenced construction of the hydrofication station. Hop over and help us out!","Come and help us construct a hydrofication station brimming with life-sustaining liquid!","Searchingway",4,False,170,6,0,241077,0,0,0,0,1,0,0,6,3,4,0,0,0,0,0,10
144,"Energization & Hydrofication Stations Complete
<UIForeground>F2023B</UIForeground><UIGlow>F2023C</UIGlow>Explore at your leisure until the next project.<UIGlow>01</UIGlow><UIForeground>01</UIForeground>","Energization & Hydrofication Stations Complete","Thanks to the efforts of all, the energization and hydrofication stations have been completed. Feel free to explore while we prepare for future projects!","Bask in the glory of your accomplishments─and reap the benefits of a newly energized and hydroficated existence!","Searchingway",5,False,170,7,0,241078,1578,166,12,6,1,0,0,6,3,4,0,0,0,0,0,0
145,"Preparation for Gravitational Generation
<UIForeground>F2023B</UIForeground><UIGlow>F2023C</UIGlow>Complete stellar missions.<UIGlow>01</UIGlow><UIForeground>01</UIForeground>","Preparation for Gravitational Generation","We are planning to construct a gravitationally manipulated boulder bridge that will provide access to Shadefleet─though first we shall need the machinery to do so!","Sophisticated gravitational technology will hold up the bridge to Shadefleet! To achieve this feat, we are currently procuring the necessary resources.","Searchingway",6,True,170,8,0,241079,0,166,13,5,1,0,0,6,3,4,0,0,0,0,0,0
146,"Groundwork for Gravitational Generation
<UIForeground>F2023B</UIForeground><UIGlow>F2023C</UIGlow>Report for duty at the designated time.<UIGlow>01</UIGlow><UIForeground>01</UIForeground>","Groundwork for Gravitational Generation","Plans for the construction of gravitational generators are taking shape. We ask that you wait just a little while longer!","Work on the gravitational generators will begin shortly. Stay tuned for further updates!","Searchingway",6,False,170,8,0,241079,1451,166,14,5,1,0,0,6,3,4,0,0,0,0,0,0
147,"Gravitational Generator Construction Underway
<UIForeground>F2023B</UIForeground><UIGlow>F2023C</UIGlow>Participate in ongoing projects.<UIGlow>01</UIGlow><UIForeground>01</UIForeground>","Gravitational Generator Construction Underway","We have commenced construction of the gravitational generators. Hop over and help us out!","Come and help us construct sophisticated gravitational generators!","Searchingway",6,False,170,8,0,241079,0,0,0,0,1,0,0,6,3,4,0,0,0,0,0,0
148,"Gravitational Generators Complete
<UIForeground>F2023B</UIForeground><UIGlow>F2023C</UIGlow>Explore at your leisure until the next project.<UIGlow>01</UIGlow><UIForeground>01</UIForeground>","Gravitational Generators Complete","Thanks to your unceasing efforts, the gravitational generators have been completed. At long last may we begin surveying Shadefleet!","Behold the majesty of gravitational generation─a majesty made possible thanks to our marvelous contributors!","Searchingway",7,False,170,9,0,241080,1579,166,16,6,1,0,0,6,3,4,0,0,0,0,0,0
149,"Preparation for Cosmoliner Beta Construction
<UIForeground>F2023B</UIForeground><UIGlow>F2023C</UIGlow>Complete stellar missions.<UIGlow>01</UIGlow><UIForeground>01</UIForeground>","Preparation for Cosmoliner Beta Construction","We are presently gathering materials to extend the Cosmoliner into Shadefleet. Complete stellar missions to assist in our efforts!","It is high time we extended the Cosmoliner into Shadefleet. To that end, we are presently gathering materials!","Searchingway",7,False,170,10,0,241081,0,166,17,5,1,0,0,6,3,4,0,0,0,0,0,0
150,"Cosmoliner Beta Construction Underway
<UIForeground>F2023B</UIForeground><UIGlow>F2023C</UIGlow>Await the Cosmoliner's completion.<UIGlow>01</UIGlow><UIForeground>01</UIForeground>","Cosmoliner Beta Construction Underway","The Cosmoliner is under construction. Please wait until the extension into Shadefleet is complete!","The expansion of the Cosmoliner into Shadefleet is now underway! Please wait patiently until the necessary safety checks have been completed.","Searchingway",7,False,170,10,0,241081,1452,166,18,5,1,0,0,6,3,4,0,0,0,0,0,0
151,"Cosmoliner Skyborne Site Complete
<UIForeground>F2023B</UIForeground><UIGlow>F2023C</UIGlow>Explore at your leisure until the next project.<UIGlow>01</UIGlow><UIForeground>01</UIForeground>","Cosmoliner Skyborne Site Complete","The Cosmoliner's extension into Shadefleet is complete. Feel free to explore while we prepare for future projects!","With the completion of the Cosmoliner's skyborne site, Shadefleet is now just a short hop away! We thank you all for your cooperation!","Searchingway",8,False,170,10,0,241082,1580,166,19,6,1,0,0,6,3,4,5,0,0,0,0,0
152,"Preparation for Terra Firma Maintenance
<UIForeground>F2023B</UIForeground><UIGlow>F2023C</UIGlow>Complete stellar missions.<UIGlow>01</UIGlow><UIForeground>01</UIForeground>","Preparation for Terra Firma Maintenance","To rescue the Euhedron from its lamentable current state, we must first perform essential maintenance on Terra Firma.","The Euhedron may hold the secrets of this star's former inhabitants. To restore the artifact and recover any information it might hold, we must first service Terra Firma's facilities.","Searchingway",9,True,170,11,0,241083,0,166,20,5,1,0,0,6,3,4,5,0,0,0,0,15
153,"Groundwork for Terra Firma Maintenance
<UIForeground>F2023B</UIForeground><UIGlow>F2023C</UIGlow>Report for duty at the designated time.<UIGlow>01</UIGlow><UIForeground>01</UIForeground>","Groundwork for Terra Firma Maintenance","Planning proceeds apace for the maintenance of Terra Firma. Please await further updates!","The servicing of Terra Firma will commence shortly. Your patience is greatly appreciated!","Searchingway",9,False,170,11,0,241083,1451,166,21,5,1,0,0,6,3,4,5,0,0,0,0,0
154,"Terra Firma Maintenance Underway
<UIForeground>F2023B</UIForeground><UIGlow>F2023C</UIGlow>Participate in ongoing projects.<UIGlow>01</UIGlow><UIForeground>01</UIForeground>","Terra Firma Maintenance Underway","We have commenced servicing Terra Firma. Hop over and help us out!","Come and help us perform essential maintenance on Terra Firma!","Searchingway",9,False,170,11,0,241083,0,0,0,0,1,0,0,6,3,4,5,0,0,0,0,0
155,"Terra Firma Maintenance Complete
<UIForeground>F2023B</UIForeground><UIGlow>F2023C</UIGlow>Explore at your leisure until the next project.<UIGlow>01</UIGlow><UIForeground>01</UIForeground>","Terra Firma Maintenance Complete","Terra Firma servicing is complete! We may now turn our attentions to the mysterious crystal that stands amidst its myriad facilities!","We thank all of our contributors for their aid in servicing Terra Firma!","Searchingway",10,False,170,12,0,241084,1581,166,23,6,2,0,0,6,3,4,5,0,0,0,0,16
156,"Preparation for Euhedron Restoration
<UIForeground>F2023B</UIForeground><UIGlow>F2023C</UIGlow>Complete stellar missions.<UIGlow>01</UIGlow><UIForeground>01</UIForeground>","Preparation for Euhedron Restoration","The Euhedron housed within Terra Firma is in a much degraded state. We are planning vital repair works to restore it to its former glory!","The Euhedron must be restored! We plan to achieve this by calibrating its aetheric conductivity, and are currently gathering resources to facilitate this process.","Searchingway",11,True,170,13,0,241085,0,166,24,5,2,0,0,6,3,4,5,0,0,0,0,17
157,"Groundwork for Euhedron Restoration
<UIForeground>F2023B</UIForeground><UIGlow>F2023C</UIGlow>Report for duty at the designated time.<UIGlow>01</UIGlow><UIForeground>01</UIForeground>","Groundwork for Euhedron Restoration","Planning proceeds apace for the Euhedron's restoration. Please await further updates!","Restoration work on the Euhedron will begin shortly. We hope you can assist our endeavors!","Searchingway",11,False,170,13,0,241085,1451,166,25,5,2,0,0,6,3,4,5,0,0,0,0,0
158,"Euhedron Restoration Underway
<UIForeground>F2023B</UIForeground><UIGlow>F2023C</UIGlow>Participate in ongoing projects.<UIGlow>01</UIGlow><UIForeground>01</UIForeground>","Euhedron Restoration Underway","We have commenced renovation work on the Euhedron. Hop over and help us out!","Come and help us restore the Euhedron to its pristine state!","Searchingway",11,False,170,13,0,241085,0,0,0,0,2,0,0,6,3,4,5,0,0,0,0,0
159,"Euhedron Restoration Complete
<UIForeground>F2023B</UIForeground><UIGlow>F2023C</UIGlow>Explore at your leisure until the next project.<UIGlow>01</UIGlow><UIForeground>01</UIForeground>","Euhedron Restoration Complete","The Euhedron has been restored to its former glory. No doubt our research teams are champing at the bit to begin their analysis!","Thanks to our contributors, the Euhedron positively gleams. Your unwavering efforts are unwaveringly appreciated!","Searchingway",12,False,170,14,0,241086,1582,166,27,6,2,0,0,6,3,4,5,0,0,0,0,18
160,"Preparation for Cosmoport Maintenance
<UIForeground>F2023B</UIForeground><UIGlow>F2023C</UIGlow>Complete stellar missions.<UIGlow>01</UIGlow><UIForeground>01</UIForeground>","Preparation for Cosmoport Maintenance","To improve interstellar logistics and facilitate the smooth transit of goods and minerals to Etheirys, the cosmoport must be renovated! ","To conduct vital maintenance on the cosmoport, we ask that contributors gather the required materials.","Searchingway",13,True,170,15,0,241087,0,166,28,5,2,0,0,6,3,4,5,0,0,0,0,19
161,"Groundwork for Cosmoport Maintenance
<UIForeground>F2023B</UIForeground><UIGlow>F2023C</UIGlow>Report for duty at the designated time.<UIGlow>01</UIGlow><UIForeground>01</UIForeground>","Groundwork for Cosmoport Maintenance","Plans to carry out much-needed maintenance on the cosmoport are almost finalized. Stand by for additional updates!","Once our plans are finalized, we shall soon give the cosmoport the servicing it deserves. Until then, please be patient!","Searchingway",13,False,170,15,0,241087,1451,166,29,5,2,0,0,6,3,4,5,0,0,0,0,0
162,"Cosmoport Maintenance Underway
<UIForeground>F2023B</UIForeground><UIGlow>F2023C</UIGlow>Participate in ongoing projects.<UIGlow>01</UIGlow><UIForeground>01</UIForeground>","Cosmoport Maintenance Underway","Renovation of the cosmoport has commenced. Hop over and help us out!","Come and help us perform essential maintenance on the cosmoport!","Searchingway",13,False,170,15,0,241087,0,0,0,0,2,0,0,6,3,4,5,0,0,0,0,0
163,"Cosmoport Maintenance Complete
<UIForeground>F2023B</UIForeground><UIGlow>F2023C</UIGlow>Explore at your leisure until the next project.<UIGlow>01</UIGlow><UIForeground>01</UIForeground>","Cosmoport Maintenance Complete","Thanks to the tireless efforts of our contributors, the cosmoport once again functions at full capacity. May this underpin our continued research efforts!","We hope the newly restored cosmoport will facilitate faster and more frequent shipments to Etheirys!","Searchingway",14,False,170,16,0,241088,1583,166,31,6,2,0,0,6,3,4,5,0,0,0,0,20
164,"Preparation for Emerald Echoes Excavation
<UIForeground>F2023B</UIForeground><UIGlow>F2023C</UIGlow>Complete stellar missions.<UIGlow>01</UIGlow><UIForeground>01</UIForeground>","Preparation for Emerald Echoes Excavation","Mysterious ruins have been detected in Emerald Echoes. Complete stellar missions to collect the materials necessary for excavation!","We shall need plentiful supplies to excavate the ruins in Emerald Echoes. Contributors, contribute all you can!","Searchingway",15,True,170,17,0,241089,0,166,32,5,2,0,0,6,3,4,5,0,0,0,0,0
165,"Groundwork for Emerald Echoes Excavation
<UIForeground>F2023B</UIForeground><UIGlow>F2023C</UIGlow>Report for duty at the designated time.<UIGlow>01</UIGlow><UIForeground>01</UIForeground>","Groundwork for Emerald Echoes Excavation","Planning proceeds apace for the excavation of Emerald Echoes. Please await further updates!","Excavation of Emerald Echoes will begin in due time. We look forward to your participation!","Searchingway",15,False,170,17,0,241089,1451,166,33,5,2,0,0,6,3,4,5,0,0,0,0,0
166,"Emerald Echoes Excavation Underway
<UIForeground>F2023B</UIForeground><UIGlow>F2023C</UIGlow>Participate in ongoing projects.<UIGlow>01</UIGlow><UIForeground>01</UIForeground>","Emerald Echoes Excavation Underway","We have commenced excavation of Emerald Echoes. Hop over and help us out!","Come and help us discover what mysteries lie in the heart of Emerald Echoes!","Searchingway",15,False,170,17,0,241089,0,0,0,0,2,0,0,6,3,4,5,0,0,0,0,0
167,"Emerald Echoes Excavation Complete
<UIForeground>F2023B</UIForeground><UIGlow>F2023C</UIGlow>Explore at your leisure until the next project.<UIGlow>01</UIGlow><UIForeground>01</UIForeground>","Emerald Echoes Excavation Complete","Thanks to the efforts of all, an entrance to the ruins has been unearthed and the Cosmoliner extended! Feel free to explore while we prepare for future projects.","Not only have we unearthed an entrance in Emerald Echoes, but we extended the Cosmoliner one hop further. Our deepest thanks to all contributors!","Searchingway",16,False,170,18,0,241090,1584,166,35,6,2,0,0,6,3,4,5,0,0,0,0,0
168,"Preparation for Emerald Echoes Exploration
<UIForeground>F2023B</UIForeground><UIGlow>F2023C</UIGlow>Complete stellar missions.<UIGlow>01</UIGlow><UIForeground>01</UIForeground>","Preparation for Emerald Echoes Exploration","The ruins we unearthed appear to be sealed shut. Gather materials via stellar missions to help us open the entrance!","An explorer's solemn duty is to open all doors presented to them. Collect the materials we require to enter the ruins in Emerald Echoes!","Searchingway",17,True,170,19,0,241091,0,166,36,5,2,0,0,6,3,4,5,0,0,0,0,0
169,"Groundwork for Emerald Echoes Exploration
<UIForeground>F2023B</UIForeground><UIGlow>F2023C</UIGlow>Report for duty at the designated time.<UIGlow>01</UIGlow><UIForeground>01</UIForeground>","Groundwork for Emerald Echoes Exploration","The exploration of Emerald Echoes will begin shortly. Thank you for your patience as we solidify our plans!","We are finalizing our plans for a thorough investigation of Emerald Echoes, beginning with the front door. Stand by for updates!","Searchingway",17,False,170,19,0,241091,1451,166,37,5,2,0,0,6,3,4,5,0,0,0,0,0
170,"Emerald Echoes Exploration Underway
<UIForeground>F2023B</UIForeground><UIGlow>F2023C</UIGlow>Participate in ongoing projects.<UIGlow>01</UIGlow><UIForeground>01</UIForeground>","Emerald Echoes Exploration Underway","We have commenced exploration of Emerald Echoes. Hop over and help us out!","Come and help us prise open the ruins in Emerald Echoes!","Searchingway",17,False,170,19,0,241091,0,0,0,0,2,0,0,6,3,4,5,0,0,0,0,0
171,"Emerald Echoes Exploration Complete
<UIForeground>F2023B</UIForeground><UIGlow>F2023C</UIGlow>Explore at your leisure until the next project.<UIGlow>01</UIGlow><UIForeground>01</UIForeground>","Emerald Echoes Exploration Complete","Thanks to the efforts of all, the ruins within Emerald Echoes lie open. While we plan for further investigation, contributors are free to explore to their hearts' content!","We got our foot in the door─quite literally! Now to delve deep into the ruins after some well-deserved rest. Thank you, everyone!","Searchingway",18,False,170,20,0,241092,1585,166,39,6,2,0,0,6,3,4,5,0,0,0,0,0
172,"Preparation for Emerald Echoes Restoration
<UIForeground>F2023B</UIForeground><UIGlow>F2023C</UIGlow>Complete stellar missions.<UIGlow>01</UIGlow><UIForeground>01</UIForeground>","Preparation for Emerald Echoes Restoration","By restoring the ruins in Emerald Echoes, we hope to discover more about this star's esoteric past. Complete stellar missions and help us gather the necessary materials!","If we brush up the ruins, we are bound to discover more about this star's previous inhabitants. Let us ready our supplies for this endeavor!","Searchingway",19,True,170,21,0,241093,0,166,40,5,2,0,0,6,3,4,5,0,0,0,0,0
173,"Groundwork for Emerald Echoes Restoration
<UIForeground>F2023B</UIForeground><UIGlow>F2023C</UIGlow>Report for duty at the designated time.<UIGlow>01</UIGlow><UIForeground>01</UIForeground>","Groundwork for Emerald Echoes Restoration","Restoration of the ruins in Emerald Echoes will soon commence. We ask that all contributors stand by for further updates!","I know everyone is eager to unravel the history of Oizys, but we need just a little more time to finalize our plans. We thank you for your patience!","Searchingway",19,False,170,21,0,241093,1451,166,41,5,2,0,0,6,3,4,5,0,0,0,0,0
174,"Emerald Echoes Restoration Underway
<UIForeground>F2023B</UIForeground><UIGlow>F2023C</UIGlow>Participate in ongoing projects.<UIGlow>01</UIGlow><UIForeground>01</UIForeground>","Emerald Echoes Restoration Underway","We have commenced restoration of the ruins in Emerald Echoes. Hop over and help us out!","Come and help us restore the old ruins in Emerald Echoes to their former glory!","Searchingway",19,False,170,21,0,241093,0,0,0,0,2,0,0,6,3,4,5,0,0,0,0,0
175,"Emerald Echoes Restoration Complete
<UIForeground>F2023B</UIForeground><UIGlow>F2023C</UIGlow>Explore at your leisure until the next project.<UIGlow>01</UIGlow><UIForeground>01</UIForeground>","Emerald Echoes Restoration Complete","Thanks to the efforts of all, the ruins in Emerald Echoes have regained functionality by way of the Guide Stone! We now turn our gaze to the next stages of exploration.","The Guide Stone appears to be functional! We could not have managed such a feat without the help of each and every one of our contributors. A hearty thanks to all!","Searchingway",20,False,170,22,0,241094,1586,166,43,6,2,0,0,6,3,4,5,0,0,0,0,0
176,"Preparation for Reawakening the Deep Echoes
<UIForeground>F2023B</UIForeground><UIGlow>F2023C</UIGlow>Complete stellar missions.<UIGlow>01</UIGlow><UIForeground>01</UIForeground>","Preparation for Reawakening the Deep Echoes","Much like the Euhedron of days past, the crystalline structure in the depths of Emerald Echoes is in a sorry state. We shall need to brush off the dust and breathe life back into its facets!","We have discovered a degraded crystalline structure in need of some loving care. Let us do as we did for the Euhedron and restore its aetheric conductivity!","Searchingway",21,True,170,23,0,241095,0,166,44,5,2,0,0,6,3,4,5,0,0,0,0,0
177,"Groundwork for Reawakening the Deep Echoes
<UIForeground>F2023B</UIForeground><UIGlow>F2023C</UIGlow>Report for duty at the designated time.<UIGlow>01</UIGlow><UIForeground>01</UIForeground>","Groundwork for Reawakening the Deep Echoes","Our plans to stir awake the echoes of an ancient past are proceeding apace. We thank you for your patience and look forward to your future participation!","We must be meticulous in our planning if we hope to successfully rouse this ancient crystal. Woe betide us all should it wake up grumpy...","Searchingway",21,False,170,23,0,241095,1451,166,45,5,2,0,0,6,3,4,5,0,0,0,0,0
178,"Reawakening the Deep Echoes Underway
<UIForeground>F2023B</UIForeground><UIGlow>F2023C</UIGlow>Participate in ongoing projects.<UIGlow>01</UIGlow><UIForeground>01</UIForeground>","Reawakening the Deep Echoes Underway","We have commenced the reawakening of the crystalline structure in Emerald Echoes. Hop over and help us out!","Come and help us revive the echoes of a long-forgotten past!","Searchingway",21,False,170,23,0,241095,0,0,0,0,2,0,0,6,3,4,5,0,0,0,0,0
179,"Reawakening the Deep Echoes Complete
<UIForeground>F2023B</UIForeground><UIGlow>F2023C</UIGlow>Explore at your leisure until the next project.<UIGlow>01</UIGlow><UIForeground>01</UIForeground>","Reawakening the Deep Echoes Complete","Thanks to the efforts of all, the Metahedron has been reawakened in Desert Burrow! Feel free to explore as we prepare for future projects.","The Metahedron has been successfully reawakened, rendering these ruins into a proper Desert Burrow. I wouldn't mind burrowing a bit myself after all that effort!","Searchingway",22,False,170,24,0,241096,1587,166,47,6,2,0,0,6,3,4,5,0,0,0,0,0
180,"Preparation for Cosmoliner Gamma Construction
<UIForeground>F2023B</UIForeground><UIGlow>F2023C</UIGlow>Complete stellar missions.<UIGlow>01</UIGlow><UIForeground>01</UIForeground>","Preparation for Cosmoliner Gamma Construction","We are presently gathering materials for a subterranean Cosmoliner extension. Complete stellar missions to assist in our efforts.","A subterranean extension of the Cosmoliner will not only expedite exploration but provide substantial relief to all knees. Assist us by completing stellar missions!","Searchingway",22,False,170,25,0,241097,0,166,48,5,2,0,0,6,3,4,5,0,0,0,0,0
181,"Cosmoliner Gamma Construction Underway
<UIForeground>F2023B</UIForeground><UIGlow>F2023C</UIGlow>Await the Cosmoliner's completion.<UIGlow>01</UIGlow><UIForeground>01</UIForeground>","Cosmoliner Gamma Construction Underway","The Cosmoliner is under construction. Please wait until the subterranean site is complete!","The subterranean site of the Cosmoliner is now under construction! Please wait until the last of our safety checks have been completed.","Searchingway",22,False,170,25,0,241097,1452,166,49,5,2,0,0,6,3,4,5,0,0,0,0,0
182,"Cosmoliner Subterranean Site Complete
<UIForeground>F2023B</UIForeground><UIGlow>F2023C</UIGlow>Explore at your leisure until the next project.<UIGlow>01</UIGlow><UIForeground>01</UIForeground>","Cosmoliner Subterranean Site Complete","Thanks to the efforts of all, the Cosmoliner now extends deep into Emerald Echoes. Enjoy exploring Oizys while we prepare for future projects!","With the Cosmoliner complete upon Oizys, we have achieved peak accessibility for all our contributors. Allow me to extend my deepest gratitude for your assistance!","Searchingway",23,False,170,25,0,241098,1588,166,50,6,2,0,0,6,3,4,5,0,0,0,0,0
183,"Preparation for Refirming Terra Firma
<UIForeground>F2023B</UIForeground><UIGlow>F2023C</UIGlow>Complete stellar missions.<UIGlow>01</UIGlow><UIForeground>01</UIForeground>","Preparation for Refirming Terra Firma","Terra Firma will need to be upgraded in order to receive data from the Metahedron. We ask all contributors to gather materials by way of stellar missions!","Transferring data from the Metahedron necessitates that our Terra Firma be as firm as possible. Time to gather materials for facility upgrades!","Searchingway",24,True,170,26,0,241099,0,166,51,5,2,0,0,6,3,4,5,0,0,0,0,30
184,"Groundwork for Refirming Terra Firma
<UIForeground>F2023B</UIForeground><UIGlow>F2023C</UIGlow>Report for duty at the designated time.<UIGlow>01</UIGlow><UIForeground>01</UIForeground>","Groundwork for Refirming Terra Firma","Plans are in place for refirming Terra Firma. We look forward to the participation of all available contributors!","Construction on Terra Firma will begin shortly! Just <Emphasis>firm</Emphasis>ing up the details, so to speak.","Searchingway",24,False,170,26,0,241099,1451,166,52,5,2,0,0,6,3,4,5,0,0,0,0,0
185,"Refirming Terra Firma Underway
<UIForeground>F2023B</UIForeground><UIGlow>F2023C</UIGlow>Participate in ongoing projects.<UIGlow>01</UIGlow><UIForeground>01</UIForeground>","Refirming Terra Firma Underway","We have commenced the enhancement of Terra Firma. Hop over and help us out!","Come and help us reaffirm the firmness of Terra Firma!","Searchingway",24,False,170,26,0,241099,0,0,0,0,2,0,0,6,3,4,5,0,0,0,0,0
186,"Refirming Terra Firma Complete
<UIForeground>F2023B</UIForeground><UIGlow>F2023C</UIGlow>Explore at your leisure until the next project.<UIGlow>01</UIGlow><UIForeground>01</UIForeground>","Refirming Terra Firma Complete","Thanks to the efforts of all, Terra Firma is now well equipped to receive transmissions from the Metahedron. Enjoy exploring while we prepare for future projects!","Never have I seen firmer terra than our Terra Firma! We should be more than capable of receiving data from the Metahedron now.","Searchingway",25,False,170,27,0,241100,1589,166,54,6,2,0,0,6,3,4,5,0,0,34,35,31
187,"Preparation for Euhedron Activation Protocols
<UIForeground>F2023B</UIForeground><UIGlow>F2023C</UIGlow>Complete stellar missions.<UIGlow>01</UIGlow><UIForeground>01</UIForeground>","Preparation for Euhedron Activation Protocols","We plan to transfer data from Emerald Echoes to the Euhedron by way of a giant transmission tower built atop Terra Firma! Contributors are asked to collect materials by participating in stellar missions.","We require materials for data receptors built atop Terra Firma. The taller our tower, the truer the transit of technological transmissions!","Searchingway",26,True,170,28,0,241101,0,166,55,5,2,0,0,6,3,4,5,0,0,34,35,0
188,"Groundwork for Euhedron Activation Protocols
<UIForeground>F2023B</UIForeground><UIGlow>F2023C</UIGlow>Report for duty at the designated time.<UIGlow>01</UIGlow><UIForeground>01</UIForeground>","Groundwork for Euhedron Activation Protocols","Materials for the transmission tower have been collected and plans for construction are under final review. We appreciate your patience!","Just think─once our tower is built, the Euhedron may receive all sorts of data from Emerald Echoes! But our plans must be finalized first. Patience is key!","Searchingway",26,False,170,28,203,241101,1451,166,56,5,2,0,0,6,3,4,5,0,0,34,35,0
189,"Euhedron Activation Protocols Underway
<UIForeground>F2023B</UIForeground><UIGlow>F2023C</UIGlow>Participate in ongoing projects.<UIGlow>01</UIGlow><UIForeground>01</UIForeground>","Euhedron Activation Protocols Underway","We have commenced the construction of a transmission tower atop Terra Firma. Hop over and help us out!","Come and help us construct a transmission tower atop Terra Firma!","Searchingway",26,False,170,28,203,241101,0,0,0,0,2,0,0,6,3,4,5,0,0,34,35,0
190,"Euhedron Activation Protocols Complete
<UIForeground>F2023B</UIForeground><UIGlow>F2023C</UIGlow>Prepare for future exploration.<UIGlow>01</UIGlow><UIForeground>01</UIForeground>","Euhedron Activation Protocols Complete","Thanks to the efforts of all, the Orthostat Tower now crowns Terra Firma, allowing the transmission of data from Emerald Echoes. Take pride in all you have accomplished on Oizys!","The Orthostat Tower is a triumph of time and effort. From the bottom of our hearts, we thank all the hardworking contributors who have realized this monumental task!","Searchingway",27,False,170,29,0,241102,1590,166,58,6,2,0,0,6,3,4,5,0,0,34,35,33
191,"Oizys Development Initiative Complete
<UIForeground>F2023B</UIForeground><UIGlow>F2023C</UIGlow>Prepare for future exploration.<UIGlow>01</UIGlow><UIForeground>01</UIForeground>","Oizys Development Initiative Complete","The Cosmic Exploration Initiative has made incredible progress on Oizys. We thank you for all your hard work!","Thanks to one and all, our work here on Oizys has culminated in significant progress for the Cosmic Exploration Initiative. Why not take some time to relax?","Searchingway",27,False,170,30,0,241103,0,166,59,5,2,0,0,6,3,4,5,0,0,34,35,0
192,"","","","","",0,False,0,0,0,0,0,0,0,0,0,0,0,0,0,0,0,0,0,0,0,0
193,"","","","","",0,False,0,0,0,0,0,0,0,0,0,0,0,0,0,0,0,0,0,0,0,0
194,"","","","","",0,False,0,0,0,0,0,0,0,0,0,0,0,0,0,0,0,0,0,0,0,0
195,"","","","","",0,False,0,0,0,0,0,0,0,0,0,0,0,0,0,0,0,0,0,0,0,0
196,"","","","","",0,False,0,0,0,0,0,0,0,0,0,0,0,0,0,0,0,0,0,0,0,0
197,"","","","","",0,False,0,0,0,0,0,0,0,0,0,0,0,0,0,0,0,0,0,0,0,0
198,"","","","","",0,False,0,0,0,0,0,0,0,0,0,0,0,0,0,0,0,0,0,0,0,0
199,"","","","","",0,False,0,0,0,0,0,0,0,0,0,0,0,0,0,0,0,0,0,0,0,0
200,"","","","","",0,False,0,0,0,0,0,0,0,0,0,0,0,0,0,0,0,0,0,0,0,0
201,"","","","","",0,False,0,0,0,0,0,0,0,0,0,0,0,0,0,0,0,0,0,0,0,0
202,"","","","","",0,False,0,0,0,0,0,0,0,0,0,0,0,0,0,0,0,0,0,0,0,0
203,"","","","","",0,False,0,0,0,0,0,0,0,0,0,0,0,0,0,0,0,0,0,0,0,0
204,"","","","","",0,False,0,0,0,0,0,0,0,0,0,0,0,0,0,0,0,0,0,0,0,0
205,"","","","","",0,False,0,0,0,0,0,0,0,0,0,0,0,0,0,0,0,0,0,0,0,0
206,"","","","","",0,False,0,0,0,0,0,0,0,0,0,0,0,0,0,0,0,0,0,0,0,0
207,"","","","","",0,False,0,0,0,0,0,0,0,0,0,0,0,0,0,0,0,0,0,0,0,0
208,"","","","","",0,False,0,0,0,0,0,0,0,0,0,0,0,0,0,0,0,0,0,0,0,0
209,"","","","","",0,False,0,0,0,0,0,0,0,0,0,0,0,0,0,0,0,0,0,0,0,0
210,"","","","","",0,False,0,0,0,0,0,0,0,0,0,0,0,0,0,0,0,0,0,0,0,0
211,"","","","","",0,False,0,0,0,0,0,0,0,0,0,0,0,0,0,0,0,0,0,0,0,0
212,"","","","","",0,False,0,0,0,0,0,0,0,0,0,0,0,0,0,0,0,0,0,0,0,0
213,"","","","","",0,False,0,0,0,0,0,0,0,0,0,0,0,0,0,0,0,0,0,0,0,0
214,"","","","","",0,False,0,0,0,0,0,0,0,0,0,0,0,0,0,0,0,0,0,0,0,0
215,"","","","","",0,False,0,0,0,0,0,0,0,0,0,0,0,0,0,0,0,0,0,0,0,0
216,"","","","","",0,False,0,0,0,0,0,0,0,0,0,0,0,0,0,0,0,0,0,0,0,0
217,"","","","","",0,False,0,0,0,0,0,0,0,0,0,0,0,0,0,0,0,0,0,0,0,0
218,"","","","","",0,False,0,0,0,0,0,0,0,0,0,0,0,0,0,0,0,0,0,0,0,0
219,"","","","","",0,False,0,0,0,0,0,0,0,0,0,0,0,0,0,0,0,0,0,0,0,0
220,"","","","","",0,False,0,0,0,0,0,0,0,0,0,0,0,0,0,0,0,0,0,0,0,0
221,"","","","","",0,False,0,0,0,0,0,0,0,0,0,0,0,0,0,0,0,0,0,0,0,0
222,"","","","","",0,False,0,0,0,0,0,0,0,0,0,0,0,0,0,0,0,0,0,0,0,0
223,"","","","","",0,False,0,0,0,0,0,0,0,0,0,0,0,0,0,0,0,0,0,0,0,0
224,"","","","","",0,False,0,0,0,0,0,0,0,0,0,0,0,0,0,0,0,0,0,0,0,0
225,"","","","","",0,False,0,0,0,0,0,0,0,0,0,0,0,0,0,0,0,0,0,0,0,0
226,"","","","","",0,False,0,0,0,0,0,0,0,0,0,0,0,0,0,0,0,0,0,0,0,0
227,"","","","","",0,False,0,0,0,0,0,0,0,0,0,0,0,0,0,0,0,0,0,0,0,0
228,"","","","","",0,False,0,0,0,0,0,0,0,0,0,0,0,0,0,0,0,0,0,0,0,0
229,"","","","","",0,False,0,0,0,0,0,0,0,0,0,0,0,0,0,0,0,0,0,0,0,0
230,"","","","","",0,False,0,0,0,0,0,0,0,0,0,0,0,0,0,0,0,0,0,0,0,0
231,"","","","","",0,False,0,0,0,0,0,0,0,0,0,0,0,0,0,0,0,0,0,0,0,0
232,"","","","","",0,False,0,0,0,0,0,0,0,0,0,0,0,0,0,0,0,0,0,0,0,0
233,"","","","","",0,False,0,0,0,0,0,0,0,0,0,0,0,0,0,0,0,0,0,0,0,0
234,"","","","","",0,False,0,0,0,0,0,0,0,0,0,0,0,0,0,0,0,0,0,0,0,0
235,"","","","","",0,False,0,0,0,0,0,0,0,0,0,0,0,0,0,0,0,0,0,0,0,0
236,"","","","","",0,False,0,0,0,0,0,0,0,0,0,0,0,0,0,0,0,0,0,0,0,0
237,"","","","","",0,False,0,0,0,0,0,0,0,0,0,0,0,0,0,0,0,0,0,0,0,0
238,"","","","","",0,False,0,0,0,0,0,0,0,0,0,0,0,0,0,0,0,0,0,0,0,0
239,"","","","","",0,False,0,0,0,0,0,0,0,0,0,0,0,0,0,0,0,0,0,0,0,0
240,"","","","","",0,False,0,0,0,0,0,0,0,0,0,0,0,0,0,0,0,0,0,0,0,0
241,"","","","","",0,False,0,0,0,0,0,0,0,0,0,0,0,0,0,0,0,0,0,0,0,0
242,"","","","","",0,False,0,0,0,0,0,0,0,0,0,0,0,0,0,0,0,0,0,0,0,0
243,"","","","","",0,False,0,0,0,0,0,0,0,0,0,0,0,0,0,0,0,0,0,0,0,0
244,"","","","","",0,False,0,0,0,0,0,0,0,0,0,0,0,0,0,0,0,0,0,0,0,0
245,"","","","","",0,False,0,0,0,0,0,0,0,0,0,0,0,0,0,0,0,0,0,0,0,0
246,"","","","","",0,False,0,0,0,0,0,0,0,0,0,0,0,0,0,0,0,0,0,0,0,0
247,"","","","","",0,False,0,0,0,0,0,0,0,0,0,0,0,0,0,0,0,0,0,0,0,0
248,"","","","","",0,False,0,0,0,0,0,0,0,0,0,0,0,0,0,0,0,0,0,0,0,0
249,"","","","","",0,False,0,0,0,0,0,0,0,0,0,0,0,0,0,0,0,0,0,0,0,0
250,"","","","","",0,False,0,0,0,0,0,0,0,0,0,0,0,0,0,0,0,0,0,0,0,0
251,"","","","","",0,False,0,0,0,0,0,0,0,0,0,0,0,0,0,0,0,0,0,0,0,0
252,"","","","","",0,False,0,0,0,0,0,0,0,0,0,0,0,0,0,0,0,0,0,0,0,0
253,"","","","","",0,False,0,0,0,0,0,0,0,0,0,0,0,0,0,0,0,0,0,0,0,0
254,"","","","","",0,False,0,0,0,0,0,0,0,0,0,0,0,0,0,0,0,0,0,0,0,0
255,"","","","","",0,False,0,0,0,0,0,0,0,0,0,0,0,0,0,0,0,0,0,0,0,0
